passengers	seats	code_dep	code_arr
91.19	175.152	FI_EFHK	BE_EBBR
82.024	150.732	FI_EFHK	CH_LSZH
41.087	74.961	FI_EFHK	CZ_LKPR
140.039	307.051	FI_EFHK	DE_EDDF
72.901	147.707	FI_EFHK	DE_EDDH
50.326	98.064	FI_EFHK	DE_EDDL
45.752	47.567	FI_EFHK	DE_EDDM
188.206	397.638	FI_EFHK	DK_EKCH
90.025	33.463	FI_EFHK	EE_EETN
41.149	46.304	FI_EFHK	EL_LGRP
109.389	111.247	FI_EFHK	ES_GCLP
70.44	76.87	FI_EFHK	ES_GCTS
58.336	63.439	FI_EFHK	ES_LEMG
77.28	94.788	FI_EFHK	FI_EFIV
75.801	69.452	FI_EFHK	FI_EFJO
114.65	98.307	FI_EFHK	FI_EFJY
46.051	86.925	FI_EFHK	FI_EFKE
60.123	72.255	FI_EFHK	FI_EFKI
51.805	94.06	FI_EFHK	FI_EFKK
45.147	62.309	FI_EFHK	FI_EFKS
48.606	72.137	FI_EFHK	FI_EFKT
136.919	214.08	FI_EFHK	FI_EFKU
39.644	9.114	FI_EFHK	FI_EFLP
308.021	563.736	FI_EFHK	FI_EFOU
140.584	184.89	FI_EFHK	FI_EFRO
51.812	51.186	FI_EFHK	FI_EFTP
102.191	106.537	FI_EFHK	FI_EFTU
96.936	122.442	FI_EFHK	FI_EFVA
95.537	156.052	FI_EFHK	FR_LFPG
57.61	87.74	FI_EFHK	HU_LHBP
120.792	285.361	FI_EFHK	NL_EHAM
48.824	100.369	FI_EFHK	NO_ENFB
39.823	89.081	FI_EFHK	PL_EPWA
41.488	63.189	FI_EFHK	RU_ULLI
58.042	121.827	FI_EFHK	RU_UUEE
38.453	68.732	FI_EFHK	SE_ESGG
463.511	968.695	FI_EFHK	SE_ESSA
43.373	62.4	FI_EFHK	TH_VTBD
41.388	43.86	FI_EFHK	TR_LTAI
39.296	87.564	FI_EFHK	UK_EGKK
182.714	304.539	FI_EFHK	UK_EGLL
98.636	155.6	FI_EFHK	US_KJFK
40.846	60.084	FI_EFIV	FI_EFHK
17.825	40.554	FI_EFIV	FI_EFKT
80.564	72.865	FI_EFJO	FI_EFHK
103.036	98.948	FI_EFJY	FI_EFHK
48.337	106.317	FI_EFKE	FI_EFHK
8.361	32.724	FI_EFKE	FI_EFOU
6.572	20.742	FI_EFKE	FI_EFRO
59.761	72.162	FI_EFKI	FI_EFHK
54.154	74.397	FI_EFKK	FI_EFHK
8.521	18.96	FI_EFKK	FI_EFVA
43.922	61.841	FI_EFKS	FI_EFHK
59.987	103.721	FI_EFKT	FI_EFHK
3.112	7.56	FI_EFKT	FI_EFIV
130.949	209.31	FI_EFKU	FI_EFHK
36.245	10.461	FI_EFLP	FI_EFHK
53.475	16.056	FI_EFMA	FI_EFTU
292.476	524.268	FI_EFOU	FI_EFHK
15.709	70.761	FI_EFOU	FI_EFRO
21.918	43.742	FI_EFOU	SE_ESSA
34.558	5.244	FI_EFPO	FI_EFHK
10.007	0.012	FI_EFPO	SE_ESSA
127.463	220.073	FI_EFRO	FI_EFHK
18.181	38.772	FI_EFRO	FI_EFKE
8.256	25.174	FI_EFRO	FI_EFOU
56.962	54.812	FI_EFTP	FI_EFHK
40.232	42.896	FI_EFTP	SE_ESSA
94.43	68.447	FI_EFTU	FI_EFHK
52.043	16.122	FI_EFTU	FI_EFMA
80.421	187.598	FI_EFTU	SE_ESSA
88.603	123.3	FI_EFVA	FI_EFHK
17.805	15.192	FI_EFVA	FI_EFKK
47.762	69.848	FI_EFVA	SE_ESSA
11.293	26.929	AT_LOWG	AT_LOWS
47.888	78.382	AT_LOWG	AT_LOWW
37.759	65.99	AT_LOWG	CH_LSZH
73.542	131.308	AT_LOWG	DE_EDDF
8.689	25.049	AT_LOWG	DE_EDDM
11.956	15.337	AT_LOWG	EL_LGIR
7.566	11.19	AT_LOWG	ES_GCTS
10.028	15.752	AT_LOWG	ES_LEPA
8.722	14.228	AT_LOWG	TN_DTMB
14.171	17.453	AT_LOWG	TR_LTAI
13.942	35.731	AT_LOWI	AT_LOWS
61.299	99.523	AT_LOWI	AT_LOWW
28.41	54.663	AT_LOWI	CH_LSZH
29.722	55.107	AT_LOWI	DE_EDDF
8.226	11.221	AT_LOWI	EL_LGIR
9.157	12.496	AT_LOWI	TN_DTMB
15.524	21.116	AT_LOWI	TR_LTAI
14.263	16.518	AT_LOWI	UK_EGCC
20.711	23.352	AT_LOWI	UK_EGKK
51.958	85.009	AT_LOWK	AT_LOWW
16.212	28.383	AT_LOWK	CH_LSZH
16.836	32.936	AT_LOWK	DE_EDDF
22.774	51.614	AT_LOWL	AT_LOWW
29.679	83.032	AT_LOWL	CH_LSZH
75.684	155.924	AT_LOWL	DE_EDDF
13.834	37.163	AT_LOWL	DE_EDDL
17.288	21.518	AT_LOWL	EL_LGIR
8.051	10.098	AT_LOWL	EL_LGKO
10.867	13.483	AT_LOWL	EL_LGRP
10.234	13.099	AT_LOWL	ES_GCLP
8.122	10.937	AT_LOWL	ES_GCTS
14.228	21.041	AT_LOWL	ES_LEPA
11.986	20.875	AT_LOWL	TN_DTMB
25.681	38.898	AT_LOWL	TR_LTAI
29.729	58.116	AT_LOWS	AT_LOWW
15.819	32.726	AT_LOWS	BE_EBBS
44.488	108.477	AT_LOWS	CH_LSZH
69.35	117.409	AT_LOWS	DE_EDDF
17.568	38.876	AT_LOWS	DE_EDDL
13.379	15.993	AT_LOWS	EL_LGIR
14.72	19.1	AT_LOWS	ES_GCLP
10.783	15.32	AT_LOWS	ES_GCTS
16.204	23.196	AT_LOWS	ES_LEPA
13.0	21.637	AT_LOWS	FR_LFPO
23.655	57.058	AT_LOWS	NL_EHAM
11.957	16.816	AT_LOWS	TN_DTMB
25.406	42.997	AT_LOWS	TR_LTAI
14.824	17.48	AT_LOWS	UK_EGBB
22.633	26.508	AT_LOWS	UK_EGCC
54.966	66.492	AT_LOWS	UK_EGKK
44.453	78.623	AT_LOWW	AT_LOWG
61.523	101.426	AT_LOWW	AT_LOWI
50.287	84.184	AT_LOWW	AT_LOWK
146.73	221.448	AT_LOWW	BE_EBBS
42.291	82.147	AT_LOWW	BG_LBSF
44.931	77.817	AT_LOWW	CH_LSGG
213.457	378.83	AT_LOWW	CH_LSZH
56.17	99.807	AT_LOWW	CZ_LKPR
284.18	435.513	AT_LOWW	DE_EDDF
58.811	99.399	AT_LOWW	DE_EDDH
39.319	69.911	AT_LOWW	DE_EDDK
108.719	173.36	AT_LOWW	DE_EDDL
165.076	302.8	AT_LOWW	DE_EDDM
52.625	81.867	AT_LOWW	DE_EDDS
68.022	100.531	AT_LOWW	DE_EDDT
101.888	154.094	AT_LOWW	DK_EKCH
74.718	111.059	AT_LOWW	EL_LGAT
43.506	49.04	AT_LOWW	EL_LGIR
48.245	67.249	AT_LOWW	EL_LGTS
59.802	89.489	AT_LOWW	ES_LEBL
50.937	87.038	AT_LOWW	ES_LEMD
44.294	56.338	AT_LOWW	ES_LEPA
254.989	421.503	AT_LOWW	FR_LFPG
50.538	84.33	AT_LOWW	HU_LHBP
60.948	86.194	AT_LOWW	IL_LLBG
86.928	149.043	AT_LOWW	IT_LIML
84.736	136.192	AT_LOWW	IT_LIRF
64.434	60.825	AT_LOWW	MK_LWSK
72.998	101.888	AT_LOWW	MY_WMKK
194.7	299.849	AT_LOWW	NL_EHAM
65.996	109.103	AT_LOWW	PL_EPWA
41.245	94.906	AT_LOWW	RO_LROP
64.766	113.01	AT_LOWW	RU_UUEE
77.742	118.411	AT_LOWW	SE_ESSA
71.314	95.844	AT_LOWW	TH_VTBD
39.676	47.882	AT_LOWW	TN_DTMB
73.93	87.284	AT_LOWW	TR_LTAI
103.859	158.498	AT_LOWW	TR_LTBA
39.315	71.86	AT_LOWW	UA_UKBB
313.053	412.44	AT_LOWW	UK_EGGG
88.661	132.128	AT_LOWW	UK_EGKK
61.151	77.387	AT_LOWW	US_KATL
87.123	108.181	AT_LOWW	US_KJFK
38.26	47.115	AT_LOWW	ZA_FAJS
21.954	28.27	UK_EGAA	CA_CYYZ
25.935	26.687	UK_EGAA	ES_GCLP
24.739	25.246	UK_EGAA	ES_GCRR
33.584	34.467	UK_EGAA	ES_GCTS
12.022	13.008	UK_EGAA	ES_LEIB
18.662	19.844	UK_EGAA	ES_LEMG
54.278	56.843	UK_EGAA	ES_LEPA
15.933	16.724	UK_EGAA	ES_LERS
26.632	80.58	UK_EGAA	IE_EINN
61.119	102.225	UK_EGAA	NL_EHAM
11.687	11.933	UK_EGAA	PT_LPFR
86.621	163.57	UK_EGAA	UK_EGBB
80.211	132.998	UK_EGAA	UK_EGCC
24.406	37.444	UK_EGAA	UK_EGGW
582.22	798.987	UK_EGAA	UK_EGLL
33.226	69.381	UK_EGAA	UK_EGNX
27.198	42.686	UK_EGAA	UK_EGPF
66.444	127.142	UK_EGAA	UK_EGSS
2.172	3.383	UK_EGAA	US_KJFK
25.023	28.7	UK_EGAA	US_KSFB
98.989	153.901	UK_EGAC	UK_EGBB
64.744	89.036	UK_EGAC	UK_EGCC
17.686	29.332	UK_EGAC	UK_EGGD
30.235	41.239	UK_EGAC	UK_EGGP
12.754	15.906	UK_EGAC	UK_EGGW
13.87	22.904	UK_EGAC	UK_EGHI
126.083	180.121	UK_EGAC	UK_EGKK
42.91	69.759	UK_EGAC	UK_EGNM
29.028	42.874	UK_EGAC	UK_EGNS
41.582	77.412	UK_EGAC	UK_EGNT
44.845	64.48	UK_EGAC	UK_EGPF
37.823	57.025	UK_EGAC	UK_EGPH
24.075	39.407	UK_EGAC	UK_EGPK
28.603	42.018	UK_EGAC	UK_EGSS
99.093	213.256	UK_EGBB	BE_EBBR
41.102	46.069	UK_EGBB	CY_LCPH
107.298	193.672	UK_EGBB	DE_EDDF
104.501	179.538	UK_EGBB	DE_EDDL
55.81	97.758	UK_EGBB	DE_EDDM
55.766	51.644	UK_EGBB	ES_GCLP
58.612	51.281	UK_EGBB	ES_GCRR
119.838	111.071	UK_EGBB	ES_GCTS
68.225	67.441	UK_EGBB	ES_LEAL
56.665	57.23	UK_EGBB	ES_LEIB
88.395	85.614	UK_EGBB	ES_LEMG
46.192	43.519	UK_EGBB	ES_LEMH
157.293	148.551	UK_EGBB	ES_LEPA
213.083	339.801	UK_EGBB	FR_LFPG
304.662	394.083	UK_EGBB	IE_EIDW
39.119	81.542	UK_EGBB	IT_LIML
189.421	327.081	UK_EGBB	NL_EHAM
70.376	63.908	UK_EGBB	PT_LPFR
85.493	163.915	UK_EGBB	UK_EGAA
96.463	151.543	UK_EGBB	UK_EGAC
37.565	56.297	UK_EGBB	UK_EGJJ
163.159	302.573	UK_EGBB	UK_EGPF
157.482	245.328	UK_EGBB	UK_EGPH
57.415	74.15	UK_EGBB	US_KEWR
47.733	60.27	UK_EGBB	US_KORD
38.89	42.422	UK_EGBB	US_KSFB
154.501	344.573	UK_EGCC	BE_EBBR
69.457	83.422	UK_EGCC	CA_CYYZ
92.42	176.183	UK_EGCC	CH_LSZH
127.194	143.382	UK_EGCC	CY_LCLK
123.789	143.566	UK_EGCC	CY_LCPH
138.266	268.147	UK_EGCC	DE_EDDF
82.825	177.008	UK_EGCC	DE_EDDL
46.397	77.581	UK_EGCC	DE_EDDM
76.563	117.18	UK_EGCC	DK_EKCH
38.82	44.734	UK_EGCC	DO_MDPP
73.181	73.16	UK_EGCC	EL_LGIR
46.1	48.84	UK_EGCC	EL_LGKO
102.707	103.639	UK_EGCC	EL_LGKR
87.327	90.061	UK_EGCC	EL_LGRP
68.164	66.106	UK_EGCC	EL_LGZA
91.409	94.032	UK_EGCC	ES_GCFV
188.129	187.685	UK_EGCC	ES_GCLP
182.143	176.634	UK_EGCC	ES_GCRR
417.151	421.725	UK_EGCC	ES_GCTS
315.638	323.673	UK_EGCC	ES_LEAL
54.832	54.722	UK_EGCC	ES_LEGE
176.227	191.228	UK_EGCC	ES_LEIB
45.539	80.031	UK_EGCC	ES_LEMD
308.527	313.028	UK_EGCC	ES_LEMG
133.177	142.682	UK_EGCC	ES_LEMH
424.513	444.687	UK_EGCC	ES_LEPA
68.027	68.429	UK_EGCC	ES_LERS
255.179	405.299	UK_EGCC	FR_LFPG
316.856	420.062	UK_EGCC	IE_EIDW
107.838	111.542	UK_EGCC	MT_LMML
309.301	537.903	UK_EGCC	NL_EHAM
83.87	104.067	UK_EGCC	PK_OPRN
215.035	214.388	UK_EGCC	PT_LPFR
46.513	83.749	UK_EGCC	SE_ESSA
61.619	63.761	UK_EGCC	TN_DTMB
163.266	161.778	UK_EGCC	TR_LTBS
76.035	83.185	UK_EGCC	TR_LTBV
76.878	76.807	UK_EGCC	TR_LTFE
79.519	132.002	UK_EGCC	UK_EGAA
64.637	89.467	UK_EGCC	UK_EGAC
51.242	60.392	UK_EGCC	UK_EGJJ
286.948	473.733	UK_EGCC	UK_EGKK
564.145	972.28	UK_EGCC	UK_EGLL
40.594	67.54	UK_EGCC	UK_EGNS
64.396	102.655	UK_EGCC	UK_EGPD
103.199	185.149	UK_EGCC	UK_EGPF
80.799	120.11	UK_EGCC	UK_EGPH
70.475	85.128	UK_EGCC	US_KATL
81.044	104.708	UK_EGCC	US_KEWR
110.978	162.586	UK_EGCC	US_KJFK
61.171	65.282	UK_EGCC	US_KMCO
63.595	73.449	UK_EGCC	US_KORD
188.034	210.321	UK_EGCC	US_KSFB
10.661	11.215	UK_EGFF	EL_LGIR
10.599	11.215	UK_EGFF	EL_LGZA
21.268	22.715	UK_EGFF	ES_GCLP
19.759	21.299	UK_EGFF	ES_GCRR
48.92	50.352	UK_EGFF	ES_GCTS
30.453	31.648	UK_EGFF	ES_LEAL
12.715	13.288	UK_EGFF	ES_LEGE
27.384	28.785	UK_EGFF	ES_LEIB
30.575	32.538	UK_EGFF	ES_LEMG
16.794	17.39	UK_EGFF	ES_LEMH
76.824	80.458	UK_EGFF	ES_LEPA
10.152	10.745	UK_EGFF	ES_LERS
14.501	23.265	UK_EGFF	FR_LFPG
40.78	57.15	UK_EGFF	IE_EIDW
12.942	14.551	UK_EGFF	MT_LMML
53.808	74.165	UK_EGFF	NL_EHAM
14.364	15.116	UK_EGFF	PT_LPFR
16.023	17.005	UK_EGFF	TR_LTBS
4.599	17.546	UK_EGFF	UK_EGGD
13.357	17.742	UK_EGFF	UK_EGJJ
15.747	29.988	UK_EGFF	UK_EGPF
11.041	21.701	UK_EGFF	UK_EGPH
18.952	23.318	UK_EGFF	US_KSFB
39.053	69.899	UK_EGGD	BE_EBBR
13.927	15.055	UK_EGGD	CY_LCLK
13.216	13.981	UK_EGGD	CY_LCPH
11.022	11.677	UK_EGGD	EL_LGIR
14.041	14.884	UK_EGGD	EL_LGKR
13.185	13.84	UK_EGGD	EL_LGZA
32.952	34.344	UK_EGGD	ES_GCLP
31.345	32.3	UK_EGGD	ES_GCRR
42.041	44.097	UK_EGGD	ES_GCTS
30.787	33.299	UK_EGGD	ES_LEAL
25.199	27.035	UK_EGGD	ES_LEIB
32.933	35.254	UK_EGGD	ES_LEMG
24.14	25.489	UK_EGGD	ES_LEMH
70.609	75.282	UK_EGGD	ES_LEPA
33.115	49.56	UK_EGGD	FR_LFPG
97.286	131.341	UK_EGGD	IE_EIDW
10.846	12.493	UK_EGGD	MT_LMML
39.028	51.325	UK_EGGD	NL_EHAM
28.931	31.462	UK_EGGD	PT_LPFR
22.794	24.134	UK_EGGD	TR_LTBS
17.971	30.127	UK_EGGD	UK_EGAC
17.479	35.831	UK_EGGD	UK_EGFF
23.16	52.132	UK_EGGD	UK_EGHD
14.609	19.954	UK_EGGD	UK_EGJJ
10.691	19.023	UK_EGGD	UK_EGNS
32.167	45.7	UK_EGGD	UK_EGNT
49.735	88.427	UK_EGGD	UK_EGPF
52.724	103.631	UK_EGGD	UK_EGPH
21.983	23.517	UK_EGGP	ES_LEAL
23.091	23.482	UK_EGGP	ES_LEPA
35.06	53.576	UK_EGGP	FR_LFMN
85.241	170.072	UK_EGGP	IE_EIDW
34.588	53.824	UK_EGGP	NL_EHAM
29.856	41.362	UK_EGGP	UK_EGAC
132.254	229.671	UK_EGGP	UK_EGNS
48.454	79.928	UK_EGGW	CH_LSGG
30.961	51.554	UK_EGGW	CH_LSZH
33.276	35.883	UK_EGGW	CY_LCLK
52.706	57.291	UK_EGGW	CY_LCPH
36.304	61.801	UK_EGGW	DE_EDDM
30.555	66.286	UK_EGGW	DE_EDLN
36.174	51.347	UK_EGGW	EL_LGAT
36.154	51.404	UK_EGGW	EL_LGAV
25.313	27.298	UK_EGGW	ES_GCFV
36.96	40.333	UK_EGGW	ES_GCLP
37.294	40.487	UK_EGGW	ES_GCRR
68.168	76.122	UK_EGGW	ES_GCTS
56.777	66.526	UK_EGGW	ES_LEAL
121.431	162.563	UK_EGGW	ES_LEBL
30.15	34.312	UK_EGGW	ES_LEIB
34.62	52.078	UK_EGGW	ES_LEMD
74.945	86.855	UK_EGGW	ES_LEMG
47.936	58.154	UK_EGGW	ES_LEMH
127.482	157.841	UK_EGGW	ES_LEPA
133.699	200.751	UK_EGGW	FR_LFMN
23.23	32.899	UK_EGGW	GI_LXGB
149.685	222.99	UK_EGGW	IE_EIDW
31.608	48.632	UK_EGGW	IT_LIRA
20.868	27.111	UK_EGGW	IT_LIRN
100.326	145.939	UK_EGGW	NL_EHAM
30.231	33.564	UK_EGGW	PT_LPFR
25.081	37.592	UK_EGGW	UK_EGAA
34.345	53.28	UK_EGGW	UK_EGPD
40.229	53.243	UK_EGGW	UK_EGPE
133.366	192.796	UK_EGGW	UK_EGPF
152.065	236.685	UK_EGGW	UK_EGPH
10.06	10.801	UK_EGHH	ES_GCTS
10.619	12.58	UK_EGHH	ES_LEAL
20.618	21.644	UK_EGHH	ES_LEPA
40.262	57.486	UK_EGHH	IE_EIDW
16.926	32.78	UK_EGHH	UK_EGPF
10.369	19.317	UK_EGHH	UK_EGPH
10.863	25.169	UK_EGHI	BE_EBBR
28.473	52.844	UK_EGHI	FR_LFPG
9.485	14.856	UK_EGHI	IE_EIDW
20.506	28.084	UK_EGHI	NL_EHAM
13.434	22.788	UK_EGHI	UK_EGAC
27.813	48.226	UK_EGHI	UK_EGCC
15.36	23.664	UK_EGHI	UK_EGJA
72.51	116.153	UK_EGHI	UK_EGJB
77.921	109.861	UK_EGHI	UK_EGJJ
11.959	21.225	UK_EGHI	UK_EGNM
16.063	22.685	UK_EGHI	UK_EGNT
27.406	48.115	UK_EGHI	UK_EGPF
24.553	39.051	UK_EGHI	UK_EGPH
10.554	17.604	UK_EGJJ	FR_LFPG
8.138	14.485	UK_EGJJ	FR_LFRD
6.024	7.422	UK_EGJJ	IE_EIDW
5.625	7.31	UK_EGJJ	PT_LPFU
41.247	44.558	UK_EGKK	AE_OMAA
73.876	96.987	UK_EGKK	AE_OMDB
75.432	88.503	UK_EGKK	AG_TAPA
80.381	97.042	UK_EGKK	AR_SAEZ
55.052	59.275	UK_EGKK	AT_LOWS
87.07	132.228	UK_EGKK	AT_LOWW
158.63	185.519	UK_EGKK	BB_TBPB
121.48	350.537	UK_EGKK	BE_EBBR
87.302	100.781	UK_EGKK	BH_OBBI
39.32	52.057	UK_EGKK	BM_TXKF
47.367	62.957	UK_EGKK	BR_SBGR
38.113	42.547	UK_EGKK	CA_CYYZ
119.415	179.59	UK_EGKK	CH_LSGG
75.221	124.522	UK_EGKK	CH_LSZH
124.518	137.483	UK_EGKK	CY_LCLK
112.233	121.908	UK_EGKK	CY_LCPH
127.785	234.292	UK_EGKK	DE_EDDF
47.897	98.262	UK_EGKK	DE_EDDH
59.802	105.57	UK_EGKK	DE_EDDM
39.611	71.322	UK_EGKK	DE_EDDW
62.84	106.056	UK_EGKK	DK_EKBI
99.441	180.949	UK_EGKK	DK_EKCH
53.671	59.176	UK_EGKK	DO_MDPP
152.351	205.588	UK_EGKK	EL_LGAT
152.349	184.267	UK_EGKK	EL_LGAV
91.037	89.857	UK_EGKK	EL_LGIR
59.084	58.814	UK_EGKK	EL_LGKO
108.982	113.403	UK_EGKK	EL_LGKR
94.35	97.521	UK_EGKK	EL_LGRP
26.5	29.394	UK_EGKK	EL_LGTS
68.029	65.965	UK_EGKK	EL_LGZA
92.946	91.359	UK_EGKK	ES_GCFV
191.853	192.105	UK_EGKK	ES_GCLP
185.018	187.311	UK_EGKK	ES_GCRR
352.066	349.816	UK_EGKK	ES_GCTS
239.541	256.707	UK_EGKK	ES_LEAL
38.406	44.336	UK_EGKK	ES_LEAM
78.665	111.625	UK_EGKK	ES_LEBL
43.334	45.497	UK_EGKK	ES_LEGE
158.619	172.449	UK_EGKK	ES_LEIB
160.199	238.469	UK_EGKK	ES_LEMD
451.64	489.326	UK_EGKK	ES_LEMG
154.814	158.973	UK_EGKK	ES_LEMH
351.714	382.625	UK_EGKK	ES_LEPA
39.431	77.028	UK_EGKK	FI_EFHK
73.62	125.299	UK_EGKK	FR_LFBD
105.361	164.794	UK_EGKK	FR_LFBO
64.624	67.134	UK_EGKK	FR_LFLL
99.252	157.511	UK_EGKK	FR_LFML
165.423	280.391	UK_EGKK	FR_LFPG
62.328	86.362	UK_EGKK	GI_LXGB
52.444	69.417	UK_EGKK	IE_EICK
295.346	370.737	UK_EGKK	IE_EIDW
68.501	113.684	UK_EGKK	IE_EINN
156.988	176.014	UK_EGKK	IL_LLBG
54.364	70.968	UK_EGKK	IT_LIMF
52.436	84.978	UK_EGKK	IT_LIMJ
102.988	156.332	UK_EGKK	IT_LIPN
102.981	155.682	UK_EGKK	IT_LIPX
91.809	172.69	UK_EGKK	IT_LIPZ
93.636	164.334	UK_EGKK	IT_LIRF
131.486	166.07	UK_EGKK	IT_LIRN
138.822	211.443	UK_EGKK	IT_LIRP
49.527	84.42	UK_EGKK	IT_LIRQ
53.325	49.442	UK_EGKK	JM_MKJP
121.444	145.989	UK_EGKK	KE_HKJK
121.444	145.989	UK_EGKK	KE_HKNA
156.004	191.31	UK_EGKK	MT_LMML
36.194	35.572	UK_EGKK	MX_MMUN
229.901	366.246	UK_EGKK	NL_EHAM
53.057	96.219	UK_EGKK	NO_ENFB
305.944	319.167	UK_EGKK	PT_LPFR
67.933	77.185	UK_EGKK	PT_LPFU
67.933	80.576	UK_EGKK	PT_LPMA
55.542	90.938	UK_EGKK	PT_LPPR
52.178	85.861	UK_EGKK	PT_LPPT
96.053	166.513	UK_EGKK	SE_ESSA
78.057	84.933	UK_EGKK	TN_DTMB
143.202	149.515	UK_EGKK	TR_LTBS
57.491	63.024	UK_EGKK	TR_LTBV
57.491	55.699	UK_EGKK	TR_LTFE
137.943	198.23	UK_EGKK	UK_EGAC
291.889	489.101	UK_EGKK	UK_EGCC
139.666	201.82	UK_EGKK	UK_EGJB
171.427	240.912	UK_EGKK	UK_EGJJ
81.303	127.343	UK_EGKK	UK_EGNT
120.636	171.273	UK_EGKK	UK_EGPD
79.088	101.318	UK_EGKK	UK_EGPE
177.442	254.338	UK_EGKK	UK_EGPF
185.122	258.948	UK_EGKK	UK_EGPH
234.915	293.17	UK_EGKK	US_KATL
142.97	188.468	UK_EGKK	US_KBOS
59.099	89.08	UK_EGKK	US_KBWI
65.509	95.533	UK_EGKK	US_KCLT
72.185	91.618	UK_EGKK	US_KCVG
204.601	254.715	UK_EGKK	US_KDFW
92.027	108.96	UK_EGKK	US_KDTW
246.554	333.143	UK_EGKK	US_KEWR
231.924	340.366	UK_EGKK	US_KIAH
66.321	90.551	UK_EGKK	US_KJFK
335.21	338.531	UK_EGKK	US_KMCO
152.38	197.615	UK_EGKK	US_KMIA
75.941	85.17	UK_EGKK	US_KMSP
49.929	69.388	UK_EGKK	US_KPHL
108.815	128.463	UK_EGKK	US_KPHX
46.265	66.757	UK_EGKK	US_KPIT
45.374	60.047	UK_EGKK	US_KRDU
194.582	209.561	UK_EGKK	US_KSFB
79.625	137.288	UK_EGKK	US_KSTL
58.823	50.149	UK_EGKK	US_KTPA
49.787	62.556	UK_EGKK	VE_SVMI
90.555	116.204	UK_EGKK	ZW_FVHA
39.852	70.75	UK_EGLC	BE_EBAW
36.962	73.508	UK_EGLC	BE_EBBR
42.707	80.228	UK_EGLC	CH_LSGG
13.281	20.801	UK_EGLC	CH_LSZB
45.685	74.965	UK_EGLC	CH_LSZH
31.101	53.438	UK_EGLC	DE_EDDF
33.047	60.807	UK_EGLC	DE_EDLN
40.58	94.388	UK_EGLC	FR_LFPG
16.75	52.505	UK_EGLC	FR_LFST
97.932	166.028	UK_EGLC	IE_EIDW
11.999	38.515	UK_EGLC	IT_LIML
81.462	143.047	UK_EGLC	NL_EHAM
40.516	69.088	UK_EGLC	NL_EHRD
10.256	25.824	UK_EGLC	SE_ESGG
20.854	53.796	UK_EGLC	SE_ESMS
11.054	37.048	UK_EGLC	SE_ESSA
20.503	48.45	UK_EGLC	UK_EGCC
58.237	121.476	UK_EGLC	UK_EGPH
91.218	175.079	UK_EGLL	AE_OMAA
305.253	455.842	UK_EGLL	AE_OMDB
312.61	458.475	UK_EGLL	AT_LOWW
526.615	1078.757	UK_EGLL	BE_EBBR
155.504	260.773	UK_EGLL	BH_OBBI
45.067	56.826	UK_EGLL	BR_SBGR
177.331	253.758	UK_EGLL	CA_CYUL
235.307	295.445	UK_EGLL	CA_CYVR
138.536	182.748	UK_EGLL	CA_CYYC
496.293	628.398	UK_EGLL	CA_CYYZ
395.809	620.026	UK_EGLL	CH_LSGG
506.516	753.128	UK_EGLL	CH_LSZH
116.185	234.711	UK_EGLL	CH_LSZM
72.438	131.482	UK_EGLL	CN_ZBAA
184.399	236.744	UK_EGLL	CY_LCLK
225.291	323.903	UK_EGLL	CZ_LKPR
796.167	1211.633	UK_EGLL	DE_EDDF
250.079	429.574	UK_EGLL	DE_EDDH
118.18	215.825	UK_EGLL	DE_EDDK
319.068	521.364	UK_EGLL	DE_EDDL
448.116	678.916	UK_EGLL	DE_EDDM
178.956	278.334	UK_EGLL	DE_EDDS
223.628	346.997	UK_EGLL	DE_EDDT
121.412	195.316	UK_EGLL	DE_EDDV
121.423	184.607	UK_EGLL	DE_EDVV
432.347	659.74	UK_EGLL	DK_EKCH
135.396	236.177	UK_EGLL	EG_HECA
328.9	452.833	UK_EGLL	EL_LGAT
328.887	454.524	UK_EGLL	EL_LGAV
36.071	60.261	UK_EGLL	ES_LEAL
109.539	186.442	UK_EGLL	ES_LEBB
295.803	403.952	UK_EGLL	ES_LEBL
429.189	643.084	UK_EGLL	ES_LEMD
79.214	108.636	UK_EGLL	ES_LEMG
189.204	275.336	UK_EGLL	FI_EFHK
51.702	105.26	UK_EGLL	FR_LFBO
143.417	244.834	UK_EGLL	FR_LFLL
285.591	398.43	UK_EGLL	FR_LFMN
892.395	1485.971	UK_EGLL	FR_LFPG
226.151	378.092	UK_EGLL	FR_LFPO
116.178	234.676	UK_EGLL	FR_LFSB
522.943	647.586	UK_EGLL	HK_VHHH
165.029	265.168	UK_EGLL	HU_LHBP
165.959	213.184	UK_EGLL	IE_EICK
949.592	1249.252	UK_EGLL	IE_EIDW
156.578	200.428	UK_EGLL	IE_EINN
220.174	270.838	UK_EGLL	IL_LLBG
209.665	272.29	UK_EGLL	IN_VABB
284.824	341.655	UK_EGLL	IN_VIDP
41.612	82.095	UK_EGLL	IR_OIII
65.729	86.185	UK_EGLL	IS_BIKF
474.306	758.401	UK_EGLL	IT_LIML
67.063	125.157	UK_EGLL	IT_LIPE
111.817	156.616	UK_EGLL	IT_LIPZ
574.467	790.481	UK_EGLL	IT_LIRF
44.499	72.887	UK_EGLL	JO_OJAI
484.422	689.088	UK_EGLL	JP_RJAA
190.317	290.024	UK_EGLL	JP_RJBB
41.014	76.111	UK_EGLL	JP_RJNN
69.398	109.837	UK_EGLL	KR_RKSS
109.833	203.323	UK_EGLL	KW_OKBK
67.768	96.046	UK_EGLL	LB_OLBA
41.803	55.14	UK_EGLL	LK_VCBI
60.119	131.219	UK_EGLL	LU_ELLX
78.86	105.173	UK_EGLL	MT_LMML
39.079	47.318	UK_EGLL	MX_MMMX
307.902	383.071	UK_EGLL	MY_WMKK
1086.534	1557.751	UK_EGLL	NL_EHAM
66.682	84.54	UK_EGLL	NL_EHRD
251.297	403.798	UK_EGLL	NO_ENFB
73.349	131.094	UK_EGLL	NO_ENGM
74.405	155.523	UK_EGLL	NO_ENZV
168.134	283.019	UK_EGLL	PL_EPWA
59.327	78.206	UK_EGLL	PT_LPFR
39.898	60.148	UK_EGLL	PT_LPPR
317.138	429.14	UK_EGLL	PT_LPPT
95.391	154.937	UK_EGLL	QA_OTBD
95.391	147.786	UK_EGLL	QA_OTHH
135.131	247.687	UK_EGLL	RU_UUEE
87.864	176.837	UK_EGLL	SA_OEJN
55.995	121.484	UK_EGLL	SA_OERK
136.996	234.563	UK_EGLL	SE_ESGG
399.584	674.17	UK_EGLL	SE_ESSA
617.974	762.9	UK_EGLL	SG_WSSS
424.938	492.921	UK_EGLL	TH_VTBD
232.074	332.351	UK_EGLL	TR_LTBA
591.866	799.725	UK_EGLL	UK_EGAA
570.365	969.361	UK_EGLL	UK_EGCC
133.242	192.824	UK_EGLL	UK_EGJJ
106.473	190.714	UK_EGLL	UK_EGNM
66.573	87.185	UK_EGLL	UK_EGNS
219.382	319.221	UK_EGLL	UK_EGNT
93.889	185.102	UK_EGLL	UK_EGNV
269.779	399.295	UK_EGLL	UK_EGPD
742.993	1079.555	UK_EGLL	UK_EGPF
800.645	1216.357	UK_EGLL	UK_EGPH
381.944	492.125	UK_EGLL	US_KBOS
89.62	121.227	UK_EGLL	US_KDTW
380.984	510.514	UK_EGLL	US_KEWR
479.321	611.252	UK_EGLL	US_KIAD
1373.063	1804.434	UK_EGLL	US_KJFK
732.816	898.079	UK_EGLL	US_KLAX
305.123	368.541	UK_EGLL	US_KMIA
608.469	782.355	UK_EGLL	US_KORD
156.66	223.131	UK_EGLL	US_KPHL
126.837	159.943	UK_EGLL	US_KSEA
509.554	605.165	UK_EGLL	US_KSFO
135.203	163.54	UK_EGLL	ZA_FACT
446.021	553.179	UK_EGLL	ZA_FAJS
6.426	14.333	UK_EGNH	UK_EG40
7.929	10.627	UK_EGNH	UK_EGAC
17.448	29.482	UK_EGNH	UK_EGNS
11.249	11.662	UK_EGNJ	ES_GCTS
17.291	18.196	UK_EGNJ	ES_LEAL
8.975	9.635	UK_EGNJ	ES_LEMG
23.593	24.473	UK_EGNJ	ES_LEPA
54.483	92.227	UK_EGNJ	NL_EHAM
12.826	24.071	UK_EGNJ	UK_EG40
8.372	17.451	UK_EGNJ	UK_EGPD
12.826	21.764	UK_EGNJ	ZZ_ZZZZ
34.966	71.076	UK_EGNM	BE_EBBR
18.328	18.51	UK_EGNM	ES_GCLP
17.321	18.407	UK_EGNM	ES_GCRR
30.591	32.741	UK_EGNM	ES_GCTS
30.799	32.397	UK_EGNM	ES_LEAL
14.303	14.255	UK_EGNM	ES_LEIB
26.132	26.619	UK_EGNM	ES_LEMG
13.862	13.712	UK_EGNM	ES_LEMH
53.501	55.259	UK_EGNM	ES_LEPA
24.005	45.506	UK_EGNM	FR_LFPG
92.602	131.679	UK_EGNM	IE_EIDW
64.803	106.776	UK_EGNM	NL_EHAM
10.983	7.34	UK_EGNM	PT_LPFR
42.079	69.213	UK_EGNM	UK_EGAC
11.256	21.082	UK_EGNM	UK_EGHI
12.385	16.536	UK_EGNM	UK_EGJJ
103.25	206.875	UK_EGNM	UK_EGLL
12.743	23.031	UK_EGNM	UK_EGPD
17.458	30.414	UK_EGNM	UK_EGPF
58.394	101.921	UK_EGNT	BE_EBBR
23.961	25.94	UK_EGNT	CY_LCLK
10.947	12.168	UK_EGNT	CY_LCPH
19.965	21.385	UK_EGNT	EL_LGIR
22.294	19.912	UK_EGNT	EL_LGKR
15.682	17.34	UK_EGNT	EL_LGRP
12.112	13.58	UK_EGNT	ES_GCFV
37.135	35.942	UK_EGNT	ES_GCLP
35.541	34.156	UK_EGNT	ES_GCRR
67.529	63.664	UK_EGNT	ES_GCTS
59.226	58.377	UK_EGNT	ES_LEAL
15.453	16.485	UK_EGNT	ES_LEGE
40.766	39.619	UK_EGNT	ES_LEIB
38.168	36.337	UK_EGNT	ES_LEMG
31.16	29.95	UK_EGNT	ES_LEMH
96.694	95.52	UK_EGNT	ES_LEPA
16.189	17.15	UK_EGNT	ES_LERS
27.207	47.531	UK_EGNT	FR_LFPG
32.733	43.621	UK_EGNT	IE_EIDW
19.193	21.681	UK_EGNT	MT_LMML
97.709	136.307	UK_EGNT	NL_EHAM
17.85	29.801	UK_EGNT	NO_ENFB
23.725	37.758	UK_EGNT	NO_ENZV
35.006	30.292	UK_EGNT	PT_LPFR
30.852	28.872	UK_EGNT	TR_LTBS
20.786	22.824	UK_EGNT	TR_LTBV
20.786	19.158	UK_EGNT	TR_LTFE
41.729	77.589	UK_EGNT	UK_EGAC
31.994	45.41	UK_EGNT	UK_EGGD
81.969	129.749	UK_EGNT	UK_EGKK
216.37	319.107	UK_EGNT	UK_EGLL
39.731	69.232	UK_EGNT	UK_EGPD
23.494	44.281	UK_EGNT	UK_EGSS
28.515	30.54	UK_EGNT	US_KSFB
8.846	9.544	UK_EGNV	ES_GCLP
18.162	19.093	UK_EGNV	ES_GCTS
19.202	19.825	UK_EGNV	ES_LEAL
31.181	32.979	UK_EGNV	ES_LEPA
32.151	48.864	UK_EGNV	IE_EIDW
49.177	86.619	UK_EGNV	NL_EHAM
8.066	8.675	UK_EGNV	TR_LTBV
92.205	185.134	UK_EGNV	UK_EGLL
13.709	31.363	UK_EGNV	UK_EGPD
13.677	139.39	UK_EGNX	BE_EBBR
11.182	11.254	UK_EGNX	CY_LCLK
19.231	21.424	UK_EGNX	CY_LCPH
15.089	15.409	UK_EGNX	EL_LGIR
10.205	10.61	UK_EGNX	EL_LGKO
10.293	10.879	UK_EGNX	EL_LGRP
14.527	15.128	UK_EGNX	EL_LGZA
21.313	22.066	UK_EGNX	ES_GCFV
30.382	31.401	UK_EGNX	ES_GCLP
40.924	42.282	UK_EGNX	ES_GCRR
74.517	77.021	UK_EGNX	ES_GCTS
60.727	63.109	UK_EGNX	ES_LEAL
44.227	46.475	UK_EGNX	ES_LEIB
48.592	52.593	UK_EGNX	ES_LEMG
34.933	36.039	UK_EGNX	ES_LEMH
116.304	124.693	UK_EGNX	ES_LEPA
63.086	129.178	UK_EGNX	FR_LFPG
37.873	135.131	UK_EGNX	IE_EIDW
10.819	11.606	UK_EGNX	IT_LIRN
24.014	26.335	UK_EGNX	MT_LMML
69.74	117.407	UK_EGNX	NL_EHAM
37.156	40.93	UK_EGNX	PT_LPFR
18.75	19.244	UK_EGNX	TR_LTBS
33.304	68.176	UK_EGNX	UK_EGAA
31.355	43.482	UK_EGNX	UK_EGJJ
14.381	26.426	UK_EGNX	UK_EGPD
54.448	97.665	UK_EGNX	UK_EGPF
47.584	131.497	UK_EGNX	UK_EGPH
6.343	10.919	UK_EGPA	UK_EGPB
20.138	29.086	UK_EGPA	UK_EGPD
11.238	16.672	UK_EGPA	UK_EGPE
52.015	75.658	UK_EGPB	UK_EG40
90.0	145.848	UK_EGPB	UK_EGPD
52.015	74.957	UK_EGPB	ZZ_ZZZZ
13.699	14.388	UK_EGPD	ES_LEPA
92.143	133.288	UK_EGPD	NL_EHAM
69.264	122.525	UK_EGPD	NO_ENZV
217.58	355.008	UK_EGPD	UK_EG40
26.077	41.119	UK_EGPD	UK_EGBB
66.951	104.903	UK_EGPD	UK_EGCC
35.757	53.156	UK_EGPD	UK_EGGW
124.766	171.061	UK_EGPD	UK_EGKK
262.808	397.486	UK_EGPD	UK_EGLL
40.278	68.831	UK_EGPD	UK_EGNT
21.917	31.42	UK_EGPD	UK_EGPA
93.429	148.118	UK_EGPD	UK_EGPB
29.163	37.753	UK_EGPD	UK_EGPM
22.597	36.845	UK_EGPD	UK_EGSH
63.724	106.525	UK_EGPD	UK_EGSS
217.58	338.918	UK_EGPD	ZZ_ZZZZ
41.052	53.417	UK_EGPE	UK_EGGW
76.196	101.819	UK_EGPE	UK_EGKK
11.675	16.777	UK_EGPE	UK_EGPA
14.154	23.325	UK_EGPE	UK_EGPF
15.029	36.586	UK_EGPE	UK_EGPO
59.829	88.377	UK_EGPF	BE_EBBR
79.352	91.036	UK_EGPF	CA_CYYZ
32.607	36.311	UK_EGPF	CY_LCLK
20.524	22.528	UK_EGPF	EL_LGIR
61.533	57.021	UK_EGPF	ES_GCLP
54.944	50.167	UK_EGPF	ES_GCRR
109.611	108.003	UK_EGPF	ES_GCTS
69.768	69.807	UK_EGPF	ES_LEAL
22.165	23.167	UK_EGPF	ES_LEGE
29.326	31.465	UK_EGPF	ES_LEIB
72.634	69.49	UK_EGPF	ES_LEMG
24.657	26.809	UK_EGPF	ES_LEMH
149.629	155.246	UK_EGPF	ES_LEPA
25.358	26.569	UK_EGPF	ES_LERS
91.305	123.523	UK_EGPF	IE_EIDW
40.762	58.099	UK_EGPF	IS_BIKF
26.922	31.574	UK_EGPF	MT_LMML
94.515	111.267	UK_EGPF	NL_EHAM
45.227	38.309	UK_EGPF	PT_LPFR
39.742	39.413	UK_EGPF	TR_LTBS
44.509	65.465	UK_EGPF	UK_EGAC
169.194	303.077	UK_EGPF	UK_EGBB
110.369	195.304	UK_EGPF	UK_EGCC
51.367	90.242	UK_EGPF	UK_EGGD
133.057	192.869	UK_EGPF	UK_EGGW
177.762	253.742	UK_EGPF	UK_EGKK
740.534	1084.132	UK_EGPF	UK_EGLL
53.03	93.788	UK_EGPF	UK_EGNX
87.504	151.797	UK_EGPF	UK_EGSS
25.252	28.036	UK_EGPF	US_KEWR
25.063	30.309	UK_EGPF	US_KORD
57.49	60.941	UK_EGPF	US_KSFB
70.786	126.537	UK_EGPH	BE_EBBR
13.913	20.373	UK_EGPH	CH_LSZH
29.308	36.142	UK_EGPH	DK_EKCH
16.312	17.443	UK_EGPH	ES_GCTS
15.917	16.875	UK_EGPH	ES_LEAL
30.069	31.166	UK_EGPH	ES_LEPA
30.989	38.407	UK_EGPH	FR_LFPG
94.335	124.593	UK_EGPH	IE_EIDW
121.408	167.218	UK_EGPH	NL_EHAM
37.104	57.219	UK_EGPH	UK_EGAC
157.409	244.912	UK_EGPH	UK_EGBB
77.72	119.047	UK_EGPH	UK_EGCC
52.48	101.433	UK_EGPH	UK_EGGD
153.51	233.312	UK_EGPH	UK_EGGW
23.888	37.99	UK_EGPH	UK_EGHI
182.752	257.903	UK_EGPH	UK_EGKK
63.236	120.832	UK_EGPH	UK_EGLC
789.66	1214.147	UK_EGPH	UK_EGLL
46.646	109.633	UK_EGPH	UK_EGNX
131.879	283.947	UK_EGPH	UK_EGSS
11.017	11.71	UK_EGPK	ES_LEPA
105.91	151.5	UK_EGPK	IE_EIDW
23.975	39.578	UK_EGPK	UK_EGAC
115.975	184.755	UK_EGPK	UK_EGSS
23.645	29.61	UK_EGPM	UK_EG40
28.456	37.996	UK_EGPM	UK_EGPD
16.27	36.419	UK_EGPO	UK_EGPE
25.819	38.779	UK_EGPO	UK_EGPF
8.637	10.555	UK_EGSH	ES_LEAL
12.197	12.599	UK_EGSH	ES_LEPA
53.366	82.785	UK_EGSH	NL_EHAM
17.924	38.376	UK_EGSH	UK_EG40
23.051	37.524	UK_EGSH	UK_EGPD
17.924	34.554	UK_EGSH	ZZ_ZZZZ
44.75	141.847	UK_EGSS	BE_EBBR
58.681	114.801	UK_EGSS	DE_EDDF
38.783	82.108	UK_EGSS	DE_EDDL
73.841	115.804	UK_EGSS	DK_EKCH
42.049	45.12	UK_EGSS	ES_GCTS
72.738	78.105	UK_EGSS	ES_LEPA
59.034	117.348	UK_EGSS	FR_LFPG
125.826	165.079	UK_EGSS	IE_EICK
550.962	726.041	UK_EGSS	IE_EIDW
73.568	92.465	UK_EGSS	IE_EIKN
42.029	56.884	UK_EGSS	IE_EIKY
37.664	72.35	UK_EGSS	IT_LIMC
146.626	266.297	UK_EGSS	IT_LIML
39.496	60.138	UK_EGSS	IT_LIPH
53.128	71.086	UK_EGSS	IT_LIRA
38.987	59.194	UK_EGSS	IT_LIRP
187.67	291.544	UK_EGSS	NL_EHAM
54.767	85.346	UK_EGSS	NO_ENTO
37.603	37.778	UK_EGSS	PT_LPFR
94.146	134.08	UK_EGSS	SE_ESKN
63.92	95.862	UK_EGSS	SE_ESSA
65.163	132.076	UK_EGSS	UK_EGAA
45.59	63.693	UK_EGSS	UK_EGJJ
62.666	106.44	UK_EGSS	UK_EGPD
88.65	151.455	UK_EGSS	UK_EGPF
135.007	294.167	UK_EGSS	UK_EGPH
116.53	185.551	UK_EGSS	UK_EGPK
7.684	7.793	UK_EGTE	ES_GCLP
6.618	6.966	UK_EGTE	ES_GCRR
10.91	8.158	UK_EGTE	ES_GCTS
11.357	12.217	UK_EGTE	ES_LEPA
7.677	13.345	UK_EGTE	IE_EIDW
5.185	5.802	UK_EGTE	MT_LMML
17.526	30.345	UK_EGTE	UK_EGBB
12.068	16.849	UK_EGTE	UK_EGJB
20.546	28.554	UK_EGTE	UK_EGJJ
43.201	:	CH_LSGG	AT_LOWW
123.988	:	CH_LSGG	BE_EBBR
38.467	:	CH_LSGG	CH_LSZA
433.105	:	CH_LSGG	CH_LSZH
39.77	:	CH_LSGG	CH_LSZM
136.297	:	CH_LSGG	DE_EDDF
47.17	:	CH_LSGG	DE_EDDM
63.831	:	CH_LSGG	DK_EKCH
40.78	:	CH_LSGG	EL_LGAT
57.902	:	CH_LSGG	ES_LEBL
85.368	:	CH_LSGG	ES_LEMD
19.127	:	CH_LSGG	ES_LEMG
20.966	:	CH_LSGG	ES_LEPA
69.761	:	CH_LSGG	FR_LFMN
325.03	:	CH_LSGG	FR_LFPG
30.823	:	CH_LSGG	IL_LLBG
77.021	:	CH_LSGG	IT_LIRF
41.332	:	CH_LSGG	MA_GMMN
148.474	:	CH_LSGG	NL_EHAM
35.235	:	CH_LSGG	PT_LPPR
59.391	:	CH_LSGG	PT_LPPT
37.59	:	CH_LSGG	RU_UUEE
26.723	:	CH_LSGG	SE_ESSA
29.981	:	CH_LSGG	TN_DTTA
33.45	:	CH_LSGG	TR_LTBA
34.382	:	CH_LSGG	UK_EGCC
45.977	:	CH_LSGG	UK_EGGW
118.958	:	CH_LSGG	UK_EGKK
40.97	:	CH_LSGG	UK_EGLC
399.767	:	CH_LSGG	UK_EGLL
68.807	:	CH_LSGG	US_KJFK
42.053	:	CH_LSZA	CH_LSGG
13.489	:	CH_LSZA	CH_LSZB
75.195	:	CH_LSZA	CH_LSZH
18.917	:	CH_LSZA	CH_LSZM
7.836	:	CH_LSZA	IT_LIPZ
8.303	:	CH_LSZA	IT_LIRQ
4.532	:	CH_LSZB	BE_EBBR
7.644	:	CH_LSZB	CH_LSZA
13.668	:	CH_LSZB	CH_LSZM
8.473	:	CH_LSZB	DE_EDDM
8.439	:	CH_LSZB	FR_LFPG
19.21	:	CH_LSZB	NL_EHAM
13.359	:	CH_LSZB	UK_EGLC
37.557	:	CH_LSZH	AT_LOWG
43.587	:	CH_LSZH	AT_LOWS
208.411	:	CH_LSZH	AT_LOWW
138.465	:	CH_LSZH	BE_EBBR
39.237	:	CH_LSZH	BR_SBGL
58.626	:	CH_LSZH	CA_CYUL
57.481	:	CH_LSZH	CA_CYYZ
423.947	:	CH_LSZH	CH_LSGG
75.969	:	CH_LSZH	CH_LSZA
118.078	:	CH_LSZH	CH_LSZM
92.471	:	CH_LSZH	CY_LCLK
100.886	:	CH_LSZH	CZ_LKPR
242.537	:	CH_LSZH	DE_EDDF
89.026	:	CH_LSZH	DE_EDDH
40.578	:	CH_LSZH	DE_EDDK
138.009	:	CH_LSZH	DE_EDDL
142.492	:	CH_LSZH	DE_EDDM
67.759	:	CH_LSZH	DE_EDDS
117.252	:	CH_LSZH	DE_EDDT
50.758	:	CH_LSZH	DE_EDDV
109.082	:	CH_LSZH	DK_EKCH
42.667	:	CH_LSZH	EG_HECA
123.421	:	CH_LSZH	EL_LGAT
57.012	:	CH_LSZH	EL_LGIR
41.215	:	CH_LSZH	EL_LGKO
99.224	:	CH_LSZH	ES_GCLP
42.79	:	CH_LSZH	ES_GCTS
106.117	:	CH_LSZH	ES_LEBL
129.137	:	CH_LSZH	ES_LEMD
69.549	:	CH_LSZH	ES_LEMG
116.208	:	CH_LSZH	ES_LEPA
84.699	:	CH_LSZH	FI_EFHK
53.09	:	CH_LSZH	FR_LFLL
81.652	:	CH_LSZH	FR_LFMN
279.827	:	CH_LSZH	FR_LFPG
41.652	:	CH_LSZH	GH_DGAA
65.321	:	CH_LSZH	HK_VHHH
38.632	:	CH_LSZH	HR_LDZA
107.467	:	CH_LSZH	HU_LHBP
43.526	:	CH_LSZH	IE_EIDW
112.448	:	CH_LSZH	IL_LLBG
40.648	:	CH_LSZH	IT_LIMF
42.856	:	CH_LSZH	IT_LIMJ
122.316	:	CH_LSZH	IT_LIML
148.337	:	CH_LSZH	IT_LIRF
59.565	:	CH_LSZH	JP_RJAA
48.952	:	CH_LSZH	JP_RJBB
130.646	:	CH_LSZH	MK_LWSK
43.614	:	CH_LSZH	MT_LMML
283.956	:	CH_LSZH	NL_EHAM
54.413	:	CH_LSZH	NO_ENFB
44.28	:	CH_LSZH	PL_EPWA
49.398	:	CH_LSZH	PT_LPPR
109.079	:	CH_LSZH	PT_LPPT
55.223	:	CH_LSZH	RO_LROP
70.421	:	CH_LSZH	RU_UUEE
113.771	:	CH_LSZH	SE_ESSA
119.038	:	CH_LSZH	SG_WSSS
48.522	:	CH_LSZH	TH_VTBD
167.855	:	CH_LSZH	TR_LTBA
65.774	:	CH_LSZH	UK_EGCC
56.144	:	CH_LSZH	UK_EGKK
50.749	:	CH_LSZH	UK_EGLC
495.125	:	CH_LSZH	UK_EGLL
164.41	:	CH_LSZH	US_KATL
41.803	:	CH_LSZH	US_KCVG
60.058	:	CH_LSZH	US_KEWR
54.966	:	CH_LSZH	US_KIAD
160.235	:	CH_LSZH	US_KJFK
116.744	:	CH_LSZH	US_KLAX
64.237	:	CH_LSZH	US_KORD
93.672	:	CH_LSZH	US_KPHL
38.817	:	CH_LSZH	US_KSFO
43.993	:	CH_LSZH	ZA_FACT
24.39	:	CH_LSZM	AT_LOWW
30.814	:	CH_LSZM	BE_EBBR
31.502	:	CH_LSZM	CH_LSGG
12.597	:	CH_LSZM	CH_LSZA
13.085	:	CH_LSZM	CH_LSZB
132.019	:	CH_LSZM	CH_LSZH
45.801	:	CH_LSZM	DE_EDDF
15.889	:	CH_LSZM	DE_EDDH
20.218	:	CH_LSZM	DE_EDDI
21.599	:	CH_LSZM	DE_EDDL
31.923	:	CH_LSZM	DE_EDDM
12.081	:	CH_LSZM	DK_EKCH
18.057	:	CH_LSZM	EL_LGIR
25.178	:	CH_LSZM	ES_GCLP
18.376	:	CH_LSZM	ES_GCRR
20.064	:	CH_LSZM	ES_GCTS
25.74	:	CH_LSZM	ES_LEBL
10.247	:	CH_LSZM	ES_LEIB
68.791	:	CH_LSZM	ES_LEPA
10.928	:	CH_LSZM	FR_LFLC
108.033	:	CH_LSZM	FR_LFPG
220.413	:	CH_LSZM	FR_LFPO
12.143	:	CH_LSZM	KE_HKMO
53.202	:	CH_LSZM	NL_EHAM
10.428	:	CH_LSZM	TN_DTMB
17.082	:	CH_LSZM	TR_LTAI
23.752	:	CH_LSZM	TR_LTBA
9.612	:	CH_LSZM	UK_EGBB
15.19	:	CH_LSZM	UK_EGCC
114.977	:	CH_LSZM	UK_EGLL
72.629	:	CH_LSZH_RS	ME_LYBE
37.486	:	CH_LSZH_RS	ME_LYPR
12.371	15.912	DE_EDDB	BG_LBBG
18.998	32.558	DE_EDDB	BG_LBSF
17.81	24.105	DE_EDDB	BG_LBWN
18.265	43.495	DE_EDDB	CH_LSZH
10.363	14.544	DE_EDDB	CY_LCLK
20.146	35.511	DE_EDDB	DE_EDDF
4.67	9.36	DE_EDDB	DE_EDDH
15.816	30.124	DE_EDDB	DE_EDDM
10.332	23.379	DE_EDDB	DE_EDDP
28.571	32.606	DE_EDDB	DO_MDPP
33.237	40.377	DE_EDDB	EL_LGIR
11.084	14.241	DE_EDDB	EL_LGRD
11.205	15.423	DE_EDDB	EL_LGTS
22.682	28.573	DE_EDDB	ES_GCFV
37.932	49.833	DE_EDDB	ES_GCLP
22.657	31.981	DE_EDDB	ES_GCRR
32.637	40.031	DE_EDDB	ES_LE99
12.325	14.962	DE_EDDB	ES_LEIB
17.321	19.022	DE_EDDB	ES_LEMG
105.665	130.999	DE_EDDB	ES_LEPA
10.434	13.451	DE_EDDB	IL_LLBG
13.638	14.21	DE_EDDB	MK_LWSK
13.403	15.194	DE_EDDB	MT_LMML
17.716	24.417	DE_EDDB	PT_LPFR
11.788	22.166	DE_EDDB	RU_ULLI
52.262	107.03	DE_EDDB	RU_UU90
40.475	51.083	DE_EDDB	TN_DTMB
12.925	17.279	DE_EDDB	TN_DTTJ
79.496	99.638	DE_EDDB	TR_LTAI
12.74	19.084	DE_EDDB	TR_LTBA
32.792	61.525	DE_EDDB	UK_EG90
10.199	30.754	DE_EDDC	CH_LSZH
160.067	271.921	DE_EDDC	DE_EDDF
30.459	56.579	DE_EDDC	DE_EDDH
53.753	95.83	DE_EDDC	DE_EDDK
63.994	105.446	DE_EDDC	DE_EDDL
89.012	164.633	DE_EDDC	DE_EDDM
10.275	23.232	DE_EDDC	DE_EDDN
21.887	55.372	DE_EDDC	DE_EDDP
55.012	90.592	DE_EDDC	DE_EDDS
18.123	21.906	DE_EDDC	EL_LGIR
12.329	15.655	DE_EDDC	EL_LGRD
13.296	18.313	DE_EDDC	ES_GCFV
17.698	22.809	DE_EDDC	ES_GCLP
17.532	21.701	DE_EDDC	ES_LE99
51.37	64.341	DE_EDDC	ES_LEPA
20.949	35.861	DE_EDDC	NL_EHAM
16.964	22.002	DE_EDDC	TN_DTMB
30.731	40.709	DE_EDDC	TR_LTAI
12.069	30.581	DE_EDDE	DE_EDDM
9.293	11.687	DE_EDDE	EL_LGIR
8.461	9.903	DE_EDDE	ES_GCLP
8.63	10.518	DE_EDDE	ES_LE99
27.822	34.018	DE_EDDE	ES_LEPA
11.314	15.268	DE_EDDE	TN_DTMB
16.816	23.16	DE_EDDE	TR_LTAI
28.335	43.642	DE_EDDF	AE_OMAA
120.073	163.632	DE_EDDF	AE_OMDB
75.689	86.212	DE_EDDF	AR_SABA
78.736	133.409	DE_EDDF	AT_LOWG
77.278	155.242	DE_EDDF	AT_LOWL
70.937	116.006	DE_EDDF	AT_LOWS
274.994	431.547	DE_EDDF	AT_LOWW
241.888	398.104	DE_EDDF	BE_EBBR
44.669	79.016	DE_EDDF	BG_LBSF
54.529	69.809	DE_EDDF	BR_SB99
108.371	128.716	DE_EDDF	BR_SBGR
38.527	47.178	DE_EDDF	CA_CY90
223.772	274.13	DE_EDDF	CA_CYTZ
92.463	115.222	DE_EDDF	CA_CYVR
71.788	95.086	DE_EDDF	CA_CYYC
140.632	277.453	DE_EDDF	CH_LSGG
254.52	469.59	DE_EDDF	CH_LSZH
45.314	80.934	DE_EDDF	CH_LSZM
132.854	193.623	DE_EDDF	CN_ZBAA
41.343	62.442	DE_EDDF	CN_ZSSA
52.084	64.715	DE_EDDF	CO_SKBO
53.633	74.697	DE_EDDF	CY_LCLK
120.875	211.833	DE_EDDF	CZ_LKPR
165.024	259.091	DE_EDDF	DE_EDDC
76.734	155.926	DE_EDDF	DE_EDDG
672.06	862.695	DE_EDDF	DE_EDDH
83.15	144.477	DE_EDDF	DE_EDDI
161.142	260.89	DE_EDDF	DE_EDDK
310.647	447.053	DE_EDDF	DE_EDDL
683.835	922.98	DE_EDDF	DE_EDDM
176.316	284.742	DE_EDDF	DE_EDDN
161.636	256.887	DE_EDDF	DE_EDDP
193.565	288.314	DE_EDDF	DE_EDDS
735.465	1042.47	DE_EDDF	DE_EDDT
203.628	271.254	DE_EDDF	DE_EDDW
51.279	88.003	DE_EDDF	DE_EDNY
240.754	334.91	DE_EDDF	DE_EDVV
224.194	350.928	DE_EDDF	DK_EKCH
39.287	44.723	DE_EDDF	DO_MDPP
117.054	160.103	DE_EDDF	EG_HECA
39.621	48.836	DE_EDDF	EG_HEGN
198.362	255.097	DE_EDDF	EL_LGAT
78.759	88.786	DE_EDDF	EL_LGIR
92.46	131.502	DE_EDDF	EL_LGTS
78.677	86.441	DE_EDDF	ES_GCFV
122.373	140.603	DE_EDDF	ES_GCLP
74.735	87.05	DE_EDDF	ES_GCRR
119.774	145.414	DE_EDDF	ES_LE99
49.711	78.843	DE_EDDF	ES_LEBB
209.43	271.087	DE_EDDF	ES_LEBL
48.751	56.804	DE_EDDF	ES_LEIB
219.203	331.154	DE_EDDF	ES_LEMD
107.913	125.29	DE_EDDF	ES_LEMG
363.196	421.079	DE_EDDF	ES_LEPA
50.966	65.755	DE_EDDF	ES_LEVC
152.516	264.567	DE_EDDF	FI_EFHF
493.913	869.441	DE_EDDF	FR_LF90
109.229	182.362	DE_EDDF	FR_LFLL
130.748	206.316	DE_EDDF	FR_LFMN
209.511	268.145	DE_EDDF	HK_VHHH
67.377	127.188	DE_EDDF	HR_LDZA
149.697	228.373	DE_EDDF	HU_LHBP
124.829	163.539	DE_EDDF	IE_EIDW
155.491	199.595	DE_EDDF	IL_LLBG
126.59	177.98	DE_EDDF	IN_VABB
141.678	177.78	DE_EDDF	IN_VIDP
36.878	43.125	DE_EDDF	IN_VOMM
68.171	100.192	DE_EDDF	IR_OIII
267.978	458.74	DE_EDDF	IT_LI90
307.442	529.342	DE_EDDF	IT_LI91
152.635	215.082	DE_EDDF	IT_LI92
92.322	145.616	DE_EDDF	IT_LIMF
107.277	172.89	DE_EDDF	IT_LIPE
369.828	504.429	DE_EDDF	JP_RJAA
111.103	174.023	DE_EDDF	KR_RKSS
48.818	69.328	DE_EDDF	KW_OKBK
73.716	133.856	DE_EDDF	LU_ELLX
45.382	69.759	DE_EDDF	MA_GMMN
87.817	117.545	DE_EDDF	MT_LMML
90.425	106.456	DE_EDDF	MX_MMMX
107.452	155.724	DE_EDDF	MY_WMKK
46.271	65.054	DE_EDDF	NA_FYWH
291.158	503.335	DE_EDDF	NL_EHAM
125.841	188.549	DE_EDDF	NO_ENOS
51.955	66.705	DE_EDDF	PH_RPMM
38.118	80.178	DE_EDDF	PL_EPKT
145.641	245.509	DE_EDDF	PL_EPWA
81.317	99.84	DE_EDDF	PT_LPFR
63.476	106.331	DE_EDDF	PT_LPPR
168.957	222.514	DE_EDDF	PT_LPPT
47.772	86.836	DE_EDDF	RO_LRBB
57.201	98.347	DE_EDDF	RU_ULLI
203.144	366.93	DE_EDDF	RU_UU90
184.431	265.419	DE_EDDF	SE_ESCN
72.021	115.586	DE_EDDF	SE_ESGG
314.496	415.336	DE_EDDF	SG_WSSS
45.679	98.21	DE_EDDF	SI_LJLJ
420.19	493.014	DE_EDDF	TH_VTBD
75.327	89.971	DE_EDDF	TN_DTMB
57.018	86.34	DE_EDDF	TN_DTTA
41.464	50.314	DE_EDDF	TN_DTTJ
119.616	180.165	DE_EDDF	TR_LTAC
209.66	252.153	DE_EDDF	TR_LTAI
301.393	433.996	DE_EDDF	TR_LTBA
52.884	76.537	DE_EDDF	TR_LTBJ
59.986	114.156	DE_EDDF	UA_UKKK
1006.918	1581.131	DE_EDDF	UK_EG90
100.182	187.992	DE_EDDF	UK_EGBB
140.465	250.885	DE_EDDF	UK_EGCC
285.768	343.758	DE_EDDF	US_KA91
219.417	268.316	DE_EDDF	US_KATL
142.742	176.534	DE_EDDF	US_KBOS
112.5	137.747	DE_EDDF	US_KCVG
138.947	165.417	DE_EDDF	US_KDAL
122.28	148.995	DE_EDDF	US_KDTW
546.715	675.696	DE_EDDF	US_KJFK
193.733	219.147	DE_EDDF	US_KLAX
136.668	152.556	DE_EDDF	US_KMIA
381.616	477.563	DE_EDDF	US_KORD
62.301	74.53	DE_EDDF	US_KPHL
61.164	74.297	DE_EDDF	US_KPIT
122.894	133.382	DE_EDDF	US_KSFO
189.356	216.957	DE_EDDF	ZA_FAJS
79.614	161.421	DE_EDDG	DE_EDDF
30.317	57.577	DE_EDDG	DE_EDDI
63.198	111.967	DE_EDDG	DE_EDDM
11.031	21.444	DE_EDDG	DE_EDDS
21.1	39.782	DE_EDDG	DE_EDLP
17.109	64.672	DE_EDDG	DE_EDLW
16.391	20.735	DE_EDDG	EL_LGIR
22.539	27.821	DE_EDDG	ES_GCFV
30.832	38.206	DE_EDDG	ES_GCLP
20.456	27.063	DE_EDDG	ES_GCRR
15.533	20.47	DE_EDDG	ES_LE99
10.011	13.031	DE_EDDG	ES_LEIB
150.311	181.587	DE_EDDG	ES_LEPA
19.591	28.613	DE_EDDG	NL_EHAM
25.709	31.363	DE_EDDG	TR_LTAI
14.571	18.32	DE_EDDG	TR_LTBA
60.195	99.293	DE_EDDH	AT_LOWW
82.29	135.027	DE_EDDH	BE_EBBR
88.815	182.488	DE_EDDH	CH_LSZH
658.66	868.596	DE_EDDH	DE_EDDF
140.586	194.505	DE_EDDH	DE_EDDK
198.083	286.442	DE_EDDH	DE_EDDL
533.015	838.046	DE_EDDH	DE_EDDM
48.836	87.986	DE_EDDH	DE_EDDN
175.042	244.344	DE_EDDH	DE_EDDS
75.64	132.054	DE_EDDH	DE_EDDT
82.923	160.998	DE_EDDH	DK_EKCH
40.048	47.468	DE_EDDH	EL_LGIR
57.566	66.164	DE_EDDH	ES_GCFV
92.565	108.938	DE_EDDH	ES_GCLP
50.693	59.604	DE_EDDH	ES_GCRR
66.581	80.61	DE_EDDH	ES_LE99
42.914	51.25	DE_EDDH	ES_LEMG
255.483	293.598	DE_EDDH	ES_LEPA
73.051	164.373	DE_EDDH	FI_EFHF
155.046	316.477	DE_EDDH	FR_LF90
42.364	81.925	DE_EDDH	IT_LI91
123.074	212.023	DE_EDDH	NL_EHAM
42.986	80.402	DE_EDDH	NO_ENOS
43.545	53.995	DE_EDDH	PT_LPFR
109.781	132.854	DE_EDDH	TR_LTAI
72.227	105.259	DE_EDDH	TR_LTBA
306.749	513.141	DE_EDDH	UK_EG90
69.93	112.034	DE_EDDI	BE_EBBR
23.107	45.97	DE_EDDI	CH_LSZM
85.087	144.517	DE_EDDI	DE_EDDF
30.878	59.28	DE_EDDI	DE_EDDG
52.294	105.244	DE_EDDI	DE_EDDN
28.399	57.195	DE_EDDI	DE_EDDR
12.938	22.464	DE_EDDI	DE_EDFM
10.31	26.798	DE_EDDI	DE_EDLN
35.899	68.022	DE_EDDI	DE_EDLW
23.756	48.117	DE_EDDI	DE_EDMA
21.094	48.15	DE_EDDI	DE_EDNY
11.195	15.389	DE_EDDI	DK_EKCH
10.956	18.477	DE_EDDI	FR_LFST
37.579	70.691	DE_EDDK	AT_LOWW
40.89	80.836	DE_EDDK	CH_LSZH
51.465	94.091	DE_EDDK	DE_EDDC
164.804	274.838	DE_EDDK	DE_EDDF
135.149	194.322	DE_EDDK	DE_EDDH
386.734	675.083	DE_EDDK	DE_EDDM
50.217	117.597	DE_EDDK	DE_EDDP
447.287	708.399	DE_EDDK	DE_EDDT
46.378	55.727	DE_EDDK	ES_GCLP
198.247	231.729	DE_EDDK	ES_LEPA
81.538	167.039	DE_EDDK	FR_LF90
42.304	85.572	DE_EDDK	NL_EHAM
78.94	92.897	DE_EDDK	TR_LTAI
99.292	134.726	DE_EDDK	TR_LTBA
150.404	248.774	DE_EDDK	UK_EG90
104.821	185.738	DE_EDDL	AT_LOWW
71.378	157.081	DE_EDDL	BE_EBBR
143.268	309.413	DE_EDDL	CH_LSZH
70.142	107.548	DE_EDDL	DE_EDDC
308.885	458.709	DE_EDDL	DE_EDDF
205.92	309.936	DE_EDDL	DE_EDDH
662.488	1041.273	DE_EDDL	DE_EDDM
72.204	122.122	DE_EDDL	DE_EDDN
80.037	140.694	DE_EDDL	DE_EDDP
142.132	214.665	DE_EDDL	DE_EDDS
412.902	698.248	DE_EDDL	DE_EDDT
96.861	163.506	DE_EDDL	DK_EKCH
40.836	52.204	DE_EDDL	DO_MDPC
39.163	47.245	DE_EDDL	DO_MDPP
77.737	89.621	DE_EDDL	EL_LGIR
45.894	54.339	DE_EDDL	EL_LGRD
97.027	122.001	DE_EDDL	EL_LGTS
129.424	149.039	DE_EDDL	ES_GCFV
171.377	205.171	DE_EDDL	ES_GCLP
93.213	112.866	DE_EDDL	ES_GCRR
139.294	169.15	DE_EDDL	ES_LE99
80.786	92.803	DE_EDDL	ES_LEAL
65.055	95.581	DE_EDDL	ES_LEBL
98.642	115.488	DE_EDDL	ES_LEIB
53.092	87.047	DE_EDDL	ES_LEMD
102.003	124.367	DE_EDDL	ES_LEMG
705.09	831.786	DE_EDDL	ES_LEPA
51.88	106.428	DE_EDDL	FI_EFHF
176.631	360.907	DE_EDDL	FR_LF90
53.215	81.497	DE_EDDL	IE_EIDW
56.352	106.012	DE_EDDL	IT_LI90
125.3	237.547	DE_EDDL	IT_LI91
83.731	148.641	DE_EDDL	NL_EHAM
91.47	112.424	DE_EDDL	PT_LPFR
47.742	92.479	DE_EDDL	RU_UU90
104.463	127.572	DE_EDDL	TN_DTMB
37.115	44.979	DE_EDDL	TN_DTTJ
38.101	49.763	DE_EDDL	TR_LT99
56.19	77.185	DE_EDDL	TR_LTAC
272.114	322.601	DE_EDDL	TR_LTAI
189.492	251.998	DE_EDDL	TR_LTBA
54.846	71.942	DE_EDDL	TR_LTBJ
47.464	59.549	DE_EDDL	TR_LTBS
385.279	627.886	DE_EDDL	UK_EG90
104.173	180.824	DE_EDDL	UK_EGBB
79.027	173.17	DE_EDDL	UK_EGCC
144.659	181.905	DE_EDDL	US_KJFK
58.174	74.773	DE_EDDL	US_KORD
166.084	316.168	DE_EDDM	AT_LOWW
142.6	267.883	DE_EDDM	BE_EBBR
48.494	106.532	DE_EDDM	CH_LSGG
136.549	295.581	DE_EDDM	CH_LSZH
90.876	165.516	DE_EDDM	DE_EDDC
685.878	929.278	DE_EDDM	DE_EDDF
61.49	111.031	DE_EDDM	DE_EDDG
529.606	846.089	DE_EDDM	DE_EDDH
379.749	675.784	DE_EDDM	DE_EDDK
667.877	1064.664	DE_EDDM	DE_EDDL
72.319	136.317	DE_EDDM	DE_EDDP
69.185	113.844	DE_EDDM	DE_EDDS
573.507	886.998	DE_EDDM	DE_EDDT
101.876	151.545	DE_EDDM	DE_EDDW
50.297	88.999	DE_EDDM	DE_EDLP
80.341	153.258	DE_EDDM	DE_EDLW
180.911	286.393	DE_EDDM	DE_EDVV
107.401	164.28	DE_EDDM	DK_EKCH
38.668	47.332	DE_EDDM	EG_HEGN
126.104	164.166	DE_EDDM	EL_LGAT
71.559	83.132	DE_EDDM	EL_LGIR
38.09	46.039	DE_EDDM	EL_LGRD
106.835	149.89	DE_EDDM	EL_LGTS
39.279	45.605	DE_EDDM	ES_GCFV
76.009	91.488	DE_EDDM	ES_GCLP
89.528	106.821	DE_EDDM	ES_LE99
107.753	152.714	DE_EDDM	ES_LEBL
104.279	167.627	DE_EDDM	ES_LEMD
37.437	43.406	DE_EDDM	ES_LEMG
176.85	214.007	DE_EDDM	ES_LEPA
47.519	87.222	DE_EDDM	FI_EFHF
285.132	478.53	DE_EDDM	FR_LF90
41.865	61.146	DE_EDDM	FR_LFBO
42.994	80.123	DE_EDDM	FR_LFLL
71.65	127.262	DE_EDDM	FR_LFMN
84.912	151.956	DE_EDDM	HU_LHBP
84.632	112.778	DE_EDDM	IL_LLBG
153.953	265.18	DE_EDDM	IT_LI90
108.438	239.539	DE_EDDM	IT_LI91
44.636	70.954	DE_EDDM	IT_LI92
45.965	75.174	DE_EDDM	IT_LIPE
70.162	111.542	DE_EDDM	IT_LIRQ
170.769	250.428	DE_EDDM	NL_EHAM
46.517	91.076	DE_EDDM	PL_EPWA
43.283	55.785	DE_EDDM	PT_LPFR
62.303	90.344	DE_EDDM	PT_LPPT
50.883	89.426	DE_EDDM	RU_UU90
71.995	120.02	DE_EDDM	SE_ESCN
44.374	53.897	DE_EDDM	TH_VTBD
55.239	70.698	DE_EDDM	TN_DTMB
138.383	172.272	DE_EDDM	TR_LTAI
169.673	244.609	DE_EDDM	TR_LTBA
61.618	93.03	DE_EDDM	TR_LTBJ
520.254	766.909	DE_EDDM	UK_EG90
58.517	91.571	DE_EDDM	UK_EGBB
46.476	72.529	DE_EDDM	UK_EGCC
66.042	79.409	DE_EDDM	US_KATL
123.09	155.321	DE_EDDM	US_KJFK
39.881	54.033	DE_EDDM	US_KMIA
66.213	78.508	DE_EDDM	US_KORD
58.697	76.44	DE_EDDM	US_KPHL
12.766	25.99	DE_EDDN	AT_LOWW
13.241	33.466	DE_EDDN	BE_EBBR
25.579	61.292	DE_EDDN	CH_LSZH
10.183	22.757	DE_EDDN	DE_EDDC
176.424	272.316	DE_EDDN	DE_EDDF
46.7	87.797	DE_EDDN	DE_EDDH
53.444	105.09	DE_EDDN	DE_EDDI
30.854	81.751	DE_EDDN	DE_EDDK
75.636	125.389	DE_EDDN	DE_EDDL
34.983	57.452	DE_EDDN	DE_EDDM
50.812	74.416	DE_EDDN	DE_EDDT
32.501	37.712	DE_EDDN	EL_LGIR
8.987	10.665	DE_EDDN	EL_LGKR
18.661	22.624	DE_EDDN	EL_LGRD
12.168	15.868	DE_EDDN	EL_LGTS
18.188	21.718	DE_EDDN	ES_GCFV
29.986	36.59	DE_EDDN	ES_GCLP
22.631	27.45	DE_EDDN	ES_GCRR
31.663	39.754	DE_EDDN	ES_LE99
88.929	108.224	DE_EDDN	ES_LEPA
50.539	107.926	DE_EDDN	FR_LF90
16.598	20.839	DE_EDDN	MA_GMAA
56.528	101.771	DE_EDDN	NL_EHAM
13.966	18.34	DE_EDDN	PT_LPFR
32.174	39.39	DE_EDDN	TN_DTMB
10.73	13.464	DE_EDDN	TN_DTTJ
66.456	83.697	DE_EDDN	TR_LTAI
43.187	61.413	DE_EDDN	TR_LTBA
35.698	64.904	DE_EDDN	UK_EG90
13.52	18.203	DE_EDDP	BG_LBBG
14.931	19.205	DE_EDDP	BG_LBWN
10.204	28.31	DE_EDDP	CH_LSZH
19.104	32.007	DE_EDDP	DE_EDDB
23.264	53.01	DE_EDDP	DE_EDDC
159.646	256.845	DE_EDDP	DE_EDDF
26.833	48.781	DE_EDDP	DE_EDDH
47.893	80.997	DE_EDDP	DE_EDDK
76.789	144.284	DE_EDDP	DE_EDDL
73.743	133.947	DE_EDDP	DE_EDDM
36.689	76.818	DE_EDDP	DE_EDDS
31.031	37.48	DE_EDDP	EL_LGIR
11.32	14.293	DE_EDDP	EL_LGKR
14.993	17.882	DE_EDDP	EL_LGRD
12.54	16.35	DE_EDDP	EL_LGTS
14.232	17.52	DE_EDDP	ES_GCFV
32.166	40.518	DE_EDDP	ES_GCLP
16.064	21.007	DE_EDDP	ES_GCRR
29.162	34.751	DE_EDDP	ES_LE99
12.505	15.07	DE_EDDP	ES_LEIB
12.696	14.873	DE_EDDP	ES_LEMG
85.175	104.758	DE_EDDP	ES_LEPA
17.262	22.079	DE_EDDP	PT_LPFR
35.188	44.419	DE_EDDP	TN_DTMB
12.275	15.853	DE_EDDP	TN_DTTJ
79.216	101.592	DE_EDDP	TR_LTAI
11.355	16.439	DE_EDDP	TR_LTBS
8.941	17.306	DE_EDDR	DE_EDDH
28.99	61.777	DE_EDDR	DE_EDDI
19.251	28.68	DE_EDDR	DE_EDDM
7.679	9.13	DE_EDDR	ES_GCLP
7.603	9.481	DE_EDDR	ES_LE99
60.956	73.813	DE_EDDR	ES_LEPA
15.675	38.245	DE_EDDR	LU_ELLX
7.788	10.067	DE_EDDR	TN_DTMB
10.909	13.743	DE_EDDR	TR_LTAI
47.642	81.885	DE_EDDS	AT_LOWW
84.123	182.549	DE_EDDS	BE_EBBR
69.794	150.94	DE_EDDS	CH_LSZH
55.108	93.159	DE_EDDS	DE_EDDC
201.478	292.047	DE_EDDS	DE_EDDF
174.171	244.812	DE_EDDS	DE_EDDH
137.859	206.922	DE_EDDS	DE_EDDL
73.028	118.13	DE_EDDS	DE_EDDM
41.423	83.888	DE_EDDS	DE_EDDP
353.26	571.769	DE_EDDS	DE_EDDT
46.319	61.444	DE_EDDS	DE_EDDW
61.696	101.844	DE_EDDS	DE_EDVV
59.679	109.229	DE_EDDS	DK_EKCH
60.588	69.327	DE_EDDS	EL_LGIR
77.311	108.889	DE_EDDS	EL_LGTS
49.315	56.136	DE_EDDS	ES_GCFV
57.996	65.137	DE_EDDS	ES_GCLP
38.391	45.537	DE_EDDS	ES_GCRR
75.746	89.131	DE_EDDS	ES_LE99
38.681	55.711	DE_EDDS	ES_LEBL
196.939	231.167	DE_EDDS	ES_LEPA
139.075	294.179	DE_EDDS	FR_LF90
62.501	131.259	DE_EDDS	IT_LI91
88.572	154.086	DE_EDDS	NL_EHAM
58.142	73.082	DE_EDDS	TN_DTMB
131.554	157.537	DE_EDDS	TR_LTAI
132.862	189.709	DE_EDDS	TR_LTBA
37.081	53.075	DE_EDDS	TR_LTBJ
177.129	266.577	DE_EDDS	UK_EG90
60.318	84.837	DE_EDDS	US_KATL
50.479	68.35	DE_EDDS	US_KJFK
66.87	106.242	DE_EDDT	AT_LOWW
116.792	187.919	DE_EDDT	CH_LSZH
719.26	1040.48	DE_EDDT	DE_EDDF
77.839	132.361	DE_EDDT	DE_EDDH
438.318	675.768	DE_EDDT	DE_EDDK
412.051	693.39	DE_EDDT	DE_EDDL
573.581	899.417	DE_EDDT	DE_EDDM
49.644	72.825	DE_EDDT	DE_EDDN
355.362	569.03	DE_EDDT	DE_EDDS
118.799	141.618	DE_EDDT	ES_LEPA
163.39	234.814	DE_EDDT	FR_LF90
44.598	99.756	DE_EDDT	IT_LI91
107.494	144.247	DE_EDDT	NL_EHAM
72.404	90.322	DE_EDDT	TR_LTAI
83.747	111.355	DE_EDDT	TR_LTBA
218.592	316.079	DE_EDDT	UK_EG90
10.516	29.069	DE_EDDW	CH_LSZH
200.227	271.219	DE_EDDW	DE_EDDF
103.399	151.256	DE_EDDW	DE_EDDM
45.711	60.951	DE_EDDW	DE_EDDS
33.046	60.566	DE_EDDW	DE_EDDT
12.943	16.379	DE_EDDW	EL_LGIR
14.339	16.888	DE_EDDW	ES_GCFV
30.023	35.208	DE_EDDW	ES_GCLP
10.758	13.23	DE_EDDW	ES_GCRR
19.701	23.503	DE_EDDW	ES_LE99
11.511	17.532	DE_EDDW	ES_LEMG
106.756	130.167	DE_EDDW	ES_LEPA
14.652	28.64	DE_EDDW	FR_LF90
59.524	86.688	DE_EDDW	NL_EHAM
18.212	23.45	DE_EDDW	TR_LTAI
53.436	97.415	DE_EDDW	UK_EG90
24.644	43.084	DE_EDVV	AT_LOWW
63.533	101.818	DE_EDVV	BE_EBBR
48.966	90.795	DE_EDVV	CH_LSZH
243.181	337.82	DE_EDVV	DE_EDDF
37.584	65.824	DE_EDVV	DE_EDDH
181.651	293.342	DE_EDVV	DE_EDDM
62.211	97.599	DE_EDVV	DE_EDDS
45.687	68.484	DE_EDVV	DK_EKCH
40.531	47.695	DE_EDVV	EL_LGIR
20.922	25.249	DE_EDVV	EL_LGRD
54.668	63.514	DE_EDVV	ES_GCFV
78.76	91.269	DE_EDVV	ES_GCLP
43.755	52.585	DE_EDVV	ES_GCRR
67.383	82.398	DE_EDVV	ES_LE99
20.756	33.931	DE_EDVV	ES_LEBL
25.389	30.76	DE_EDVV	ES_LEIB
28.572	35.35	DE_EDVV	ES_LEMG
235.835	274.936	DE_EDVV	ES_LEPA
78.989	163.439	DE_EDVV	FR_LF90
24.234	40.76	DE_EDVV	KZ_UA99
66.877	111.125	DE_EDVV	NL_EHAM
36.44	44.738	DE_EDVV	PT_LPFR
18.469	41.136	DE_EDVV	RU_ULLI
17.565	37.709	DE_EDVV	RU_UNNN
46.891	55.77	DE_EDVV	TN_DTMB
22.114	30.389	DE_EDVV	TR_LTAC
128.895	152.781	DE_EDVV	TR_LTAI
89.309	128.185	DE_EDVV	TR_LTBA
28.438	38.365	DE_EDVV	TR_LTBJ
131.644	198.263	DE_EDVV	UK_EG90
43.547	71.723	DE_EDDF_RS	ME_LYBE
68.778	:	DK_EKBI	BE_EBBR
75.596	:	DK_EKBI	DE_EDDF
12.651	:	DK_EKBI	EL_LGIR
21.595	:	DK_EKBI	EL_LGRD
23.33	:	DK_EKBI	EL_LGSA
59.445	:	DK_EKBI	ES_GCLP
13.408	:	DK_EKBI	ES_GCRR
38.238	:	DK_EKBI	ES_GCTS
20.024	:	DK_EKBI	ES_LEMG
39.73	:	DK_EKBI	ES_LEPA
11.707	:	DK_EKBI	FR_LF90
26.893	:	DK_EKBI	NO_ENFB
16.687	:	DK_EKBI	PT_LPFR
17.064	:	DK_EKBI	SE_ESSA
10.957	:	DK_EKBI	UK_EGCC
64.148	:	DK_EKBI	UK_EGKK
11.945	:	DK_EKBI	UK_EGSS
99.633	:	DK_EKCH	AT_LOWW
425.067	:	DK_EKCH	BE_EBBR
61.738	:	DK_EKCH	CH_LSGG
121.087	:	DK_EKCH	CH_LSZH
432.842	:	DK_EKCH	DE_EDDF
140.11	:	DK_EKCH	DE_EDDH
23.072	:	DK_EKCH	DE_EDDI
53.794	:	DK_EKCH	DE_EDDK
183.275	:	DK_EKCH	DE_EDDL
214.21	:	DK_EKCH	DE_EDDM
118.24	:	DK_EKCH	DE_EDDS
69.706	:	DK_EKCH	DE_EDDT
90.492	:	DK_EKCH	DE_EDVV
57.178	:	DK_EKCH	ES_GCLP
37.295	:	DK_EKCH	ES_GCTS
43.35	:	DK_EKCH	ES_LEBL
91.422	:	DK_EKCH	ES_LEMD
53.239	:	DK_EKCH	ES_LEMG
46.835	:	DK_EKCH	ES_LEPA
137.819	:	DK_EKCH	FI_EFHK
47.271	:	DK_EKCH	FR_LFMN
81.235	:	DK_EKCH	IE_EIDW
114.478	:	DK_EKCH	IT_LIML
23.919	:	DK_EKCH	IT_LIPZ
24.257	:	DK_EKCH	IT_LIRA
67.533	:	DK_EKCH	IT_LIRF
25.368	:	DK_EKCH	LU_ELLX
34.997	:	DK_EKCH	NO_ENCN
5.993	:	DK_EKCH	NO_ENFB
49.571	:	DK_EKCH	PT_LPPT
216.812	:	DK_EKCH	SE_ESGG
36.83	:	DK_EKCH	SE_ESGJ
585.3	:	DK_EKCH	SE_ESSA
63.144	:	DK_EKCH	SE_ESSP
25.972	:	DK_EKCH	SE_ESSQ
33.902	:	DK_EKCH	UK_EGBB
87.367	:	DK_EKCH	UK_EGCC
104.618	:	DK_EKCH	UK_EGKK
431.264	:	DK_EKCH	UK_EGLL
34.448	:	DK_EKCH	UK_EGPH
73.014	:	DK_EKCH	UK_EGSS
30.468	:	DK_EKRK	EL_LGAT
18.29	:	DK_EKRK	EL_LGIR
13.156	:	DK_EKRK	EL_LGKO
24.262	:	DK_EKRK	EL_LGRD
33.345	:	DK_EKRK	EL_LGSA
255.138	:	DK_EKRK	FR_LF90
12.407	:	DK_EKRK	FR_LFLL
10.045	13.164	PT_LPAZ	DO_MDPP
2.887	3.449	PT_LPAZ	ES_LEMD
23.679	31.599	PT_LPAZ	PT_LPPD
46.338	58.759	PT_LPFR	BE_EBBR
25.211	30.976	PT_LPFR	CH_LSZH
81.675	98.392	PT_LPFR	DE_EDDF
45.751	55.42	PT_LPFR	DE_EDDH
93.93	113.82	PT_LPFR	DE_EDDL
45.689	57.743	PT_LPFR	DE_EDDM
34.389	42.231	PT_LPFR	DE_EDDS
36.925	44.743	PT_LPFR	DE_EDVV
5.25	5.694	PT_LPFR	ES_GCRR
34.184	36.105	PT_LPFR	FI_EFHK
60.483	65.578	PT_LPFR	IE_EIDW
161.993	183.176	PT_LPFR	NL_EHAM
96.54	163.181	PT_LPFR	PT_LPPT
20.385	21.146	PT_LPFR	SE_ESSA
72.341	76.968	PT_LPFR	UK_EGBB
221.651	241.397	PT_LPFR	UK_EGCC
29.367	31.556	PT_LPFR	UK_EGGD
62.398	79.162	PT_LPFR	UK_EGGG
31.55	34.477	PT_LPFR	UK_EGGW
310.203	350.237	PT_LPFR	UK_EGKK
34.639	37.22	PT_LPFR	UK_EGNT
36.82	41.337	PT_LPFR	UK_EGNX
46.526	50.062	PT_LPFR	UK_EGPF
37.88	41.678	PT_LPFR	UK_EGSS
7.474	11.394	PT_LPHR	PT_LPFL
31.53	47.139	PT_LPHR	PT_LPLA
10.176	15.192	PT_LPHR	PT_LPPD
20.897	28.277	PT_LPHR	PT_LPPT
24.205	31.918	PT_LPPD	PT_LPAZ
61.163	85.252	PT_LPPD	PT_LPLA
132.617	179.803	PT_LPPD	PT_LPPT
24.447	27.958	PT_LPPD	US_KBOS
31.72	49.457	PT_LPPR	BE_EBBR
16.133	23.116	PT_LPPR	BR_SBGR
34.594	56.983	PT_LPPR	CH_LSGG
51.409	69.675	PT_LPPR	CH_LSZH
64.142	105.685	PT_LPPR	DE_EDDF
23.653	43.868	PT_LPPR	ES_LEBL
56.622	123.556	PT_LPPR	ES_LEMD
22.728	27.238	PT_LPPR	ES_LEPA
95.228	139.116	PT_LPPR	FR_LFPG
132.779	185.643	PT_LPPR	FR_LFPO
23.007	33.656	PT_LPPR	IT_LIML
21.694	27.326	PT_LPPR	LU_ELLX
74.3	88.122	PT_LPPR	NL_EHAM
46.355	69.487	PT_LPPR	PT_LPFU
422.089	755.286	PT_LPPR	PT_LPPT
39.232	60.785	PT_LPPR	UK_EGGG
49.398	80.873	PT_LPPR	UK_EGKK
63.614	82.5	PT_LPPT	AO_FNLU
169.675	272.743	PT_LPPT	BE_EBBR
47.955	63.037	PT_LPPT	BR_SBGR
59.971	94.528	PT_LPPT	CH_LSGG
111.642	161.271	PT_LPPT	CH_LSZH
169.3	224.414	PT_LPPT	DE_EDDF
64.705	91.488	PT_LPPT	DE_EDDM
46.894	62.151	PT_LPPT	DK_EKCH
130.242	251.596	PT_LPPT	ES_LEBL
272.229	489.72	PT_LPPT	ES_LEMD
195.052	276.57	PT_LPPT	FR_LFPG
191.337	263.941	PT_LPPT	FR_LFPO
54.637	76.954	PT_LPPT	IT_LIML
87.271	124.25	PT_LPPT	IT_LIRF
90.431	117.171	PT_LPPT	NL_EHAM
104.28	170.716	PT_LPPT	PT_LPFR
351.671	501.895	PT_LPPT	PT_LPFU
56.708	83.445	PT_LPPT	PT_LPLA
131.672	182.141	PT_LPPT	PT_LPPD
422.613	758.082	PT_LPPT	PT_LPPR
316.372	422.777	PT_LPPT	UK_EGGG
55.048	92.239	PT_LPPT	UK_EGKK
98.122	122.718	PT_LPPT	US_KEWR
65.916	86.505	PT_LPPT	US_KJFK
141.791	:	BE_EBBR	AT_LOWW
127.512	:	BE_EBBR	CH_LSGG
147.153	:	BE_EBBR	CH_LSZH
57.18	:	BE_EBBR	CZ_LKPR
86.499	:	BE_EBBR	DE_EDDB
239.808	:	BE_EBBR	DE_EDDF
82.956	:	BE_EBBR	DE_EDDH
72.245	:	BE_EBBR	DE_EDDL
140.281	:	BE_EBBR	DE_EDDM
82.911	:	BE_EBBR	DE_EDDS
63.059	:	BE_EBBR	DE_EDDV
219.102	:	BE_EBBR	DK_EKCH
88.615	:	BE_EBBR	EL_LGAT
72.813	:	BE_EBBR	EL_LGIR
47.547	:	BE_EBBR	ES_GCLP
131.848	:	BE_EBBR	ES_GCTS
110.99	:	BE_EBBR	ES_LEAL
46.602	:	BE_EBBR	ES_LEAM
65.354	:	BE_EBBR	ES_LEBB
262.692	:	BE_EBBR	ES_LEBL
281.642	:	BE_EBBR	ES_LEMD
127.35	:	BE_EBBR	ES_LEMG
98.576	:	BE_EBBR	ES_LEPA
80.549	:	BE_EBBR	FI_EFHK
54.862	:	BE_EBBR	FR_LFBD
81.452	:	BE_EBBR	FR_LFLL
60.669	:	BE_EBBR	FR_LFML
155.227	:	BE_EBBR	FR_LFMN
223.462	:	BE_EBBR	FR_LFPG
49.096	:	BE_EBBR	FR_LFST
67.281	:	BE_EBBR	HU_LHBP
83.166	:	BE_EBBR	IE_EIDW
63.331	:	BE_EBBR	IL_LLBG
238.071	:	BE_EBBR	IT_LIMC
45.457	:	BE_EBBR	IT_LIMF
57.249	:	BE_EBBR	IT_LIPE
79.702	:	BE_EBBR	IT_LIPZ
297.085	:	BE_EBBR	IT_LIRF
47.151	:	BE_EBBR	IT_LIRN
88.347	:	BE_EBBR	IT_LIRQ
39.782	:	BE_EBBR	JP_RJAA
59.323	:	BE_EBBR	MA_GMMN
155.211	:	BE_EBBR	NL_EHAM
92.888	:	BE_EBBR	NO_ENFB
48.623	:	BE_EBBR	PL_EPWA
38.536	:	BE_EBBR	PT_LPFR
173.208	:	BE_EBBR	PT_LPPT
78.799	:	BE_EBBR	SE_ESGG
145.052	:	BE_EBBR	SE_ESSA
68.204	:	BE_EBBR	TN_DTMB
37.864	:	BE_EBBR	TN_DTTJ
54.931	:	BE_EBBR	TR_LTAI
122.641	:	BE_EBBR	TR_LTBA
64.651	:	BE_EBBR	TR_LTBJ
108.621	:	BE_EBBR	UK_EGBB
155.381	:	BE_EBBR	UK_EGCC
40.449	:	BE_EBBR	UK_EGGD
729.16	:	BE_EBBR	UK_EGLL
59.352	:	BE_EBBR	UK_EGNT
62.101	:	BE_EBBR	UK_EGPF
70.524	:	BE_EBBR	UK_EGPH
93.299	:	BE_EBBR	US_KATL
50.509	:	BE_EBBR	US_KBOS
72.623	:	BE_EBBR	US_KCVG
54.235	:	BE_EBBR	US_KIAD
188.106	:	BE_EBBR	US_KJFK
103.758	:	BE_EBBR	US_KORD
70.99	:	BE_EBBR	ZA_FAJS
147.203	:	SE_ESDB	SE_ESSA
29.426	:	SE_ESDB	SE_ESSB
10.474	:	SE_ESDF	DK_EKCH
0.053	:	SE_ESDF	SE_ESMK
94.822	:	SE_ESDF	SE_ESSA
78.699	:	SE_ESGG	BE_EBBR
24.813	:	SE_ESGG	CH_LSZH
24.489	:	SE_ESGG	CY_LCLK
66.631	:	SE_ESGG	DE_EDDF
23.002	:	SE_ESGG	DE_EDDM
202.953	:	SE_ESGG	DK_EKCH
20.737	:	SE_ESGG	EL_LGIR
16.33	:	SE_ESGG	EL_LGRP
20.085	:	SE_ESGG	EL_LGSA
11.249	:	SE_ESGG	EL_LGSR
48.43	:	SE_ESGG	ES_GCLP
31.162	:	SE_ESGG	ES_GCTS
13.203	:	SE_ESGG	ES_LEMG
39.677	:	SE_ESGG	ES_LEPA
38.558	:	SE_ESGG	FI_EFHK
38.007	:	SE_ESGG	FR_LFPG
103.197	:	SE_ESGG	NL_EHAM
51.668	:	SE_ESGG	NO_ENFB
15.151	:	SE_ESGG	NO_ENGM
394.612	:	SE_ESGG	SE_ESSA
171.748	:	SE_ESGG	SE_ESSB
19.722	:	SE_ESGG	TR_LTAI
32.844	:	SE_ESGG	UK_EGKK
10.514	:	SE_ESGG	UK_EGLC
132.865	:	SE_ESGG	UK_EGLL
14.825	:	SE_ESGG	UK_EGSS
37.264	:	SE_ESGJ	DK_EKCH
58.779	:	SE_ESGJ	SE_ESSA
5.077	:	SE_ESGJ	TR_LTAI
18.133	:	SE_ESMQ	DK_EKCH
85.713	:	SE_ESMQ	SE_ESSA
23.01	:	SE_ESMS	CY_LCLK
13.13	:	SE_ESMS	EL_LGIR
12.269	:	SE_ESMS	EL_LGRP
15.788	:	SE_ESMS	EL_LGSA
36.023	:	SE_ESMS	ES_GCLP
16.419	:	SE_ESMS	ES_GCTS
12.989	:	SE_ESMS	ES_LEMG
33.091	:	SE_ESMS	ES_LEPA
41.695	:	SE_ESMS	NL_EHAM
7.291	:	SE_ESMS	SE_ESGG
322.189	:	SE_ESMS	SE_ESSA
192.129	:	SE_ESMS	SE_ESSB
17.869	:	SE_ESMS	TR_LTAI
21.316	:	SE_ESMS	UK_EGLC
70.816	:	SE_ESMT	SE_ESSA
6.077	:	SE_ESMT	SE_ESSB
10.122	:	SE_ESNN	SE_ESPA
201.864	:	SE_ESNN	SE_ESSA
8.173	:	SE_ESNQ	SE_ESNU
10.512	:	SE_ESNQ	SE_ESPA
58.605	:	SE_ESNQ	SE_ESSA
111.303	:	SE_ESNS	SE_ESSA
306.3	:	SE_ESNU	SE_ESSA
10.957	:	SE_ESPA	SE_ESNN
388.376	:	SE_ESPA	SE_ESSA
196.239	:	SE_ESPC	SE_ESSA
65.125	:	SE_ESSA	AT_LOWW
143.117	:	SE_ESSA	BE_EBBR
113.997	:	SE_ESSA	CH_LSZH
49.682	:	SE_ESSA	CY_LCLK
188.627	:	SE_ESSA	DE_EDDF
68.801	:	SE_ESSA	DE_EDDM
551.808	:	SE_ESSA	DK_EKCH
43.556	:	SE_ESSA	EE_EETN
41.713	:	SE_ESSA	EL_LGIR
48.134	:	SE_ESSA	EL_LGSA
90.11	:	SE_ESSA	ES_GCLP
51.494	:	SE_ESSA	ES_GCTS
48.58	:	SE_ESSA	ES_LEMG
78.465	:	SE_ESSA	ES_LEPA
375.631	:	SE_ESSA	FI_EFHK
38.217	:	SE_ESSA	FI_EFTP
76.71	:	SE_ESSA	FI_EFTU
43.439	:	SE_ESSA	FI_EFVA
196.049	:	SE_ESSA	FR_LFPG
46.023	:	SE_ESSA	IS_BIKF
67.578	:	SE_ESSA	IT_LIML
200.844	:	SE_ESSA	NL_EHAM
348.253	:	SE_ESSA	NO_ENFB
108.732	:	SE_ESSA	NO_ENGM
50.884	:	SE_ESSA	RU_UUEE
148.386	:	SE_ESSA	SE_ESDB
94.966	:	SE_ESSA	SE_ESDF
400.314	:	SE_ESSA	SE_ESGG
63.228	:	SE_ESSA	SE_ESGJ
62.269	:	SE_ESSA	SE_ESMK
84.781	:	SE_ESSA	SE_ESMQ
328.278	:	SE_ESSA	SE_ESMS
67.638	:	SE_ESSA	SE_ESMT
80.722	:	SE_ESSA	SE_ESMX
203.819	:	SE_ESSA	SE_ESNN
69.922	:	SE_ESSA	SE_ESNO
69.021	:	SE_ESSA	SE_ESNQ
111.868	:	SE_ESSA	SE_ESNS
305.529	:	SE_ESSA	SE_ESNU
387.47	:	SE_ESSA	SE_ESPA
193.696	:	SE_ESSA	SE_ESPC
37.765	:	SE_ESSA	SE_ESSD
86.174	:	SE_ESSA	SE_ESSQ
85.384	:	SE_ESSA	SE_ESSV
38.713	:	SE_ESSA	TH_VTBD
91.811	:	SE_ESSA	UK_EGKK
408.881	:	SE_ESSA	UK_EGLL
61.507	:	SE_ESSA	UK_EGSS
57.57	:	SE_ESSA	US_KEWR
46.636	:	SE_ESSA	US_KJFK
64.825	:	SE_ESSA	US_KORD
29.038	:	SE_ESSB	SE_ESDB
169.272	:	SE_ESSB	SE_ESGG
16.384	:	SE_ESSB	SE_ESGT
190.706	:	SE_ESSB	SE_ESMS
50.78	:	SE_ESSB	SE_ESSV
62.853	:	SE_ESSP	DK_EKCH
11.124	:	SE_ESSP	ES_LEPA
7.572	:	SE_ESSP	SE_ESSA
8.617	:	SE_ESSP	SE_ESSV
27.544	:	SE_ESSQ	DK_EKCH
83.537	:	SE_ESSQ	SE_ESSA
86.706	:	SE_ESSV	SE_ESSA
53.235	:	SE_ESSV	SE_ESSB
9.097	:	SE_ESSV	SE_ESSP
37.042	:	LU_ELLX	BE_EBBR
13.834	:	LU_ELLX	CH_LSGG
30.363	:	LU_ELLX	CH_LSZH
77.511	:	LU_ELLX	DE_EDDF
12.993	:	LU_ELLX	DE_EDDR
24.717	:	LU_ELLX	DK_EKCH
14.066	:	LU_ELLX	ES_GCLP
13.502	:	LU_ELLX	ES_GCTS
14.676	:	LU_ELLX	ES_LEMG
48.002	:	LU_ELLX	ES_LEPA
45.327	:	LU_ELLX	FR_LFPG
46.244	:	LU_ELLX	IS_BIKF
11.925	:	LU_ELLX	IT_LIME
10.412	:	LU_ELLX	IT_LIRF
40.581	:	LU_ELLX	NL_EHAM
23.16	:	LU_ELLX	PT_LPPR
15.131	:	LU_ELLX	PT_LPPT
18.212	:	LU_ELLX	TN_DTMB
30.595	:	LU_ELLX	UK_EGKK
56.593	:	LU_ELLX	UK_EGLL
14.531	:	LU_ELLX	UK_EGSS
