passengers	seats	code_dep	code_arr
172.948	324.426	IT_LIBD	IT_LIMC
19.74	45.58	IT_LIBD	IT_LIMF
109.211	188.091	IT_LIBD	IT_LIML
261.389	485.655	IT_LIBD	IT_LIRF
61.071	124.444	IT_LIBR	IT_LIMC
31.372	64.806	IT_LIBR	IT_LIML
177.407	329.409	IT_LIBR	IT_LIRF
72.111	131.901	IT_LICA	IT_LIMC
16.417	29.83	IT_LICA	IT_LIML
186.127	334.21	IT_LICA	IT_LIRF
41.995	56.561	IT_LICC	BE_EBBR
12.097	16.335	IT_LICC	CH_LSZH
23.368	28.185	IT_LICC	DE_EDDF
46.592	61.145	IT_LICC	DE_EDDL
38.672	44.642	IT_LICC	DE_EDDM
11.636	16.615	IT_LICC	DE_EDDS
25.309	35.16	IT_LICC	FR_LFPG
396.085	776.312	IT_LICC	IT_LIMC
75.939	120.465	IT_LICC	IT_LIMF
17.834	27.585	IT_LICC	IT_LIMJ
165.782	303.302	IT_LICC	IT_LIML
90.417	153.915	IT_LICC	IT_LIPE
70.256	122.165	IT_LICC	IT_LIPN
71.793	109.981	IT_LICC	IT_LIPZ
528.541	937.693	IT_LICC	IT_LIRF
70.437	202.96	IT_LICC	IT_LIRN
32.162	62.335	IT_LICC	IT_LIRP
25.302	41.726	IT_LICC	IT_LIRQ
53.454	96.775	IT_LICC	MT_LMML
19.741	25.941	IT_LICC	NL_EHAM
10.557	13.445	IT_LICC	UK_EGKK
23.083	65.805	IT_LICJ	IT_LIEE
286.729	589.252	IT_LICJ	IT_LIMC
61.23	101.685	IT_LICJ	IT_LIMF
14.523	21.777	IT_LICJ	IT_LIMJ
91.388	191.094	IT_LICJ	IT_LIML
87.316	171.86	IT_LICJ	IT_LIPE
61.71	122.878	IT_LICJ	IT_LIPN
46.885	75.293	IT_LICJ	IT_LIPZ
472.042	947.564	IT_LICJ	IT_LIRF
81.035	206.675	IT_LICJ	IT_LIRN
32.264	62.15	IT_LICJ	IT_LIRP
27.558	36.27	IT_LICJ	IT_LIRQ
68.302	121.515	IT_LICR	IT_LIMC
44.972	71.365	IT_LICR	IT_LIML
156.003	304.575	IT_LICR	IT_LIRF
60.664	116.879	IT_LIEA	IT_LIMC
20.968	41.505	IT_LIEA	IT_LIME
26.854	54.715	IT_LIEA	IT_LIML
8.738	16.447	IT_LIEA	IT_LIPE
150.058	363.256	IT_LIEA	IT_LIRF
24.426	66.39	IT_LIEE	IT_LICJ
15.083	115.176	IT_LIEE	IT_LIEO
116.352	195.288	IT_LIEE	IT_LIMC
61.872	119.36	IT_LIEE	IT_LIME
30.317	66.485	IT_LIEE	IT_LIMF
74.63	133.13	IT_LIEE	IT_LIML
56.098	103.238	IT_LIEE	IT_LIPE
35.787	60.859	IT_LIEE	IT_LIPN
19.299	37.481	IT_LIEE	IT_LIPZ
472.27	934.67	IT_LIEE	IT_LIRF
21.839	31.72	IT_LIEE	IT_LIRN
16.508	28.197	IT_LIEE	IT_LIRP
14.971	19.334	IT_LIEE	IT_LIRQ
15.502	23.27	IT_LIEO	CH_LSZH
11.427	17.735	IT_LIEO	DE_EDDF
15.348	103.589	IT_LIEO	IT_LIEE
110.342	176.984	IT_LIEO	IT_LIMC
49.784	89.524	IT_LIEO	IT_LIME
16.083	35.221	IT_LIEO	IT_LIMF
41.685	73.125	IT_LIEO	IT_LIML
48.993	92.2	IT_LIEO	IT_LIPE
48.056	75.375	IT_LIEO	IT_LIPN
27.321	55.36	IT_LIEO	IT_LIPZ
167.779	250.156	IT_LIEO	IT_LIRF
26.005	43.625	IT_LIEO	IT_LIRP
11.275	17.816	IT_LIEO	UK_EGKK
93.71	206.542	IT_LIMC	AT_LOWW
171.274	429.558	IT_LIMC	BE_EBBR
63.741	118.81	IT_LIMC	BR_SBGR
54.182	84.295	IT_LIMC	CA_CYYZ
45.256	91.574	IT_LIMC	CH_LSGG
160.477	405.427	IT_LIMC	CH_LSZH
36.87	90.548	IT_LIMC	CN_ZBAA
45.437	52.555	IT_LIMC	CU_MUHA
69.971	111.16	IT_LIMC	CZ_LKPR
230.034	501.615	IT_LIMC	DE_EDDF
71.76	132.001	IT_LIMC	DE_EDDH
129.721	281.899	IT_LIMC	DE_EDDL
127.665	271.98	IT_LIMC	DE_EDDM
65.611	138.39	IT_LIMC	DE_EDDS
76.318	118.519	IT_LIMC	DE_EDDT
133.385	228.653	IT_LIMC	DK_EKCH
54.652	59.43	IT_LIMC	DO_MDPC
139.1	166.268	IT_LIMC	EG_HE01
74.669	107.017	IT_LIMC	EG_HECA
47.423	62.011	IT_LIMC	EG_HEGN
202.296	382.009	IT_LIMC	EL_LGAT
57.715	105.554	IT_LIMC	EL_LGTS
202.891	390.739	IT_LIMC	ES_LEBL
50.612	65.459	IT_LIMC	ES_LEIB
267.265	563.118	IT_LIMC	ES_LEMD
59.672	93.968	IT_LIMC	ES_LEMG
49.738	64.22	IT_LIMC	ES_LEVC
63.263	108.305	IT_LIMC	FR_LFLL
47.18	71.956	IT_LIMC	FR_LFML
388.499	751.22	IT_LIMC	FR_LFPG
41.984	75.665	IT_LIMC	IE_EIDW
151.688	218.011	IT_LIMC	IL_LLBG
176.71	329.107	IT_LIMC	IT_LIBD
66.787	129.47	IT_LIMC	IT_LIBR
80.027	134.387	IT_LIMC	IT_LICA
383.494	778.602	IT_LIMC	IT_LICC
299.036	589.86	IT_LIMC	IT_LICJ
72.618	125.883	IT_LIMC	IT_LICR
66.638	117.494	IT_LIMC	IT_LIEA
111.988	193.437	IT_LIMC	IT_LIEE
109.236	183.628	IT_LIMC	IT_LIEO
60.857	144.65	IT_LIMC	IT_LIPE
59.968	95.889	IT_LIMC	IT_LIPQ
47.18	71.759	IT_LIMC	IT_LIPY
113.991	238.997	IT_LIMC	IT_LIPZ
424.806	1090.494	IT_LIMC	IT_LIRF
423.594	771.884	IT_LIMC	IT_LIRN
80.756	158.093	IT_LIMC	IT_LIRP
85.568	114.334	IT_LIMC	IT_LIRQ
116.932	216.585	IT_LIMC	JP_RJAA
49.33	64.87	IT_LIMC	JP_RJBB
70.195	121.962	IT_LIMC	MA_GMMN
65.91	47.96	IT_LIMC	MV_VRMM
85.494	75.85	IT_LIMC	MX_MMUN
203.13	435.718	IT_LIMC	NL_EHAM
39.503	76.955	IT_LIMC	PL_EPWA
105.229	187.385	IT_LIMC	PT_LPPT
74.112	151.93	IT_LIMC	RU_UUEE
85.737	217.45	IT_LIMC	SE_ESSA
36.04	66.949	IT_LIMC	TH_VTBD
38.769	56.077	IT_LIMC	TN_DTMB
43.398	82.435	IT_LIMC	TN_DTTA
60.157	82.509	IT_LIMC	TN_DTTJ
79.03	135.332	IT_LIMC	TR_LTBA
42.321	102.767	IT_LIMC	UK_EGCC
71.388	159.556	IT_LIMC	UK_EGKK
315.037	615.201	IT_LIMC	UK_EGLL
100.302	163.995	IT_LIMC	UK_EGSS
64.65	94.38	IT_LIMC	US_KBOS
43.025	72.06	IT_LIMC	US_KDTW
129.351	183.135	IT_LIMC	US_KEWR
72.946	102.11	IT_LIMC	US_KIAD
211.415	343.633	IT_LIMC	US_KJFK
60.739	78.03	IT_LIMC	US_KLAX
48.705	63.062	IT_LIMC	US_KMIA
123.067	187.756	IT_LIMC	US_KORD
58.962	94.64	IT_LIMC	US_KSFO
37.533	55.12	IT_LIMC	ZA_FAJS
11.381	46.032	IT_LIME	BE_EBBR
12.692	35.779	IT_LIME	CH_LSZH
16.199	43.648	IT_LIME	DE_EDDM
47.983	49.545	IT_LIME	EG_HE01
9.225	16.435	IT_LIME	EG_HEGN
13.191	19.13	IT_LIME	EL_LGRP
12.08	14.27	IT_LIME	ES_GCTS
23.102	30.066	IT_LIME	ES_LEIB
10.442	16.67	IT_LIME	ES_LEPA
10.952	17.02	IT_LIME	FR_LFBT
16.785	34.127	IT_LIME	FR_LFPG
10.171	14.32	IT_LIME	IL_LLBG
18.754	41.037	IT_LIME	IT_LIEA
58.676	119.445	IT_LIME	IT_LIEE
47.614	86.392	IT_LIME	IT_LIEO
17.295	39.128	IT_LIME	IT_LIRF
54.956	117.196	IT_LIME	IT_LIRN
17.297	62.09	IT_LIME	LU_ELLX
10.041	13.676	IT_LIME	TN_DTMB
15.037	22.51	IT_LIME	TN_DTTJ
13.408	18.682	IT_LIME	UK_EGKK
41.398	86.301	IT_LIMF	BE_EBBR
46.434	116.383	IT_LIMF	CH_LSZH
96.5	180.557	IT_LIMF	DE_EDDF
36.413	68.286	IT_LIMF	DE_EDDM
13.183	33.327	IT_LIMF	DE_EDDS
24.685	49.811	IT_LIMF	ES_LEBL
18.338	43.833	IT_LIMF	ES_LEMD
117.846	326.482	IT_LIMF	FR_LFPG
19.875	45.76	IT_LIMF	IT_LIBD
73.774	120.64	IT_LIMF	IT_LICC
63.997	104.804	IT_LIMF	IT_LICJ
31.032	66.485	IT_LIMF	IT_LIEE
15.737	34.83	IT_LIMF	IT_LIEO
407.738	847.992	IT_LIMF	IT_LIRF
117.426	241.939	IT_LIMF	IT_LIRN
36.894	81.8	IT_LIMF	NL_EHAM
15.432	18.83	IT_LIMF	UK_EGCC
29.246	40.657	IT_LIMF	UK_EGKK
92.175	147.138	IT_LIMF	UK_EGSS
51.246	105.121	IT_LIMJ	CH_LSZH
20.574	38.44	IT_LIMJ	DE_EDDM
29.631	68.59	IT_LIMJ	FR_LFPG
16.59	27.12	IT_LIMJ	IT_LICC
14.481	22.344	IT_LIMJ	IT_LICJ
31.023	51.095	IT_LIMJ	IT_LIMC
205.987	379.991	IT_LIMJ	IT_LIRF
22.546	31.678	IT_LIMJ	IT_LIRN
37.851	83.24	IT_LIMJ	UK_EGKK
66.807	112.13	IT_LIMJ	UK_EGSS
87.578	203.48	IT_LIML	BE_EBBR
97.622	194.001	IT_LIML	DE_EDDF
31.505	73.715	IT_LIML	EL_LGAT
76.527	138.104	IT_LIML	ES_LEMD
161.807	306.176	IT_LIML	FR_LFPG
110.034	189.826	IT_LIML	IT_LIBD
35.84	62.51	IT_LIML	IT_LIBP
29.051	64.244	IT_LIML	IT_LIBR
167.96	308.377	IT_LIML	IT_LICC
100.062	188.677	IT_LIML	IT_LICJ
42.997	71.67	IT_LIML	IT_LICR
26.423	54.38	IT_LIML	IT_LIEA
74.667	130.585	IT_LIML	IT_LIEE
45.729	72.73	IT_LIML	IT_LIEO
1259.302	2099.279	IT_LIML	IT_LIRF
167.537	277.195	IT_LIML	IT_LIRN
64.276	130.805	IT_LIML	NL_EHAM
247.094	452.939	IT_LIML	UK_EGLL
73.086	104.474	IT_LIML	UK_EGSS
27.867	49.54	IT_LIPE	AL_LATI
64.232	106.782	IT_LIPE	BE_EBBR
36.491	102.672	IT_LIPE	CH_LSZH
119.282	206.41	IT_LIPE	DE_EDDF
48.074	98.198	IT_LIPE	DE_EDDM
26.847	53.65	IT_LIPE	DK_EKCH
64.746	84.225	IT_LIPE	EG_HE01
16.004	23.25	IT_LIPE	EG_HEGN
14.681	19.95	IT_LIPE	EL_LGIR
13.906	19.59	IT_LIPE	EL_LGRP
23.65	29.574	IT_LIPE	ES_GCTS
47.771	92.543	IT_LIPE	ES_LEBL
23.033	32.98	IT_LIPE	ES_LEIB
18.389	28.426	IT_LIPE	ES_LEMD
15.082	25.573	IT_LIPE	ES_LEPA
12.444	28.956	IT_LIPE	FR_LFMN
143.456	283.711	IT_LIPE	FR_LFPG
91.982	156.725	IT_LIPE	IT_LICC
88.18	173.755	IT_LIPE	IT_LICJ
56.76	113.938	IT_LIPE	IT_LIEE
50.41	89.225	IT_LIPE	IT_LIEO
66.519	141.819	IT_LIPE	IT_LIMC
177.987	370.638	IT_LIPE	IT_LIRF
40.171	120.133	IT_LIPE	IT_LIRN
64.922	112.51	IT_LIPE	NL_EHAM
11.568	9.94	IT_LIPE	PT_LPPT
21.117	26.967	IT_LIPE	SE_ESSA
13.663	21.66	IT_LIPE	TN_DTMB
20.708	30.202	IT_LIPE	TN_DTTJ
44.989	116.035	IT_LIPE	UK_EGKK
65.943	138.821	IT_LIPE	UK_EGLL
40.589	52.97	IT_LIPE	UK_EGSS
35.655	62.448	IT_LIPQ	DE_EDDM
62.246	94.064	IT_LIPQ	IT_LIMC
143.625	248.875	IT_LIPQ	IT_LIRF
8.742	16.972	IT_LIPQ	TR_LTBA
12.024	19.95	IT_LIPX	AT_LOWW
16.396	34.819	IT_LIPX	BE_EBBR
27.221	48.93	IT_LIPX	DE_EDDF
33.486	57.986	IT_LIPX	DE_EDDM
60.235	77.379	IT_LIPX	EG_HE01
17.759	26.8	IT_LIPX	EG_HECA
14.773	17.955	IT_LIPX	EG_HEGN
19.596	26.335	IT_LIPX	EL_LGIR
13.824	20.918	IT_LIPX	EL_LGRP
19.086	22.645	IT_LIPX	ES_GCTS
25.501	48.542	IT_LIPX	ES_LEBL
19.918	25.836	IT_LIPX	ES_LEIB
11.648	15.164	IT_LIPX	ES_LEPA
29.88	52.838	IT_LIPX	FR_LFPG
19.477	25.124	IT_LIPX	IL_LLBG
67.202	120.38	IT_LIPX	IT_LICC
63.302	126.08	IT_LIPX	IT_LICJ
35.728	61.45	IT_LIPX	IT_LIEE
46.574	74.675	IT_LIPX	IT_LIEO
18.685	56.364	IT_LIPX	IT_LIMC
154.618	329.755	IT_LIPX	IT_LIRF
54.49	102.153	IT_LIPX	IT_LIRN
10.402	31.911	IT_LIPX	RO_LRTR
19.269	30.044	IT_LIPX	TN_DTMB
24.739	34.827	IT_LIPX	TN_DTTJ
11.274	14.035	IT_LIPX	UK_EGBB
19.804	25.35	IT_LIPX	UK_EGCC
106.91	171.654	IT_LIPX	UK_EGKK
23.299	46.37	IT_LIPY	DE_EDDM
45.945	71.063	IT_LIPY	IT_LIMC
77.545	176.316	IT_LIPY	IT_LIRF
39.747	58.565	IT_LIPY	UK_EGSS
37.861	60.705	IT_LIPZ	AT_LOWW
90.853	158.095	IT_LIPZ	BE_EBBR
59.263	125.195	IT_LIPZ	CH_LSZH
177.96	317.181	IT_LIPZ	DE_EDDF
13.536	19.17	IT_LIPZ	DE_EDDL
45.911	71.126	IT_LIPZ	DE_EDDM
10.706	33.289	IT_LIPZ	DE_EDDT
29.05	66.079	IT_LIPZ	DK_EKCH
55.916	88.535	IT_LIPZ	ES_LEBL
40.811	59.748	IT_LIPZ	ES_LEMD
25.063	45.386	IT_LIPZ	FR_LFMN
243.239	466.642	IT_LIPZ	FR_LFPG
17.338	24.845	IT_LIPZ	FR_LFPO
72.563	110.579	IT_LIPZ	IT_LICC
47.839	73.262	IT_LIPZ	IT_LICJ
18.939	37.964	IT_LIPZ	IT_LIEE
26.99	55.38	IT_LIPZ	IT_LIEO
118.042	249.57	IT_LIPZ	IT_LIMC
339.541	717.638	IT_LIPZ	IT_LIRF
95.487	252.916	IT_LIPZ	IT_LIRN
77.767	120.09	IT_LIPZ	NL_EHAM
13.872	23.605	IT_LIPZ	RU_UUEE
18.697	24.595	IT_LIPZ	UK_EGCC
96.706	203.052	IT_LIPZ	UK_EGKK
83.011	145.462	IT_LIPZ	UK_EGLL
68.585	94.204	IT_LIPZ	UK_EGSS
38.093	59.57	IT_LIPZ	US_KJFK
20.967	25.736	IT_LIRA	DK_EKCH
11.89	22.945	IT_LIRA	EG_HE01
8.41	16.055	IT_LIRA	EG_HEGN
41.12	60.473	IT_LIRA	FR_LFPO
12.74	17.04	IT_LIRA	IL_LLBG
10.8	14.025	IT_LIRA	NL_EHAM
15.618	18.51	IT_LIRA	SE_ESSA
104.343	131.469	IT_LIRA	UK_EGSS
82.473	101.78	IT_LIRF	AR_SAEZ
90.775	177.729	IT_LIRF	AT_LOWW
339.99	526.38	IT_LIRF	BE_EBBR
41.522	71.97	IT_LIRF	BR_SBGL
85.261	98.93	IT_LIRF	CA_CYYZ
55.227	113.342	IT_LIRF	CH_LSGG
172.938	316.951	IT_LIRF	CH_LSZH
41.027	63.011	IT_LIRF	CZ_LKPR
304.328	574.824	IT_LIRF	DE_EDDF
53.605	133.479	IT_LIRF	DE_EDDL
119.309	223.054	IT_LIRF	DE_EDDM
52.122	77.105	IT_LIRF	DK_EKCH
74.198	101.743	IT_LIRF	EG_HE01
97.117	146.25	IT_LIRF	EG_HECA
214.733	416.737	IT_LIRF	EL_LGAT
204.695	370.555	IT_LIRF	ES_LEBL
381.481	677.886	IT_LIRF	ES_LEMD
82.296	170.187	IT_LIRF	FR_LFMN
598.194	1131.386	IT_LIRF	FR_LFPG
37.879	50.68	IT_LIRF	HK_VHHH
156.146	247.495	IT_LIRF	IL_LLBG
260.686	472.139	IT_LIRF	IT_LIBD
178.979	332.618	IT_LIRF	IT_LIBR
185.279	336.135	IT_LIRF	IT_LICA
540.556	961.921	IT_LIRF	IT_LICC
549.008	968.007	IT_LIRF	IT_LICJ
158.263	305.381	IT_LIRF	IT_LICR
152.174	327.014	IT_LIRF	IT_LIEA
485.445	946.03	IT_LIRF	IT_LIEE
168.485	255.165	IT_LIRF	IT_LIEO
455.062	1107.782	IT_LIRF	IT_LIMC
415.726	846.58	IT_LIRF	IT_LIMF
205.786	372.632	IT_LIRF	IT_LIMJ
1290.163	2115.468	IT_LIRF	IT_LIML
181.748	371.99	IT_LIRF	IT_LIPE
159.406	334.054	IT_LIRF	IT_LIPN
147.765	253.256	IT_LIRF	IT_LIPQ
72.897	173.352	IT_LIRF	IT_LIPY
343.847	721.563	IT_LIRF	IT_LIPZ
151.656	358.316	IT_LIRF	IT_LIRN
95.844	214.022	IT_LIRF	IT_LIRP
73.572	112.766	IT_LIRF	IT_LIRQ
65.68	21.319	IT_LIRF	JP_RJAA
40.954	76.145	IT_LIRF	MA_GMMN
41.238	39.513	IT_LIRF	MK_LWSK
67.424	125.011	IT_LIRF	MT_LMML
270.13	447.895	IT_LIRF	NL_EHAM
80.028	136.464	IT_LIRF	PT_LPPT
106.54	180.296	IT_LIRF	TH_VTBD
91.766	178.778	IT_LIRF	TN_DTTA
68.677	135.263	IT_LIRF	TR_LTBA
151.89	250.685	IT_LIRF	UK_EGKK
560.94	944.425	IT_LIRF	UK_EGLL
64.116	97.005	IT_LIRF	US_KATL
59.919	105.69	IT_LIRF	US_KDTW
150.727	228.57	IT_LIRF	US_KEWR
255.819	348.858	IT_LIRF	US_KJFK
72.319	93.08	IT_LIRF	US_KPHL
65.918	81.911	IT_LIRN	BE_EBBR
14.495	19.503	IT_LIRN	DE_EDDF
26.512	36.484	IT_LIRN	DE_EDDL
58.297	66.844	IT_LIRN	DE_EDDM
11.214	12.34	IT_LIRN	DE_EDDT
11.302	26.9	IT_LIRN	ES_LEBL
22.848	43.692	IT_LIRN	FR_LFMN
41.338	77.834	IT_LIRN	FR_LFPG
36.541	63.06	IT_LIRN	FR_LFPO
14.565	19.899	IT_LIRN	IL_LLBG
70.049	204.586	IT_LIRN	IT_LICC
82.63	209.369	IT_LIRN	IT_LICJ
21.312	34.79	IT_LIRN	IT_LIEE
418.082	758.651	IT_LIRN	IT_LIMC
55.567	121.2	IT_LIRN	IT_LIME
119.09	241.65	IT_LIRN	IT_LIMF
23.519	31.922	IT_LIRN	IT_LIMJ
167.974	280.638	IT_LIRN	IT_LIML
36.984	91.696	IT_LIRN	IT_LIPE
55.36	99.797	IT_LIRN	IT_LIPN
92.456	247.21	IT_LIRN	IT_LIPZ
158.487	328.502	IT_LIRN	IT_LIRF
15.698	12.75	IT_LIRN	MK_LWSK
11.081	24.92	IT_LIRN	NL_EHAM
39.275	46.521	IT_LIRN	UK_EGCC
132.702	171.029	IT_LIRN	UK_EGKK
13.438	15.45	IT_LIRN	UK_EGPF
31.197	37.3	IT_LIRN	UK_EGSS
34.862	58.267	IT_LIRP	DE_EDDM
17.014	30.086	IT_LIRP	FR_LFPG
30.293	60.335	IT_LIRP	IT_LICC
33.761	62.557	IT_LIRP	IT_LICJ
16.754	29.244	IT_LIRP	IT_LIEE
26.041	43.962	IT_LIRP	IT_LIEO
85.0	158.599	IT_LIRP	IT_LIMC
90.941	213.119	IT_LIRP	IT_LIRF
11.018	15.642	IT_LIRP	UK_EGCC
94.679	128.596	IT_LIRP	UK_EGKK
111.69	156.2	IT_LIRP	UK_EGSS
94.147	128.64	IT_LIRQ	BE_EBBR
10.347	20.54	IT_LIRQ	CH_LSZM
41.276	63.45	IT_LIRQ	DE_EDDF
70.668	103.796	IT_LIRQ	DE_EDDM
19.141	32.04	IT_LIRQ	ES_LEBL
15.694	30.786	IT_LIRQ	FR_LFMN
159.821	245.2	IT_LIRQ	FR_LFPG
26.142	40.896	IT_LIRQ	IT_LICC
26.952	36.692	IT_LIRQ	IT_LICJ
14.522	18.59	IT_LIRQ	IT_LIEE
86.144	114.38	IT_LIRQ	IT_LIMC
72.204	112.776	IT_LIRQ	IT_LIRF
36.035	64.125	IT_LIRQ	NL_EHAM
50.564	85.68	IT_LIRQ	UK_EGKK
110.657	195.588	FI_EFHK	BE_EBBR
97.019	162.491	FI_EFHK	CH_LSZH
47.787	70.569	FI_EFHK	CZ_LKPR
174.338	295.725	FI_EFHK	DE_EDDF
61.232	129.437	FI_EFHK	DE_EDDH
60.868	120.79	FI_EFHK	DE_EDDL
75.35	128.708	FI_EFHK	DE_EDDM
58.051	85.21	FI_EFHK	DE_EDDT
239.952	469.139	FI_EFHK	DK_EKCH
75.957	138.84	FI_EFHK	EE_EETN
40.576	44.962	FI_EFHK	EL_LGSA
91.012	99.013	FI_EFHK	ES_GCLP
81.408	90.586	FI_EFHK	ES_GCTS
61.407	63.22	FI_EFHK	ES_LEMG
97.777	109.306	FI_EFHK	FI_EFIV
82.506	141.233	FI_EFHK	FI_EFJO
118.07	202.455	FI_EFHK	FI_EFJY
51.457	124.044	FI_EFHK	FI_EFKE
60.853	122.359	FI_EFHK	FI_EFKI
51.024	119.599	FI_EFHK	FI_EFKK
46.672	85.252	FI_EFHK	FI_EFKS
64.462	102.478	FI_EFHK	FI_EFKT
139.157	274.676	FI_EFHK	FI_EFKU
328.816	615.044	FI_EFHK	FI_EFOU
166.578	206.515	FI_EFHK	FI_EFRO
59.413	153.615	FI_EFHK	FI_EFTP
66.119	154.85	FI_EFHK	FI_EFTU
105.338	210.783	FI_EFHK	FI_EFVA
139.419	236.973	FI_EFHK	FR_LFPG
73.718	122.436	FI_EFHK	HU_LHBP
143.832	268.836	FI_EFHK	NL_EHAM
59.911	157.109	FI_EFHK	NO_ENGM
43.37	86.862	FI_EFHK	PL_EPWA
42.719	63.299	FI_EFHK	RU_ULLI
45.55	116.071	FI_EFHK	RU_UUEE
43.437	132.039	FI_EFHK	SE_ESGG
428.577	914.303	FI_EFHK	SE_ESSA
45.899	77.6	FI_EFHK	TH_VTBD
51.412	103.74	FI_EFHK	UK_EGKK
189.224	332.038	FI_EFHK	UK_EGLL
45.186	67.067	FI_EFHK	UK_EGSS
92.074	147.29	FI_EFHK	US_KJFK
53.005	87.084	FI_EFIV	FI_EFHK
86.048	146.959	FI_EFJO	FI_EFHK
105.841	203.253	FI_EFJY	FI_EFHK
43.93	88.156	FI_EFKE	FI_EFHK
13.179	60.047	FI_EFKE	FI_EFOU
60.844	121.438	FI_EFKI	FI_EFHK
56.376	118.164	FI_EFKK	FI_EFHK
4.633	24.996	FI_EFKK	FI_EFVA
47.249	85.983	FI_EFKS	FI_EFHK
73.721	125.394	FI_EFKT	FI_EFHK
138.267	272.503	FI_EFKU	FI_EFHK
26.919	56.964	FI_EFMA	FI_EFHK
25.526	28.283	FI_EFMA	FI_EFTU
14.611	20.195	FI_EFMA	SE_ESSA
328.059	616.42	FI_EFOU	FI_EFHK
17.129	44.054	FI_EFOU	SE_ESSA
135.531	239.844	FI_EFRO	FI_EFHK
10.995	39.507	FI_EFRO	FI_EFOU
61.606	137.237	FI_EFTP	FI_EFHK
8.593	17.247	FI_EFTP	FI_EFOU
55.651	125.398	FI_EFTP	SE_ESSA
20.175	42.428	FI_EFTU	DK_EKCH
69.048	161.007	FI_EFTU	FI_EFHK
22.629	27.571	FI_EFTU	FI_EFMA
72.091	185.988	FI_EFTU	SE_ESSA
99.788	202.818	FI_EFVA	FI_EFHK
12.903	25.689	FI_EFVA	FI_EFKK
44.845	96.538	FI_EFVA	SE_ESSA
52.287	82.559	AT_LOWG	AT_LOWW
44.802	109.191	AT_LOWG	CH_LSZH
92.472	157.722	AT_LOWG	DE_EDDF
12.731	36.508	AT_LOWG	DE_EDDM
10.518	13.68	AT_LOWG	EL_LGIR
9.874	15.486	AT_LOWG	TN_DTMB
21.779	26.867	AT_LOWG	TR_LTAI
78.982	144.936	AT_LOWI	AT_LOWW
25.751	60.275	AT_LOWI	CH_LSZH
34.915	61.78	AT_LOWI	DE_EDDF
25.025	36.493	AT_LOWI	NL_EHAM
18.648	24.608	AT_LOWI	TR_LTAI
13.904	17.467	AT_LOWI	UK_EGCC
20.613	24.338	AT_LOWI	UK_EGKK
58.696	94.176	AT_LOWK	AT_LOWW
26.297	46.309	AT_LOWK	DE_EDDF
30.862	62.516	AT_LOWL	AT_LOWW
27.146	66.295	AT_LOWL	CH_LSZH
79.04	150.732	AT_LOWL	DE_EDDF
15.437	38.185	AT_LOWL	DE_EDDL
15.616	19.364	AT_LOWL	EL_LGIR
14.264	17.964	AT_LOWL	EL_LGRP
10.345	13.007	AT_LOWL	ES_GCLP
14.887	19.739	AT_LOWL	ES_LEPA
12.488	19.883	AT_LOWL	TN_DTMB
31.497	41.829	AT_LOWL	TR_LTAI
31.703	62.265	AT_LOWS	AT_LOWW
11.384	26.835	AT_LOWS	BE_EBBS
44.458	79.896	AT_LOWS	CH_LSZH
79.316	116.935	AT_LOWS	DE_EDDF
13.805	31.947	AT_LOWS	DE_EDDL
18.287	23.499	AT_LOWS	EL_LGIR
11.673	15.935	AT_LOWS	EL_LGRP
15.29	19.923	AT_LOWS	ES_GCLP
9.451	12.11	AT_LOWS	ES_GCTS
19.301	28.809	AT_LOWS	ES_LEPA
25.719	37.525	AT_LOWS	NL_EHAM
13.249	18.329	AT_LOWS	TN_DTMB
30.825	38.687	AT_LOWS	TR_LTAI
14.13	16.365	AT_LOWS	UK_EGBB
24.799	28.437	AT_LOWS	UK_EGCC
65.711	83.276	AT_LOWS	UK_EGKK
12.663	15.027	AT_LOWS	UK_EGSS
48.151	80.733	AT_LOWW	AT_LOWG
78.706	139.961	AT_LOWW	AT_LOWI
58.229	93.433	AT_LOWW	AT_LOWK
144.585	272.805	AT_LOWW	BE_EBBS
50.45	96.116	AT_LOWW	BG_LBSF
50.683	104.992	AT_LOWW	CH_LSGG
233.641	450.198	AT_LOWW	CH_LSZH
44.868	72.551	AT_LOWW	CH_LSZR
60.237	100.014	AT_LOWW	CZ_LKPR
333.194	516.316	AT_LOWW	DE_EDDF
75.46	125.493	AT_LOWW	DE_EDDH
45.178	70.861	AT_LOWW	DE_EDDK
123.698	201.955	AT_LOWW	DE_EDDL
184.345	335.536	AT_LOWW	DE_EDDM
62.204	91.216	AT_LOWW	DE_EDDS
92.075	144.691	AT_LOWW	DE_EDDT
39.805	62.812	AT_LOWW	DE_EDVV
108.8	171.942	AT_LOWW	DK_EKCH
79.191	127.066	AT_LOWW	EL_LGAT
45.384	54.55	AT_LOWW	EL_LGIR
47.219	68.407	AT_LOWW	EL_LGTS
61.227	83.193	AT_LOWW	ES_LEBL
57.551	87.197	AT_LOWW	ES_LEMD
39.852	66.95	AT_LOWW	FI_EFHK
257.741	412.519	AT_LOWW	FR_LFPG
59.916	104.762	AT_LOWW	HU_LHBP
65.543	92.53	AT_LOWW	IL_LLBG
36.108	53.154	AT_LOWW	IN_VIDP
97.031	165.213	AT_LOWW	IT_LIMC
39.965	64.964	AT_LOWW	IT_LIPV
90.879	160.406	AT_LOWW	IT_LIRF
41.059	58.339	AT_LOWW	JP_RJOO
113.57	99.493	AT_LOWW	MK_LWSK
87.165	129.447	AT_LOWW	MY_WMKK
217.09	331.674	AT_LOWW	NL_EHAM
61.967	133.379	AT_LOWW	PL_EPWA
41.519	87.236	AT_LOWW	RO_LROP
59.626	108.187	AT_LOWW	RU_UUEE
70.655	111.819	AT_LOWW	SE_ESSA
81.871	101.843	AT_LOWW	TH_VTBD
43.356	54.732	AT_LOWW	TN_DTMB
110.15	126.9	AT_LOWW	TR_LTAI
107.243	167.566	AT_LOWW	TR_LTBA
42.926	74.035	AT_LOWW	UA_UKBB
332.774	459.55	AT_LOWW	UK_EGGG
49.967	85.019	AT_LOWW	UK_EGSS
44.92	65.986	AT_LOWW	US_KIAD
71.528	97.22	AT_LOWW	US_KJFK
53.742	75.568	AT_LOWW	US_KORD
42.818	55.091	AT_LOWW	ZA_FAJS
22.658	40.06	UK_EGAA	BE_EBBR
33.558	35.492	UK_EGAA	ES_GCLP
30.055	31.351	UK_EGAA	ES_GCRR
38.433	41.005	UK_EGAA	ES_GCTS
23.621	24.77	UK_EGAA	ES_LEMG
60.201	63.421	UK_EGAA	ES_LEPA
22.32	24.345	UK_EGAA	ES_LERS
23.602	25.609	UK_EGAA	PT_LPFR
76.554	144.232	UK_EGAA	UK_EGBB
48.368	84.52	UK_EGAA	UK_EGCC
129.512	163.353	UK_EGAA	UK_EGGP
161.24	204.555	UK_EGAA	UK_EGGW
579.17	840.583	UK_EGAA	UK_EGLL
39.675	57.682	UK_EGAA	UK_EGNX
21.039	38.023	UK_EGAA	UK_EGPF
96.313	160.241	UK_EGAC	UK_EGBB
58.805	88.461	UK_EGAC	UK_EGCC
19.866	28.884	UK_EGAC	UK_EGGD
23.049	35.692	UK_EGAC	UK_EGGP
12.776	18.185	UK_EGAC	UK_EGHI
126.883	179.264	UK_EGAC	UK_EGKK
40.854	60.598	UK_EGAC	UK_EGNM
29.263	57.865	UK_EGAC	UK_EGNS
48.392	110.073	UK_EGAC	UK_EGNT
47.536	72.06	UK_EGAC	UK_EGPF
36.658	56.71	UK_EGAC	UK_EGPH
81.539	124.311	UK_EGAC	UK_EGSS
13.719	22.965	UK_EGAC	UK_EGSY
117.992	255.823	UK_EGBB	BE_EBBR
45.048	50.795	UK_EGBB	CY_LCLK
49.221	53.381	UK_EGBB	CY_LCPH
117.571	286.041	UK_EGBB	DE_EDDF
97.471	232.625	UK_EGBB	DE_EDDL
81.412	136.808	UK_EGBB	DE_EDDM
55.15	134.553	UK_EGBB	DK_EKCH
38.398	41.451	UK_EGBB	EL_LGKR
42.459	45.981	UK_EGBB	ES_GCFV
72.451	75.991	UK_EGBB	ES_GCLP
64.88	68.73	UK_EGBB	ES_GCRR
137.233	143.183	UK_EGBB	ES_GCTS
89.667	95.125	UK_EGBB	ES_LEAL
61.398	67.678	UK_EGBB	ES_LEIB
94.692	103.963	UK_EGBB	ES_LEMG
48.592	53.377	UK_EGBB	ES_LEMH
170.847	183.596	UK_EGBB	ES_LEPA
199.825	419.559	UK_EGBB	FR_LFPG
50.335	81.625	UK_EGBB	IE_EICK
295.078	388.323	UK_EGBB	IE_EIDW
205.689	363.489	UK_EGBB	NL_EHAM
90.245	97.509	UK_EGBB	PT_LPFR
39.13	41.785	UK_EGBB	TN_DTMB
82.337	155.408	UK_EGBB	UK_EGAA
94.455	156.464	UK_EGBB	UK_EGAC
42.792	56.601	UK_EGBB	UK_EGJJ
155.104	349.687	UK_EGBB	UK_EGPF
161.353	325.414	UK_EGBB	UK_EGPH
54.819	62.264	UK_EGBB	US_KEWR
57.094	74.577	UK_EGBB	US_KORD
84.495	90.616	UK_EGCC	AE_OMDB
171.174	346.495	UK_EGCC	BE_EBBR
92.948	94.983	UK_EGCC	CA_CYYZ
38.42	55.859	UK_EGCC	CH_LSGG
58.29	105.028	UK_EGCC	CH_LSZH
157.62	171.518	UK_EGCC	CY_LCLK
152.692	168.388	UK_EGCC	CY_LCPH
152.681	315.834	UK_EGCC	DE_EDDF
81.472	188.892	UK_EGCC	DE_EDDL
60.219	92.399	UK_EGCC	DE_EDDM
89.968	176.469	UK_EGCC	DK_EKCH
41.245	43.465	UK_EGCC	DO_MDPP
97.71	106.943	UK_EGCC	EL_LGIR
41.026	44.004	UK_EGCC	EL_LGKF
72.004	79.837	UK_EGCC	EL_LGKO
122.0	132.9	UK_EGCC	EL_LGKR
108.122	117.581	UK_EGCC	EL_LGRP
37.627	41.844	UK_EGCC	EL_LGTS
97.979	103.846	UK_EGCC	EL_LGZA
97.652	104.997	UK_EGCC	ES_GCFV
188.616	201.183	UK_EGCC	ES_GCLP
183.853	196.739	UK_EGCC	ES_GCRR
440.848	460.23	UK_EGCC	ES_GCTS
319.905	343.306	UK_EGCC	ES_LEAL
39.351	65.932	UK_EGCC	ES_LEBL
49.972	53.771	UK_EGCC	ES_LEGE
159.05	175.997	UK_EGCC	ES_LEIB
320.179	361.633	UK_EGCC	ES_LEMG
129.257	143.839	UK_EGCC	ES_LEMH
390.083	420.023	UK_EGCC	ES_LEPA
59.392	63.975	UK_EGCC	ES_LERS
280.541	508.248	UK_EGCC	FR_LFPG
317.804	445.728	UK_EGCC	IE_EIDW
45.662	97.351	UK_EGCC	IT_LIMC
38.906	43.377	UK_EGCC	IT_LIRN
114.805	130.805	UK_EGCC	MT_LMML
43.893	47.512	UK_EGCC	MX_MMUN
320.504	600.396	UK_EGCC	NL_EHAM
36.337	49.795	UK_EGCC	PK_OPLA
73.894	88.92	UK_EGCC	PK_OPRN
230.986	253.417	UK_EGCC	PT_LPFR
39.649	44.663	UK_EGCC	PT_LPFU
58.836	114.017	UK_EGCC	SE_ESSA
74.173	80.523	UK_EGCC	TN_DTMB
91.118	100.575	UK_EGCC	TR_LTBS
37.691	41.279	UK_EGCC	TR_LTFE
50.204	86.716	UK_EGCC	UK_EGAA
58.602	89.29	UK_EGCC	UK_EGAC
43.277	54.828	UK_EGCC	UK_EGJJ
296.371	432.432	UK_EGCC	UK_EGKK
667.06	1035.522	UK_EGCC	UK_EGLL
45.347	71.901	UK_EGCC	UK_EGNS
71.594	122.566	UK_EGCC	UK_EGPD
112.816	203.248	UK_EGCC	UK_EGPF
88.441	152.478	UK_EGCC	UK_EGPH
85.378	124.454	UK_EGCC	US_KATL
91.419	102.729	UK_EGCC	US_KEWR
174.01	237.641	UK_EGCC	US_KJFK
128.371	143.929	UK_EGCC	US_KMCO
65.101	75.099	UK_EGCC	US_KORD
39.399	44.44	UK_EGCC	US_KPHL
155.793	171.673	UK_EGCC	US_KSFB
9.717	25.131	UK_EGFF	BE_EBBR
17.125	18.772	UK_EGFF	CY_LCLK
16.826	17.604	UK_EGFF	EL_LGIR
10.886	11.595	UK_EGFF	EL_LGKR
10.674	11.375	UK_EGFF	EL_LGRP
13.094	13.982	UK_EGFF	EL_LGZA
29.943	31.94	UK_EGFF	ES_GCLP
35.69	38.216	UK_EGFF	ES_GCRR
56.192	59.415	UK_EGFF	ES_GCTS
45.26	47.78	UK_EGFF	ES_LEAL
10.224	10.76	UK_EGFF	ES_LEGE
34.271	36.866	UK_EGFF	ES_LEIB
48.55	52.123	UK_EGFF	ES_LEMG
22.821	24.875	UK_EGFF	ES_LEMH
90.459	95.5	UK_EGFF	ES_LEPA
16.062	17.235	UK_EGFF	ES_LERS
19.253	41.18	UK_EGFF	FR_LFPG
46.57	66.86	UK_EGFF	IE_EIDW
63.041	82.728	UK_EGFF	NL_EHAM
23.659	25.93	UK_EGFF	PT_LPFR
16.02	16.995	UK_EGFF	TR_LTBS
10.743	19.469	UK_EGFF	UK_EGAA
10.9	17.348	UK_EGFF	UK_EGJJ
13.434	25.57	UK_EGFF	UK_EGPF
12.398	22.754	UK_EGFF	UK_EGPH
14.288	15.636	UK_EGFF	US_KSFB
52.07	98.845	UK_EGGD	BE_EBBR
23.498	25.739	UK_EGGD	CY_LCLK
20.176	21.18	UK_EGGD	EL_LGIR
16.088	17.259	UK_EGGD	EL_LGKR
19.309	20.665	UK_EGGD	EL_LGRP
14.93	15.664	UK_EGGD	EL_LGZA
30.287	31.443	UK_EGGD	ES_GCFV
31.9	34.557	UK_EGGD	ES_GCLP
32.281	33.945	UK_EGGD	ES_GCRR
64.744	67.619	UK_EGGD	ES_GCTS
35.466	37.397	UK_EGGD	ES_LEAL
31.189	33.456	UK_EGGD	ES_LEIB
33.572	36.096	UK_EGGD	ES_LEMG
27.58	29.442	UK_EGGD	ES_LEMH
70.861	75.435	UK_EGGD	ES_LEPA
11.093	11.774	UK_EGGD	ES_LERS
32.9	50.973	UK_EGGD	FR_LFPG
115.333	163.074	UK_EGGD	IE_EIDW
63.22	83.726	UK_EGGD	NL_EHAM
28.258	29.901	UK_EGGD	PT_LPFR
10.859	11.539	UK_EGGD	TN_DTMB
19.318	28.656	UK_EGGD	UK_EGAC
22.464	53.2	UK_EGGD	UK_EGHD
13.024	17.973	UK_EGGD	UK_EGNS
32.349	46.685	UK_EGGD	UK_EGNT
56.098	93.134	UK_EGGD	UK_EGPF
57.873	90.721	UK_EGGD	UK_EGPH
45.622	61.388	UK_EGGP	CH_LSGG
22.067	23.504	UK_EGGP	ES_LEAL
68.064	86.79	UK_EGGP	ES_LEBL
40.734	54.078	UK_EGGP	ES_LEMD
81.301	96.183	UK_EGGP	ES_LEMG
67.751	80.012	UK_EGGP	ES_LEPA
48.697	63.036	UK_EGGP	FR_LFMN
84.663	128.202	UK_EGGP	IE_EIDW
124.135	154.663	UK_EGGP	NL_EHAM
130.486	164.195	UK_EGGP	UK_EGAA
22.799	35.758	UK_EGGP	UK_EGAC
102.72	149.414	UK_EGGP	UK_EGGW
107.833	141.393	UK_EGGP	UK_EGNS
169.611	227.073	UK_EGGW	CH_LSGG
123.348	157.625	UK_EGGW	CH_LSZH
42.632	46.904	UK_EGGW	CY_LCLK
53.133	58.265	UK_EGGW	CY_LCPH
91.356	109.306	UK_EGGW	EL_LGAT
41.406	44.804	UK_EGGW	ES_GCLP
76.449	85.723	UK_EGGW	ES_GCTS
87.262	101.271	UK_EGGW	ES_LEAL
159.528	188.202	UK_EGGW	ES_LEBL
83.411	101.215	UK_EGGW	ES_LEMD
190.924	223.833	UK_EGGW	ES_LEMG
52.332	62.39	UK_EGGW	ES_LEMH
143.894	167.588	UK_EGGW	ES_LEPA
192.139	243.482	UK_EGGW	FR_LFMN
39.597	56.258	UK_EGGW	GI_LXGB
149.03	199.105	UK_EGGW	IE_EIDW
196.904	242.095	UK_EGGW	NL_EHAM
159.188	205.066	UK_EGGW	UK_EGAA
98.69	149.407	UK_EGGW	UK_EGGP
79.568	99.093	UK_EGGW	UK_EGPD
53.711	65.56	UK_EGGW	UK_EGPE
220.024	284.666	UK_EGGW	UK_EGPF
196.621	248.217	UK_EGGW	UK_EGPH
14.023	15.14	UK_EGHH	ES_GCTS
11.156	12.601	UK_EGHH	ES_LEAL
8.814	9.77	UK_EGHH	ES_LEMG
19.246	21.464	UK_EGHH	ES_LEPA
42.118	62.432	UK_EGHH	IE_EIDW
12.552	26.757	UK_EGHI	BE_EBBR
25.543	40.92	UK_EGHI	FR_LFPG
25.67	43.147	UK_EGHI	IE_EIDW
23.133	35.44	UK_EGHI	NL_EHAM
12.32	18.139	UK_EGHI	UK_EGAC
31.265	52.097	UK_EGHI	UK_EGCC
15.031	23.545	UK_EGHI	UK_EGJA
66.09	90.529	UK_EGHI	UK_EGJB
79.675	125.198	UK_EGHI	UK_EGJJ
12.821	20.996	UK_EGHI	UK_EGNM
18.659	28.901	UK_EGHI	UK_EGNT
36.28	56.187	UK_EGHI	UK_EGPF
37.37	55.079	UK_EGHI	UK_EGPH
15.3	23.46	UK_EGJA	UK_EGHI
17.75	31.882	UK_EGJA	UK_EGJB
21.415	30.465	UK_EGJB	UK_EGBB
25.543	38.191	UK_EGJB	UK_EGCC
67.297	91.075	UK_EGJB	UK_EGHI
17.649	32.562	UK_EGJB	UK_EGJA
114.21	176.055	UK_EGJB	UK_EGJJ
161.315	227.651	UK_EGJB	UK_EGKK
25.118	36.39	UK_EGJB	UK_EGSS
13.343	17.713	UK_EGJB	UK_EGTE
10.84	17.202	UK_EGJJ	FR_LFPG
38.57	50.445	UK_EGJJ	UK_EGBB
45.867	58.129	UK_EGJJ	UK_EGCC
10.882	17.599	UK_EGJJ	UK_EGFF
25.978	37.213	UK_EGJJ	UK_EGGW
14.257	17.663	UK_EGJJ	UK_EGHD
80.048	124.827	UK_EGJJ	UK_EGHI
132.95	208.638	UK_EGJJ	UK_EGJB
194.687	280.568	UK_EGJJ	UK_EGKK
16.942	25.766	UK_EGJJ	UK_EGLC
114.201	174.359	UK_EGJJ	UK_EGLL
12.737	15.812	UK_EGJJ	UK_EGNM
31.472	43.61	UK_EGJJ	UK_EGNX
24.277	35.011	UK_EGJJ	UK_EGTE
83.348	112.004	UK_EGKK	AE_OMDB
119.397	124.103	UK_EGKK	AG_TAPA
88.516	107.468	UK_EGKK	AR_SAEZ
66.996	84.139	UK_EGKK	AT_LOWS
227.278	279.614	UK_EGKK	BB_TBPB
58.98	174.11	UK_EGKK	BE_EBBR
92.619	104.46	UK_EGKK	BH_OBBI
40.718	52.64	UK_EGKK	BM_TXKF
83.829	104.661	UK_EGKK	BR_SBGR
45.618	44.369	UK_EGKK	CA_CYMX
57.806	56.128	UK_EGKK	CA_CYYC
76.333	77.318	UK_EGKK	CA_CYYZ
178.548	270.916	UK_EGKK	CH_LSGG
54.061	93.508	UK_EGKK	CH_LSZH
163.782	181.068	UK_EGKK	CY_LCLK
161.429	177.595	UK_EGKK	CY_LCPH
90.091	172.446	UK_EGKK	DE_EDDF
52.876	126.598	UK_EGKK	DE_EDDH
51.435	88.303	UK_EGKK	DE_EDDL
77.36	127.29	UK_EGKK	DE_EDDM
44.978	79.6	UK_EGKK	DE_EDDW
47.841	90.757	UK_EGKK	DE_EDVV
60.381	107.606	UK_EGKK	DK_EKBI
57.869	99.017	UK_EGKK	DK_EKCH
45.516	48.081	UK_EGKK	DO_MDPP
45.712	48.971	UK_EGKK	EG_HELX
118.067	155.617	UK_EGKK	EL_LGAT
115.34	126.314	UK_EGKK	EL_LGIR
57.965	63.947	UK_EGKK	EL_LGKF
99.121	108.1	UK_EGKK	EL_LGKO
143.728	159.571	UK_EGKK	EL_LGKR
108.538	118.013	UK_EGKK	EL_LGRP
61.338	79.961	UK_EGKK	EL_LGTS
89.743	94.911	UK_EGKK	EL_LGZA
90.879	94.527	UK_EGKK	ES_GCFV
187.961	200.033	UK_EGKK	ES_GCLP
202.986	213.055	UK_EGKK	ES_GCRR
381.27	401.142	UK_EGKK	ES_GCTS
318.799	372.039	UK_EGKK	ES_LEAL
82.966	119.085	UK_EGKK	ES_LEBL
43.497	48.997	UK_EGKK	ES_LEGE
157.894	176.119	UK_EGKK	ES_LEIB
130.878	217.355	UK_EGKK	ES_LEMD
428.862	477.938	UK_EGKK	ES_LEMG
165.743	181.326	UK_EGKK	ES_LEMH
397.742	449.896	UK_EGKK	ES_LEPA
40.645	45.87	UK_EGKK	ES_LERS
54.381	96.326	UK_EGKK	FI_EFHK
68.275	119.476	UK_EGKK	FR_LFBD
100.177	153.694	UK_EGKK	FR_LFBO
111.583	183.248	UK_EGKK	FR_LFLL
101.48	153.522	UK_EGKK	FR_LFML
42.847	60.52	UK_EGKK	FR_LFMN
160.711	253.982	UK_EGKK	FR_LFPG
40.555	78.815	UK_EGKK	FR_LFRS
63.278	82.505	UK_EGKK	GI_LXGB
37.589	42.229	UK_EGKK	GM_GBYD
64.173	78.973	UK_EGKK	IE_EICK
392.117	515.875	UK_EGKK	IE_EIDW
65.099	98.837	UK_EGKK	IE_EINN
136.292	171.383	UK_EGKK	IL_LLBG
78.871	149.765	UK_EGKK	IT_LIMC
40.388	78.326	UK_EGKK	IT_LIMJ
45.284	115.291	UK_EGKK	IT_LIPE
109.09	159.861	UK_EGKK	IT_LIPN
99.876	198.917	UK_EGKK	IT_LIPZ
154.989	242.695	UK_EGKK	IT_LIRF
130.467	160.723	UK_EGKK	IT_LIRN
95.092	119.736	UK_EGKK	IT_LIRP
51.219	81.39	UK_EGKK	IT_LIRQ
67.797	57.96	UK_EGKK	JM_MKJP
39.02	41.056	UK_EGKK	JM_MKJS
120.242	146.375	UK_EGKK	KE_HKNA
36.95	85.216	UK_EGKK	LU_ELLX
165.251	201.189	UK_EGKK	MT_LMML
93.982	92.934	UK_EGKK	MX_MMUN
80.732	141.169	UK_EGKK	NG_DNMM
163.921	224.413	UK_EGKK	NL_EHAM
45.066	80.102	UK_EGKK	NO_ENGM
324.218	357.062	UK_EGKK	PT_LPFR
72.445	82.512	UK_EGKK	PT_LPFU
65.409	101.84	UK_EGKK	PT_LPPT
95.134	143.396	UK_EGKK	SE_ESGG
90.238	146.561	UK_EGKK	SE_ESSA
91.18	98.028	UK_EGKK	TN_DTMB
90.624	99.457	UK_EGKK	TR_LTBS
51.158	56.32	UK_EGKK	TR_LTFE
62.96	63.291	UK_EGKK	TT_TTCP
128.044	182.162	UK_EGKK	UK_EGAC
307.152	447.746	UK_EGKK	UK_EGCC
160.34	229.104	UK_EGKK	UK_EGJB
196.478	280.189	UK_EGKK	UK_EGJJ
98.468	145.535	UK_EGKK	UK_EGNT
120.47	180.126	UK_EGKK	UK_EGPD
79.13	107.38	UK_EGKK	UK_EGPE
188.354	254.795	UK_EGKK	UK_EGPF
182.073	231.145	UK_EGKK	UK_EGPH
295.16	445.432	UK_EGKK	US_KATL
125.214	153.55	UK_EGKK	US_KBOS
56.028	88.944	UK_EGKK	US_KBWI
43.415	62.092	UK_EGKK	US_KCLE
123.929	171.917	UK_EGKK	US_KCLT
72.412	115.228	UK_EGKK	US_KCVG
103.383	136.609	UK_EGKK	US_KDEN
215.793	304.075	UK_EGKK	US_KDFW
104.165	128.943	UK_EGKK	US_KDTW
271.91	339.87	UK_EGKK	US_KEWR
256.632	355.749	UK_EGKK	US_KIAH
54.581	88.701	UK_EGKK	US_KJFK
453.715	484.996	UK_EGKK	US_KMCO
231.324	284.679	UK_EGKK	US_KMIA
88.749	102.34	UK_EGKK	US_KMSP
111.205	170.046	UK_EGKK	US_KPHL
126.206	146.365	UK_EGKK	US_KPHX
49.049	68.913	UK_EGKK	US_KRDU
144.909	151.95	UK_EGKK	US_KSFB
68.173	85.805	UK_EGKK	US_KSTL
60.065	49.56	UK_EGKK	US_KTPA
79.029	112.582	UK_EGKK	ZW_FVHA
42.77	71.182	UK_EGLC	BE_EBAW
43.603	79.302	UK_EGLC	BE_EBBR
36.347	77.229	UK_EGLC	CH_LSGG
13.59	24.293	UK_EGLC	CH_LSZB
69.987	136.08	UK_EGLC	CH_LSZH
35.914	54.18	UK_EGLC	DE_EDDF
31.983	61.25	UK_EGLC	DE_EDLN
11.669	28.6	UK_EGLC	FR_LFOH
48.868	109.283	UK_EGLC	FR_LFPG
29.145	58.819	UK_EGLC	FR_LFSB
121.796	202.534	UK_EGLC	IE_EIDW
19.853	43.02	UK_EGLC	LU_ELLX
64.669	89.976	UK_EGLC	NL_EHAM
44.936	71.577	UK_EGLC	NL_EHRD
11.473	28.3	UK_EGLC	SE_ESMS
16.343	25.855	UK_EGLC	UK_EGJJ
16.126	23.212	UK_EGLC	UK_EGNS
17.199	29.64	UK_EGLC	UK_EGPF
65.841	124.604	UK_EGLC	UK_EGPH
23.873	34.357	UK_EGLC	UK_EGPN
143.33	241.163	UK_EGLL	AE_OMAA
500.252	725.482	UK_EGLL	AE_OMDB
323.162	499.1	UK_EGLL	AT_LOWW
576.767	1080.225	UK_EGLL	BE_EBBR
177.054	272.614	UK_EGLL	BH_OBBI
71.503	89.424	UK_EGLL	BR_SBGR
55.406	71.561	UK_EGLL	CA_CYOW
158.211	201.038	UK_EGLL	CA_CYUL
250.029	295.538	UK_EGLL	CA_CYVR
126.84	148.629	UK_EGLL	CA_CYYC
512.305	606.849	UK_EGLL	CA_CYYZ
362.119	602.989	UK_EGLL	CH_LSGG
523.835	842.117	UK_EGLL	CH_LSZH
73.068	106.16	UK_EGLL	CN_ZBAA
217.985	274.097	UK_EGLL	CY_LCLK
219.405	301.208	UK_EGLL	CZ_LKPR
790.95	1214.52	UK_EGLL	DE_EDDF
216.51	361.147	UK_EGLL	DE_EDDH
118.235	193.678	UK_EGLL	DE_EDDK
286.807	498.444	UK_EGLL	DE_EDDL
414.801	631.2	UK_EGLL	DE_EDDM
188.217	358.42	UK_EGLL	DE_EDDS
221.45	341.306	UK_EGLL	DE_EDDT
83.481	141.007	UK_EGLL	DE_EDVV
457.739	703.686	UK_EGLL	DK_EKCH
169.975	265.035	UK_EGLL	EG_HECA
357.366	512.452	UK_EGLL	EL_LGAT
79.861	172.775	UK_EGLL	ES_LEBB
353.142	506.414	UK_EGLL	ES_LEBL
568.62	949.523	UK_EGLL	ES_LEMD
92.569	126.568	UK_EGLL	ES_LEMG
40.708	54.555	UK_EGLL	ES_LEPA
38.683	61.688	UK_EGLL	ES_LEZL
195.099	316.013	UK_EGLL	FI_EFHK
43.549	76.843	UK_EGLL	FR_LFBO
68.964	139.431	UK_EGLL	FR_LFLL
306.392	425.885	UK_EGLL	FR_LFMN
972.604	1540.398	UK_EGLL	FR_LFPG
191.983	359.92	UK_EGLL	FR_LFPO
91.65	167.485	UK_EGLL	FR_LFSB
545.075	655.33	UK_EGLL	HK_VHHH
181.59	298.479	UK_EGLL	HU_LHBP
193.245	249.65	UK_EGLL	IE_EICK
1113.504	1441.904	UK_EGLL	IE_EIDW
152.932	201.026	UK_EGLL	IE_EINN
269.657	339.237	UK_EGLL	IL_LLBG
232.633	279.121	UK_EGLL	IN_VABB
222.32	257.821	UK_EGLL	IN_VIDP
37.303	42.105	UK_EGLL	IN_VOMM
60.977	102.784	UK_EGLL	IR_OIII
87.456	106.003	UK_EGLL	IS_BIKF
316.011	562.111	UK_EGLL	IT_LIMC
252.697	414.807	UK_EGLL	IT_LIML
66.005	112.52	UK_EGLL	IT_LIPE
81.839	115.616	UK_EGLL	IT_LIPZ
580.371	844.98	UK_EGLL	IT_LIRF
56.271	82.312	UK_EGLL	JO_OJAI
515.438	682.11	UK_EGLL	JP_RJAA
168.269	199.652	UK_EGLL	JP_RJBB
53.347	67.981	UK_EGLL	KE_HKNA
80.977	100.121	UK_EGLL	KR_RKSS
117.869	199.704	UK_EGLL	KW_OKBK
69.088	103.186	UK_EGLL	LB_OLBA
85.237	112.961	UK_EGLL	LK_VCBI
38.77	98.668	UK_EGLL	LU_ELLX
100.778	138.326	UK_EGLL	MT_LMML
51.799	62.556	UK_EGLL	MX_MMMX
303.89	362.579	UK_EGLL	MY_WMKK
72.407	112.496	UK_EGLL	NG_DNMM
1185.001	1611.841	UK_EGLL	NL_EHAM
54.455	70.178	UK_EGLL	NL_EHRD
359.012	597.648	UK_EGLL	NO_ENGM
50.077	83.495	UK_EGLL	NO_ENZV
68.174	102.189	UK_EGLL	PK_OPRN
196.294	321.964	UK_EGLL	PL_EPWA
53.427	71.182	UK_EGLL	PT_LPFR
80.235	123.226	UK_EGLL	PT_LPPR
292.921	406.05	UK_EGLL	PT_LPPT
68.623	114.969	UK_EGLL	QA_OTBD
152.081	311.266	UK_EGLL	RU_UUEE
85.174	196.932	UK_EGLL	SA_OEJN
52.232	124.968	UK_EGLL	SA_OERK
72.623	107.721	UK_EGLL	SE_ESGG
455.015	680.724	UK_EGLL	SE_ESSA
770.725	918.501	UK_EGLL	SG_WSSS
490.382	581.293	UK_EGLL	TH_VTBD
258.763	375.602	UK_EGLL	TR_LTBA
587.523	840.711	UK_EGLL	UK_EGAA
663.218	1028.013	UK_EGLL	UK_EGCC
115.424	174.252	UK_EGLL	UK_EGJJ
108.616	166.148	UK_EGLL	UK_EGNM
59.137	92.926	UK_EGLL	UK_EGNS
236.624	340.481	UK_EGLL	UK_EGNT
85.878	142.634	UK_EGLL	UK_EGNV
260.888	388.534	UK_EGLL	UK_EGPD
766.351	1161.285	UK_EGLL	UK_EGPF
840.683	1210.883	UK_EGLL	UK_EGPH
449.944	577.526	UK_EGLL	US_KBOS
88.413	136.294	UK_EGLL	US_KDTW
398.366	562.597	UK_EGLL	US_KEWR
528.57	734.943	UK_EGLL	US_KIAD
1509.797	2170.954	UK_EGLL	US_KJFK
822.7	1099.375	UK_EGLL	US_KLAX
200.937	277.634	UK_EGLL	US_KMIA
785.044	1226.866	UK_EGLL	US_KORD
166.487	221.218	UK_EGLL	US_KPHL
113.63	136.996	UK_EGLL	US_KSEA
543.505	685.904	UK_EGLL	US_KSFO
221.256	298.964	UK_EGLL	ZA_FACT
452.865	592.182	UK_EGLL	ZA_FAJS
7.16	7.954	UK_EGNH	ES_LEAL
6.268	14.608	UK_EGNH	IE_EIDW
5.812	10.161	UK_EGNH	UK_EGAC
12.86	20.802	UK_EGNH	UK_EGNS
15.638	41.668	UK_EGNH	ZZ_ZZZZ
8.405	9.186	UK_EGNJ	ES_GCLP
21.314	22.576	UK_EGNJ	ES_GCTS
19.498	20.14	UK_EGNJ	ES_LEAL
8.776	9.755	UK_EGNJ	ES_LEIB
10.527	10.982	UK_EGNJ	ES_LEMG
27.772	29.68	UK_EGNJ	ES_LEPA
13.567	32.971	UK_EGNJ	FR_LFPG
63.621	100.603	UK_EGNJ	NL_EHAM
9.403	10.12	UK_EGNJ	TR_LTBS
11.664	21.087	UK_EGNJ	UK_EGPD
14.671	24.945	UK_EGNJ	ZZ_ZZZZ
51.011	99.869	UK_EGNM	BE_EBBR
19.753	21.512	UK_EGNM	ES_GCLP
21.237	22.905	UK_EGNM	ES_GCRR
49.741	52.078	UK_EGNM	ES_GCTS
35.414	37.553	UK_EGNM	ES_LEAL
12.951	14.284	UK_EGNM	ES_LEIB
27.623	29.465	UK_EGNM	ES_LEMG
16.773	18.588	UK_EGNM	ES_LEMH
53.859	58.387	UK_EGNM	ES_LEPA
28.171	45.577	UK_EGNM	FR_LFPG
109.133	158.031	UK_EGNM	IE_EIDW
66.878	101.775	UK_EGNM	NL_EHAM
12.661	13.747	UK_EGNM	PT_LPFR
40.567	60.27	UK_EGNM	UK_EGAC
12.993	21.373	UK_EGNM	UK_EGHI
12.893	15.836	UK_EGNM	UK_EGJJ
105.427	166.601	UK_EGNM	UK_EGLL
11.272	22.587	UK_EGNM	UK_EGPD
19.574	33.283	UK_EGNM	UK_EGPF
15.762	28.471	UK_EGNM	UK_EGPH
19.558	35.203	UK_EGNS	IE_EIDW
30.479	57.412	UK_EGNS	UK_EGAC
22.632	41.362	UK_EGNS	UK_EGBB
45.872	71.843	UK_EGNS	UK_EGCC
12.554	18.328	UK_EGNS	UK_EGGD
108.149	140.825	UK_EGNS	UK_EGGP
23.572	32.935	UK_EGNS	UK_EGGW
19.036	28.106	UK_EGNS	UK_EGLC
59.38	93.05	UK_EGNS	UK_EGLL
12.833	20.672	UK_EGNS	UK_EGNH
12.754	22.591	UK_EGNS	UK_EGPF
66.312	112.123	UK_EGNT	BE_EBBR
33.776	36.761	UK_EGNT	CY_LCLK
26.122	27.684	UK_EGNT	EL_LGIR
30.695	32.865	UK_EGNT	EL_LGKR
37.961	39.981	UK_EGNT	ES_GCLP
35.657	38.084	UK_EGNT	ES_GCRR
76.31	79.325	UK_EGNT	ES_GCTS
71.009	73.746	UK_EGNT	ES_LEAL
35.502	37.722	UK_EGNT	ES_LEIB
46.737	49.208	UK_EGNT	ES_LEMG
26.27	28.639	UK_EGNT	ES_LEMH
99.117	105.732	UK_EGNT	ES_LEPA
47.528	87.692	UK_EGNT	FR_LFPG
30.705	40.302	UK_EGNT	IE_EIDW
118.441	181.302	UK_EGNT	NL_EHAM
31.066	33.132	UK_EGNT	PT_LPFR
25.792	27.802	UK_EGNT	TR_LTBS
48.141	109.858	UK_EGNT	UK_EGAC
32.825	46.204	UK_EGNT	UK_EGGD
99.313	145.087	UK_EGNT	UK_EGKK
231.266	340.123	UK_EGNT	UK_EGLL
41.767	91.249	UK_EGNT	UK_EGPD
22.272	38.668	UK_EGNT	UK_EGSS
20.271	21.904	UK_EGNT	US_KSFB
30.09	31.377	UK_EGNV	ES_GCTS
21.893	22.321	UK_EGNV	ES_LEAL
46.686	48.963	UK_EGNV	ES_LEPA
32.544	46.859	UK_EGNV	IE_EIDW
42.474	53.293	UK_EGNV	NL_EHAM
86.681	142.828	UK_EGNV	UK_EGLL
13.209	26.777	UK_EGNV	UK_EGPD
22.033	37.927	UK_EGNX	BE_EBBR
21.941	23.492	UK_EGNX	CY_LCLK
23.151	24.569	UK_EGNX	CY_LCPH
14.208	34.111	UK_EGNX	DE_EDDF
21.381	23.111	UK_EGNX	EL_LGIR
31.03	33.099	UK_EGNX	EL_LGKR
25.12	27.163	UK_EGNX	EL_LGRP
14.68	15.57	UK_EGNX	EL_LGZA
22.21	23.243	UK_EGNX	ES_GCFV
27.394	29.039	UK_EGNX	ES_GCLP
46.236	48.039	UK_EGNX	ES_GCRR
74.303	77.751	UK_EGNX	ES_GCTS
59.94	62.663	UK_EGNX	ES_LEAL
11.141	11.872	UK_EGNX	ES_LEGE
39.278	41.747	UK_EGNX	ES_LEIB
55.5	60.592	UK_EGNX	ES_LEMG
35.932	39.495	UK_EGNX	ES_LEMH
121.871	130.483	UK_EGNX	ES_LEPA
50.896	90.122	UK_EGNX	FR_LFPG
42.728	62.089	UK_EGNX	IE_EIDW
15.272	16.933	UK_EGNX	MT_LMML
56.543	101.41	UK_EGNX	NL_EHAM
43.218	48.113	UK_EGNX	PT_LPFR
19.794	20.845	UK_EGNX	TR_LTBS
37.541	56.353	UK_EGNX	UK_EGAA
31.061	43.656	UK_EGNX	UK_EGJJ
49.27	101.686	UK_EGNX	UK_EGPF
40.778	77.473	UK_EGNX	UK_EGPH
6.678	11.162	UK_EGPA	UK_EGPB
20.05	31.354	UK_EGPA	UK_EGPD
13.861	20.481	UK_EGPA	UK_EGPE
6.881	11.179	UK_EGPB	UK_EGPA
46.85	73.401	UK_EGPB	UK_EGPD
5.778	8.888	UK_EGPB	UK_EGPH
7.487	9.765	UK_EGPB	ZZ_ZZZZ
10.418	11.832	UK_EGPD	ES_GCTS
14.985	15.776	UK_EGPD	ES_LEPA
92.721	121.614	UK_EGPD	NL_EHAM
64.085	166.085	UK_EGPD	NO_ENZV
28.563	45.652	UK_EGPD	UK_EGBB
72.168	123.54	UK_EGPD	UK_EGCC
80.721	99.37	UK_EGPD	UK_EGGW
126.579	179.086	UK_EGPD	UK_EGKK
256.46	387.906	UK_EGPD	UK_EGLL
11.441	20.967	UK_EGPD	UK_EGNJ
10.713	22.567	UK_EGPD	UK_EGNM
42.003	85.989	UK_EGPD	UK_EGNT
13.781	29.14	UK_EGPD	UK_EGNV
19.304	31.485	UK_EGPD	UK_EGPA
45.173	74.689	UK_EGPD	UK_EGPB
66.7	113.496	UK_EGPD	UK_EGPM
26.287	57.219	UK_EGPD	UK_EGSH
185.875	286.768	UK_EGPD	ZZ_ZZZZ
53.959	64.878	UK_EGPE	UK_EGGW
76.722	106.973	UK_EGPE	UK_EGKK
13.866	20.834	UK_EGPE	UK_EGPA
14.968	27.266	UK_EGPE	UK_EGPF
10.958	20.607	UK_EGPE	UK_EGPH
12.841	21.213	UK_EGPE	UK_EGPO
66.563	103.344	UK_EGPF	BE_EBBR
73.248	81.465	UK_EGPF	CA_CYYZ
38.351	40.613	UK_EGPF	CY_LCLK
70.822	75.314	UK_EGPF	ES_GCLP
53.678	56.205	UK_EGPF	ES_GCRR
113.066	117.187	UK_EGPF	ES_GCTS
80.138	83.679	UK_EGPF	ES_LEAL
38.029	40.625	UK_EGPF	ES_LEIB
74.642	78.572	UK_EGPF	ES_LEMG
126.709	133.452	UK_EGPF	ES_LEPA
102.033	135.86	UK_EGPF	IE_EIDW
48.352	62.191	UK_EGPF	IS_BIKF
116.087	154.84	UK_EGPF	NL_EHAM
55.913	61.199	UK_EGPF	PT_LPFR
47.587	72.406	UK_EGPF	UK_EGAC
157.993	348.25	UK_EGPF	UK_EGBB
104.417	196.887	UK_EGPF	UK_EGCC
54.512	90.811	UK_EGPF	UK_EGGD
221.862	285.176	UK_EGPF	UK_EGGW
38.63	57.17	UK_EGPF	UK_EGHI
184.781	249.075	UK_EGPF	UK_EGKK
766.304	1158.704	UK_EGPF	UK_EGLL
48.155	101.396	UK_EGPF	UK_EGNX
55.762	61.47	UK_EGPF	US_KEWR
41.776	43.949	UK_EGPF	US_KSFB
78.596	125.869	UK_EGPH	BE_EBBR
50.67	79.507	UK_EGPH	DE_EDDF
96.895	147.675	UK_EGPH	FR_LFPG
120.765	152.574	UK_EGPH	IE_EIDW
145.057	204.868	UK_EGPH	NL_EHAM
158.172	323.453	UK_EGPH	UK_EGBB
88.527	154.365	UK_EGPH	UK_EGCC
57.982	90.443	UK_EGPH	UK_EGGD
199.326	248.226	UK_EGPH	UK_EGGW
37.831	54.441	UK_EGPH	UK_EGHI
184.221	230.659	UK_EGPH	UK_EGKK
66.647	126.112	UK_EGPH	UK_EGLC
837.638	1210.665	UK_EGPH	UK_EGLL
41.611	78.536	UK_EGPH	UK_EGNX
227.555	332.631	UK_EGPH	UK_EGSS
24.978	36.14	UK_EGPK	DE_EDFH
19.082	20.153	UK_EGPK	ES_LEPA
59.052	89.15	UK_EGPK	FR_LFOB
98.924	134.608	UK_EGPK	IE_EIDW
222.675	309.695	UK_EGPK	UK_EGSS
63.767	112.363	UK_EGPM	UK_EGPD
56.675	70.728	UK_EGPM	ZZ_ZZZZ
13.434	22.023	UK_EGPO	UK_EGPE
24.873	39.775	UK_EGPO	UK_EGPF
9.247	10.28	UK_EGSH	ES_LEAL
9.263	12.034	UK_EGSH	ES_LEMG
13.641	14.324	UK_EGSH	ES_LEPA
50.762	70.03	UK_EGSH	NL_EHAM
26.079	57.346	UK_EGSH	UK_EGPD
8.04	14.255	UK_EGSH	UK_EGPH
15.874	30.477	UK_EGSH	ZZ_ZZZZ
51.86	86.827	UK_EGSS	AT_LOWW
47.065	63.995	UK_EGSS	CH_LSGG
84.318	118.624	UK_EGSS	CZ_LKPR
152.399	239.26	UK_EGSS	DE_EDDF
73.922	123.975	UK_EGSS	DE_EDDH
56.375	107.423	UK_EGSS	DE_EDDL
188.915	249.828	UK_EGSS	DE_EDDM
69.496	114.785	UK_EGSS	DE_EDDT
115.032	175.706	UK_EGSS	DE_EDFH
48.654	87.856	UK_EGSS	DE_ETBS
71.97	117.424	UK_EGSS	DK_EKAH
176.66	292.702	UK_EGSS	DK_EKCH
60.309	66.943	UK_EGSS	ES_GCTS
67.404	82.003	UK_EGSS	ES_LEAL
51.088	69.582	UK_EGSS	ES_LEBB
88.787	114.179	UK_EGSS	ES_LEBL
39.993	48.933	UK_EGSS	ES_LEIB
86.094	123.156	UK_EGSS	ES_LEMD
114.273	136.572	UK_EGSS	ES_LEMG
42.196	46.665	UK_EGSS	ES_LEMH
106.814	126.402	UK_EGSS	ES_LEPA
49.202	78.54	UK_EGSS	FI_EFHK
43.72	65.734	UK_EGSS	FR_LFBZ
51.572	91.912	UK_EGSS	FR_LFLL
54.359	73.205	UK_EGSS	FR_LFMK
82.595	140.693	UK_EGSS	FR_LFPG
117.842	155.743	UK_EGSS	IE_EICK
412.927	522.005	UK_EGSS	IE_EIDW
63.716	84.967	UK_EGSS	IE_EIKN
118.263	177.067	UK_EGSS	IE_EINN
103.039	169.399	UK_EGSS	IT_LIMC
93.944	144.756	UK_EGSS	IT_LIMF
65.494	107.092	UK_EGSS	IT_LIMJ
74.849	116.441	UK_EGSS	IT_LIML
41.71	56.048	UK_EGSS	IT_LIPE
91.026	122.972	UK_EGSS	IT_LIPH
42.434	61.69	UK_EGSS	IT_LIPO
40.167	57.589	UK_EGSS	IT_LIPY
68.179	97.246	UK_EGSS	IT_LIPZ
105.74	136.198	UK_EGSS	IT_LIRA
109.813	152.776	UK_EGSS	IT_LIRP
204.404	304.474	UK_EGSS	NL_EHAM
57.285	87.536	UK_EGSS	NO_ENTO
92.253	106.015	UK_EGSS	PT_LPFR
61.799	78.36	UK_EGSS	PT_LPPT
130.618	191.943	UK_EGSS	SE_ESKN
56.733	94.517	UK_EGSS	SE_ESSA
81.746	124.712	UK_EGSS	UK_EGAC
62.102	87.208	UK_EGSS	UK_EGAE
225.574	333.104	UK_EGSS	UK_EGPH
220.509	308.968	UK_EGSS	UK_EGPK
8.72	9.378	UK_EGTE	ES_GCLP
17.093	17.943	UK_EGTE	ES_GCTS
16.511	17.596	UK_EGTE	ES_LEPA
9.855	14.715	UK_EGTE	IE_EIDW
21.099	34.387	UK_EGTE	UK_EGBB
13.412	17.683	UK_EGTE	UK_EGJB
23.895	35.12	UK_EGTE	UK_EGJJ
49.637	:	CH_LSGG	AT_LOWW
132.244	:	CH_LSGG	BE_EBBR
35.942	:	CH_LSGG	CH_LSZA
466.646	:	CH_LSGG	CH_LSZH
38.079	:	CH_LSGG	CH_LSZM
170.154	:	CH_LSGG	DE_EDDF
50.477	:	CH_LSGG	DE_EDDM
71.786	:	CH_LSGG	DK_EKCH
51.655	:	CH_LSGG	EL_LGAT
127.566	:	CH_LSGG	ES_LEBL
95.607	:	CH_LSGG	ES_LEMD
20.937	:	CH_LSGG	ES_LEPA
154.996	:	CH_LSGG	FR_LFMN
349.488	:	CH_LSGG	FR_LFPG
33.742	:	CH_LSGG	IL_LLBG
44.717	:	CH_LSGG	IT_LIMC
58.937	:	CH_LSGG	IT_LIRF
47.169	:	CH_LSGG	MA_GMMN
223.949	:	CH_LSGG	NL_EHAM
37.385	:	CH_LSGG	PT_LPPR
62.241	:	CH_LSGG	PT_LPPT
38.182	:	CH_LSGG	RU_UUEE
29.354	:	CH_LSGG	SE_ESSA
29.359	:	CH_LSGG	TN_DTTA
23.87	:	CH_LSGG	TN_DTTJ
36.324	:	CH_LSGG	TR_LTBA
37.598	:	CH_LSGG	UK_EGCC
45.238	:	CH_LSGG	UK_EGGP
170.204	:	CH_LSGG	UK_EGGW
178.935	:	CH_LSGG	UK_EGKK
34.481	:	CH_LSGG	UK_EGLC
365.032	:	CH_LSGG	UK_EGLL
46.018	:	CH_LSGG	UK_EGSS
57.332	:	CH_LSGG	US_KJFK
35.894	:	CH_LSZA	CH_LSGG
11.897	:	CH_LSZA	CH_LSZB
63.876	:	CH_LSZA	CH_LSZH
25.891	:	CH_LSZA	CH_LSZM
5.315	:	CH_LSZB	AT_LOWW
26.367	:	CH_LSZB	CH_LSZM
10.63	:	CH_LSZB	DE_EDDM
9.619	:	CH_LSZB	FR_LFPG
25.409	:	CH_LSZB	NL_EHAM
13.241	:	CH_LSZB	UK_EGLC
52.456	:	CH_LSZH	AE_OMDB
44.025	:	CH_LSZH	AR_SAEZ
45.771	:	CH_LSZH	AT_LOWG
43.602	:	CH_LSZH	AT_LOWS
220.299	:	CH_LSZH	AT_LOWW
208.827	:	CH_LSZH	BE_EBBR
65.27	:	CH_LSZH	CA_CYUL
52.321	:	CH_LSZH	CA_CYYZ
460.131	:	CH_LSZH	CH_LSGG
60.528	:	CH_LSZH	CH_LSZA
109.254	:	CH_LSZH	CH_LSZM
40.534	:	CH_LSZH	CN_ZSPD
92.94	:	CH_LSZH	CY_LCLK
121.933	:	CH_LSZH	CZ_LKPR
284.757	:	CH_LSZH	DE_EDDF
128.805	:	CH_LSZH	DE_EDDH
74.262	:	CH_LSZH	DE_EDDK
163.41	:	CH_LSZH	DE_EDDL
160.677	:	CH_LSZH	DE_EDDM
65.985	:	CH_LSZH	DE_EDDS
157.274	:	CH_LSZH	DE_EDDT
72.094	:	CH_LSZH	DE_EDDV
167.771	:	CH_LSZH	DK_EKCH
62.638	:	CH_LSZH	EG_HECA
48.335	:	CH_LSZH	EG_HESH
125.67	:	CH_LSZH	EL_LGAT
48.567	:	CH_LSZH	EL_LGIR
61.543	:	CH_LSZH	ES_GCLP
159.82	:	CH_LSZH	ES_LEBL
161.344	:	CH_LSZH	ES_LEMD
101.614	:	CH_LSZH	ES_LEMG
114.111	:	CH_LSZH	ES_LEPA
98.675	:	CH_LSZH	FI_EFHK
54.346	:	CH_LSZH	FR_LFLL
50.508	:	CH_LSZH	FR_LFML
130.834	:	CH_LSZH	FR_LFMN
343.755	:	CH_LSZH	FR_LFPG
46.709	:	CH_LSZH	FR_LFPO
62.028	:	CH_LSZH	HK_VHHH
133.601	:	CH_LSZH	HU_LHBP
43.807	:	CH_LSZH	IE_EIDW
172.888	:	CH_LSZH	IL_LLBG
64.5	:	CH_LSZH	IN_VABB
58.116	:	CH_LSZH	IN_VIDP
171.205	:	CH_LSZH	IT_LIMC
43.957	:	CH_LSZH	IT_LIMF
49.837	:	CH_LSZH	IT_LIMJ
39.596	:	CH_LSZH	IT_LIPE
61.65	:	CH_LSZH	IT_LIPZ
163.63	:	CH_LSZH	IT_LIRF
84.5	:	CH_LSZH	JP_RJAA
58.491	:	CH_LSZH	JP_RJBB
45.902	:	CH_LSZH	LU_ELLX
244.942	:	CH_LSZH	MK_LWSK
42.44	:	CH_LSZH	MT_LMML
44.156	:	CH_LSZH	MY_WMKK
307.612	:	CH_LSZH	NL_EHAM
64.192	:	CH_LSZH	NO_ENGM
88.331	:	CH_LSZH	PL_EPWA
49.799	:	CH_LSZH	PT_LPPR
159.495	:	CH_LSZH	PT_LPPT
66.927	:	CH_LSZH	RO_LROP
77.696	:	CH_LSZH	RU_UUEE
152.706	:	CH_LSZH	SE_ESSA
127.72	:	CH_LSZH	SG_WSSS
38.403	:	CH_LSZH	SI_LJLJ
87.214	:	CH_LSZH	TH_VTBD
175.987	:	CH_LSZH	TR_LTBA
50.872	:	CH_LSZH	UK_EGCC
123.698	:	CH_LSZH	UK_EGGW
50.355	:	CH_LSZH	UK_EGKK
73.392	:	CH_LSZH	UK_EGLC
514.262	:	CH_LSZH	UK_EGLL
130.748	:	CH_LSZH	US_KATL
100.244	:	CH_LSZH	US_KBOS
40.371	:	CH_LSZH	US_KDFW
127.24	:	CH_LSZH	US_KEWR
62.204	:	CH_LSZH	US_KIAD
214.095	:	CH_LSZH	US_KJFK
86.387	:	CH_LSZH	US_KLAX
68.98	:	CH_LSZH	US_KMIA
79.795	:	CH_LSZH	US_KORD
65.1	:	CH_LSZH	US_KSFO
111.565	:	CH_LSZH	ZA_FAJS
30.21	:	CH_LSZM	AT_LOWW
32.037	:	CH_LSZM	BE_EBBR
36.28	:	CH_LSZM	CH_LSGG
24.827	:	CH_LSZM	CH_LSZA
22.745	:	CH_LSZM	CH_LSZB
113.127	:	CH_LSZM	CH_LSZH
51.343	:	CH_LSZM	DE_EDDF
28.527	:	CH_LSZM	DE_EDDH
33.674	:	CH_LSZM	DE_EDDI
12.036	:	CH_LSZM	DE_EDDK
22.776	:	CH_LSZM	DE_EDDL
29.452	:	CH_LSZM	DE_EDDM
15.906	:	CH_LSZM	DE_EDDV
30.072	:	CH_LSZM	DK_EKCH
20.163	:	CH_LSZM	DO_MDPP
12.002	:	CH_LSZM	EG_HEGN
21.369	:	CH_LSZM	EL_LGIR
11.751	:	CH_LSZM	EL_LGRP
8.513	:	CH_LSZM	ES_GCFV
19.999	:	CH_LSZM	ES_GCLP
15.377	:	CH_LSZM	ES_GCRR
27.542	:	CH_LSZM	ES_GCTS
23.48	:	CH_LSZM	ES_LEAL
10.141	:	CH_LSZM	ES_LEBB
36.423	:	CH_LSZM	ES_LEBL
12.883	:	CH_LSZM	ES_LEIB
18.777	:	CH_LSZM	ES_LEMD
27.551	:	CH_LSZM	ES_LEMG
78.161	:	CH_LSZM	ES_LEPA
11.265	:	CH_LSZM	ES_LEVC
11.365	:	CH_LSZM	FR_LFBD
19.36	:	CH_LSZM	FR_LFBO
9.607	:	CH_LSZM	FR_LFLC
16.846	:	CH_LSZM	FR_LFLL
13.84	:	CH_LSZM	FR_LFML
23.772	:	CH_LSZM	FR_LFMN
126.384	:	CH_LSZM	FR_LFPG
222.522	:	CH_LSZM	FR_LFPO
11.024	:	CH_LSZM	IT_LIMC
11.072	:	CH_LSZM	IT_LIRF
10.433	:	CH_LSZM	IT_LIRQ
13.031	:	CH_LSZM	KE_HKMO
35.805	:	CH_LSZM	NL_EHAM
9.765	:	CH_LSZM	PT_LPPT
19.175	:	CH_LSZM	SE_ESGG
20.952	:	CH_LSZM	SE_ESSA
22.042	:	CH_LSZM	TN_DTMB
14.328	:	CH_LSZM	TN_DTTJ
22.246	:	CH_LSZM	TR_LTAI
19.612	:	CH_LSZM	TR_LTBA
13.926	:	CH_LSZM	UK_EGBB
20.377	:	CH_LSZM	UK_EGCC
25.449	:	CH_LSZM	UK_EGLC
94.303	:	CH_LSZM	UK_EGLL
62.721	:	CH_LSZH_RS	ME_LYBE
89.298	:	CH_LSZH_RS	ME_LYPR
24.68	53.92	DE_EDDB	BE_EBBR
16.395	21.776	DE_EDDB	BG_LBBG
10.967	22.898	DE_EDDB	BG_LBSF
21.863	28.046	DE_EDDB	BG_LBWN
18.358	21.554	DE_EDDB	CU_MUVR
15.888	27.347	DE_EDDB	DE_EDDH
48.733	76.575	DE_EDDB	DE_EDDK
13.919	23.289	DE_EDDB	DE_EDDM
12.198	22.993	DE_EDDB	DE_EDDP
13.033	20.432	DE_EDDB	DE_EDVV
15.764	17.657	DE_EDDB	DO_MDPC
31.502	37.425	DE_EDDB	DO_MDPP
38.432	47.497	DE_EDDB	EG_HEGN
43.651	52.517	DE_EDDB	EL_LGIR
14.262	18.122	DE_EDDB	EL_LGRD
19.185	24.02	DE_EDDB	ES_GCFV
39.965	50.83	DE_EDDB	ES_GCLP
16.233	22.983	DE_EDDB	ES_GCRR
33.994	40.619	DE_EDDB	ES_GCTS
18.395	23.157	DE_EDDB	ES_LEIB
94.991	117.364	DE_EDDB	ES_LEPA
17.497	23.441	DE_EDDB	IL_LLBG
17.602	42.511	DE_EDDB	IT_LIRF
16.342	16.006	DE_EDDB	MK_LWSK
13.826	15.614	DE_EDDB	MT_LMML
14.977	20.884	DE_EDDB	PT_LPFR
16.822	27.357	DE_EDDB	RU_ULLI
55.331	96.483	DE_EDDB	RU_UUEE
44.497	55.544	DE_EDDB	TN_DTMB
10.69	13.68	DE_EDDB	TN_DTTJ
11.728	18.098	DE_EDDB	TR_LTAC
68.357	81.089	DE_EDDB	TR_LTAI
48.519	82.119	DE_EDDB	UK_EGSS
10.561	16.042	DE_EDDC	BG_LBWN
16.232	36.503	DE_EDDC	CH_LSZH
182.683	264.582	DE_EDDC	DE_EDDF
30.183	51.887	DE_EDDC	DE_EDDH
49.872	78.188	DE_EDDC	DE_EDDK
63.677	103.386	DE_EDDC	DE_EDDL
108.311	168.868	DE_EDDC	DE_EDDM
12.544	22.875	DE_EDDC	DE_EDDN
24.387	57.646	DE_EDDC	DE_EDDP
47.073	76.831	DE_EDDC	DE_EDDS
23.895	27.701	DE_EDDC	EL_LGIR
10.654	13.848	DE_EDDC	EL_LGRD
9.995	13.035	DE_EDDC	ES_GCFV
22.652	28.47	DE_EDDC	ES_GCLP
17.555	21.728	DE_EDDC	ES_GCTS
9.084	12.44	DE_EDDC	ES_LEIB
56.079	73.859	DE_EDDC	ES_LEPA
21.908	39.979	DE_EDDC	NL_EHAM
10.611	13.721	DE_EDDC	PT_LPFR
20.482	26.647	DE_EDDC	TN_DTMB
24.613	30.238	DE_EDDC	TR_LTAI
8.092	11.651	DE_EDDE	BG_LBWN
7.115	9.507	DE_EDDE	DE_EDDC
15.934	26.394	DE_EDDE	DE_EDDN
12.662	15.826	DE_EDDE	EL_LGIR
9.217	11.773	DE_EDDE	EL_LGRD
10.994	15.246	DE_EDDE	ES_GCLP
8.598	12.255	DE_EDDE	ES_GCTS
41.811	55.716	DE_EDDE	ES_LEPA
12.534	16.741	DE_EDDE	TN_DTMB
20.178	24.459	DE_EDDE	TR_LTAI
178.852	236.441	DE_EDDF	AE_OMDB
101.867	118.502	DE_EDDF	AR_SABA
90.789	148.469	DE_EDDF	AT_LOWG
79.399	150.031	DE_EDDF	AT_LOWL
76.631	116.513	DE_EDDF	AT_LOWS
323.464	507.219	DE_EDDF	AT_LOWW
263.921	484.635	DE_EDDF	BE_EBBR
48.926	77.22	DE_EDDF	BG_LBSF
169.038	190.793	DE_EDDF	BR_SBGR
249.719	292.985	DE_EDDF	CA_CYTZ
71.893	87.127	DE_EDDF	CA_CYUL
98.838	113.86	DE_EDDF	CA_CYVR
89.937	111.956	DE_EDDF	CA_CYYC
170.196	291.55	DE_EDDF	CH_LSGG
282.241	470.672	DE_EDDF	CH_LSZH
50.606	77.395	DE_EDDF	CH_LSZM
161.982	211.392	DE_EDDF	CN_ZBAA
102.301	139.717	DE_EDDF	CN_ZSSA
40.829	55.443	DE_EDDF	CO_SKBO
60.934	83.472	DE_EDDF	CY_LCLK
165.246	272.075	DE_EDDF	CZ_LKPR
185.053	263.343	DE_EDDF	DE_EDDC
82.21	141.962	DE_EDDF	DE_EDDG
747.853	994.484	DE_EDDF	DE_EDDH
165.241	260.954	DE_EDDF	DE_EDDK
328.82	480.069	DE_EDDF	DE_EDDL
766.271	990.926	DE_EDDF	DE_EDDM
188.664	295.11	DE_EDDF	DE_EDDN
174.24	267.826	DE_EDDF	DE_EDDP
233.724	355.723	DE_EDDF	DE_EDDS
873.639	1217.01	DE_EDDF	DE_EDDT
212.021	283.457	DE_EDDF	DE_EDDW
31.007	47.565	DE_EDDF	DE_EDLP
55.232	85.161	DE_EDDF	DE_EDNY
293.772	428.247	DE_EDDF	DE_EDVV
37.676	83.37	DE_EDDF	DK_EKBI
244.271	363.058	DE_EDDF	DK_EKCH
62.389	68.996	DE_EDDF	DO_MDPC
45.149	52.749	DE_EDDF	DO_MDPP
159.627	197.253	DE_EDDF	EG_HECA
100.208	119.206	DE_EDDF	EG_HEGN
218.581	318.521	DE_EDDF	EL_LGAT
79.1	90.772	DE_EDDF	EL_LGIR
45.139	53.127	DE_EDDF	EL_LGRD
78.584	106.461	DE_EDDF	EL_LGTS
92.173	101.601	DE_EDDF	ES_GCFV
118.0	135.257	DE_EDDF	ES_GCLP
66.451	77.232	DE_EDDF	ES_GCRR
89.176	102.53	DE_EDDF	ES_GCTS
51.514	63.306	DE_EDDF	ES_LEAL
73.441	107.757	DE_EDDF	ES_LEBB
257.326	374.853	DE_EDDF	ES_LEBL
63.214	75.547	DE_EDDF	ES_LEIB
337.815	570.578	DE_EDDF	ES_LEMD
138.832	169.413	DE_EDDF	ES_LEMG
390.618	466.704	DE_EDDF	ES_LEPA
62.409	88.401	DE_EDDF	ES_LEVC
175.649	275.805	DE_EDDF	FI_EFHF
55.148	97.158	DE_EDDF	FR_LFBO
121.889	203.04	DE_EDDF	FR_LFLL
146.23	213.104	DE_EDDF	FR_LFMN
507.132	875.001	DE_EDDF	FR_LFPG
49.862	92.888	DE_EDDF	FR_LFPO
251.818	311.192	DE_EDDF	HK_VHHH
89.234	178.501	DE_EDDF	HR_LDZA
185.323	278.088	DE_EDDF	HU_LHBP
127.152	173.163	DE_EDDF	IE_EIDW
184.24	240.443	DE_EDDF	IL_LLBG
133.672	173.415	DE_EDDF	IN_VABB
107.035	138.367	DE_EDDF	IN_VIDP
48.732	61.079	DE_EDDF	IN_VOMM
77.807	101.627	DE_EDDF	IR_OIII
47.186	65.067	DE_EDDF	IS_BIKF
222.621	394.639	DE_EDDF	IT_LIMC
98.515	157.397	DE_EDDF	IT_LIMF
111.82	198.291	DE_EDDF	IT_LIML
120.717	175.146	DE_EDDF	IT_LIPE
176.804	263.733	DE_EDDF	IT_LIPZ
297.469	492.523	DE_EDDF	IT_LIRF
39.129	56.476	DE_EDDF	IT_LIRQ
51.743	74.447	DE_EDDF	JO_OJAI
477.27	633.01	DE_EDDF	JP_RJAA
169.216	205.208	DE_EDDF	KR_RKSS
55.576	75.418	DE_EDDF	KW_OKBK
43.625	68.336	DE_EDDF	LB_OLBA
55.933	74.29	DE_EDDF	LK_VCBI
82.21	166.67	DE_EDDF	LU_ELLX
52.478	78.186	DE_EDDF	MA_GMMC
83.072	116.6	DE_EDDF	MT_LMML
122.679	140.593	DE_EDDF	MX_MMMX
65.621	93.205	DE_EDDF	MY_WMKK
54.856	72.422	DE_EDDF	NA_FYWH
334.802	476.541	DE_EDDF	NL_EHAM
138.263	218.226	DE_EDDF	NO_ENOS
76.577	91.589	DE_EDDF	PH_RPMM
39.181	83.889	DE_EDDF	PL_EPKT
144.921	252.014	DE_EDDF	PL_EPWA
84.953	102.921	DE_EDDF	PT_LPFR
66.782	94.066	DE_EDDF	PT_LPPR
217.383	297.077	DE_EDDF	PT_LPPT
50.623	87.306	DE_EDDF	RO_LROP
71.298	101.475	DE_EDDF	RU_ULLI
199.57	306.975	DE_EDDF	RU_UUEE
85.246	138.98	DE_EDDF	SE_ESGG
207.033	316.368	DE_EDDF	SE_ESSA
406.711	487.261	DE_EDDF	SG_WSSS
61.108	105.778	DE_EDDF	SI_LJLJ
402.911	477.425	DE_EDDF	TH_VTBD
87.59	104.631	DE_EDDF	TN_DTMB
50.54	87.668	DE_EDDF	TN_DTTA
44.392	57.01	DE_EDDF	TN_DTTJ
105.177	150.167	DE_EDDF	TR_LTAC
212.096	236.198	DE_EDDF	TR_LTAI
307.308	422.894	DE_EDDF	TR_LTBA
54.534	88.191	DE_EDDF	UA_UKKK
121.222	267.163	DE_EDDF	UK_EGBB
152.325	305.284	DE_EDDF	UK_EGCC
94.866	178.169	DE_EDDF	UK_EGKK
771.516	1207.69	DE_EDDF	UK_EGLL
47.304	76.81	DE_EDDF	UK_EGPH
151.131	240.576	DE_EDDF	UK_EGSS
217.195	256.433	DE_EDDF	US_KATL
160.893	191.289	DE_EDDF	US_KBOS
42.373	47.705	DE_EDDF	US_KCLT
86.241	98.807	DE_EDDF	US_KCVG
142.091	171.392	DE_EDDF	US_KDAL
340.281	413.5	DE_EDDF	US_KDCA
148.366	189.84	DE_EDDF	US_KDTW
193.322	234.381	DE_EDDF	US_KEWR
66.295	86.021	DE_EDDF	US_KIAH
485.141	612.136	DE_EDDF	US_KJFK
252.913	278.433	DE_EDDF	US_KLAX
128.926	142.903	DE_EDDF	US_KMIA
413.161	515.266	DE_EDDF	US_KORD
127.983	168.448	DE_EDDF	US_KPHL
72.646	88.617	DE_EDDF	US_KPIT
178.182	200.261	DE_EDDF	US_KSFO
214.794	254.741	DE_EDDF	ZA_FAJS
13.694	37.433	DE_EDDG	CH_LSZH
83.591	141.22	DE_EDDG	DE_EDDF
22.691	46.33	DE_EDDG	DE_EDDI
91.751	129.18	DE_EDDG	DE_EDDM
18.36	39.951	DE_EDDG	DE_EDDN
27.556	63.209	DE_EDDG	DE_EDDS
21.99	70.971	DE_EDDG	DE_EDLW
17.405	21.931	DE_EDDG	EL_LGIR
23.908	28.396	DE_EDDG	ES_GCFV
35.655	44.107	DE_EDDG	ES_GCLP
16.943	22.274	DE_EDDG	ES_GCRR
15.545	21.077	DE_EDDG	ES_GCTS
19.283	24.227	DE_EDDG	ES_LEAL
18.409	25.442	DE_EDDG	ES_LEIB
8.236	10.621	DE_EDDG	ES_LEMG
211.959	266.557	DE_EDDG	ES_LEPA
47.433	85.148	DE_EDDG	NL_EHAM
15.901	20.717	DE_EDDG	PT_LPFR
12.364	16.353	DE_EDDG	TN_DTMB
32.231	38.363	DE_EDDG	TR_LTAI
15.846	19.199	DE_EDDG	TR_LTBA
75.25	125.227	DE_EDDH	AT_LOWW
93.918	187.893	DE_EDDH	BE_EBBR
124.297	237.633	DE_EDDH	CH_LSZH
731.965	998.133	DE_EDDH	DE_EDDF
160.216	238.42	DE_EDDH	DE_EDDK
186.454	293.26	DE_EDDH	DE_EDDL
638.591	889.333	DE_EDDH	DE_EDDM
57.077	89.268	DE_EDDH	DE_EDDN
226.518	357.666	DE_EDDH	DE_EDDS
59.4	99.595	DE_EDDH	DE_EDDT
73.428	117.354	DE_EDDH	DK_EKCH
43.409	51.102	DE_EDDH	EL_LGIR
62.762	72.452	DE_EDDH	ES_GCFV
84.808	100.853	DE_EDDH	ES_GCLP
47.825	58.678	DE_EDDH	ES_GCRR
62.488	74.236	DE_EDDH	ES_GCTS
46.02	54.785	DE_EDDH	ES_LEMG
268.789	312.868	DE_EDDH	ES_LEPA
58.398	118.371	DE_EDDH	FI_EFHF
179.633	327.262	DE_EDDH	FR_LFPG
70.373	125.024	DE_EDDH	IT_LIMC
118.068	167.09	DE_EDDH	NL_EHAM
46.062	55.79	DE_EDDH	PT_LPFR
44.485	54.916	DE_EDDH	TN_DTMB
110.775	126.069	DE_EDDH	TR_LTAI
67.429	99.956	DE_EDDH	TR_LTBA
53.847	138.61	DE_EDDH	UK_EGKK
214.799	364.417	DE_EDDH	UK_EGLL
73.006	124.674	DE_EDDH	UK_EGSS
88.443	145.779	DE_EDDI	BE_EBBR
11.111	29.208	DE_EDDI	CH_LSGG
32.542	64.788	DE_EDDI	CH_LSZM
22.356	45.489	DE_EDDI	DE_EDDG
49.434	105.157	DE_EDDI	DE_EDDN
28.49	49.544	DE_EDDI	DE_EDDR
39.262	56.075	DE_EDDI	DE_EDFM
32.265	65.736	DE_EDDI	DE_EDLW
27.817	57.035	DE_EDDI	DE_EDMA
12.203	26.651	DE_EDDI	DE_EDTK
13.486	27.275	DE_EDDI	LU_ELLX
44.554	70.952	DE_EDDK	AT_LOWW
72.673	154.515	DE_EDDK	CH_LSZH
47.114	74.25	DE_EDDK	DE_EDDB
47.884	78.659	DE_EDDK	DE_EDDC
161.872	277.174	DE_EDDK	DE_EDDF
155.201	244.773	DE_EDDK	DE_EDDH
442.332	704.357	DE_EDDK	DE_EDDM
38.765	81.611	DE_EDDK	DE_EDDN
38.439	99.756	DE_EDDK	DE_EDDP
480.538	782.605	DE_EDDK	DE_EDDT
54.244	65.013	DE_EDDK	ES_GCLP
44.066	53.214	DE_EDDK	ES_GCTS
267.407	330.297	DE_EDDK	ES_LEPA
86.169	157.766	DE_EDDK	FR_LFPG
45.804	79.72	DE_EDDK	NL_EHAM
43.665	59.949	DE_EDDK	TR_LTAC
86.003	98.884	DE_EDDK	TR_LTAI
82.414	110.539	DE_EDDK	TR_LTBA
114.03	186.213	DE_EDDK	UK_EGLL
124.01	213.46	DE_EDDL	AT_LOWW
74.945	165.539	DE_EDDL	BE_EBBR
162.345	350.699	DE_EDDL	CH_LSZH
66.274	99.064	DE_EDDL	DE_EDDC
320.052	474.437	DE_EDDL	DE_EDDF
194.463	336.778	DE_EDDL	DE_EDDH
710.284	1051.394	DE_EDDL	DE_EDDM
75.103	114.613	DE_EDDL	DE_EDDN
61.355	105.763	DE_EDDL	DE_EDDP
144.925	223.149	DE_EDDL	DE_EDDS
396.354	691.796	DE_EDDL	DE_EDDT
99.668	174.287	DE_EDDL	DK_EKCH
46.179	56.324	DE_EDDL	DO_MDPC
34.831	39.482	DE_EDDL	DO_MDPP
60.932	75.655	DE_EDDL	EG_HEGN
75.035	91.415	DE_EDDL	EL_LGIR
51.265	64.776	DE_EDDL	EL_LGRD
109.103	148.094	DE_EDDL	EL_LGTS
122.497	139.632	DE_EDDL	ES_GCFV
140.812	165.147	DE_EDDL	ES_GCLP
82.542	99.203	DE_EDDL	ES_GCRR
104.015	127.112	DE_EDDL	ES_GCTS
86.74	109.194	DE_EDDL	ES_LEAL
71.137	115.36	DE_EDDL	ES_LEBL
109.929	140.527	DE_EDDL	ES_LEIB
62.572	109.027	DE_EDDL	ES_LEMD
112.225	141.227	DE_EDDL	ES_LEMG
623.64	759.519	DE_EDDL	ES_LEPA
62.893	115.017	DE_EDDL	FI_EFHF
191.531	391.754	DE_EDDL	FR_LFPG
39.434	60.772	DE_EDDL	HU_LHBP
57.372	87.266	DE_EDDL	IE_EIDW
44.355	55.53	DE_EDDL	IT_LICC
128.556	235.38	DE_EDDL	IT_LIMC
68.98	123.166	DE_EDDL	IT_LIRF
50.519	45.029	DE_EDDL	MK_LWSK
92.195	172.66	DE_EDDL	NL_EHAM
101.843	128.074	DE_EDDL	PT_LPFR
52.35	92.606	DE_EDDL	RU_UUEE
101.458	125.878	DE_EDDL	TN_DTMB
72.574	96.906	DE_EDDL	TR_LTAC
320.018	366.348	DE_EDDL	TR_LTAI
195.998	250.5	DE_EDDL	TR_LTBA
44.343	53.918	DE_EDDL	TR_LTBJ
96.582	199.918	DE_EDDL	UK_EGBB
77.739	177.28	DE_EDDL	UK_EGCC
49.197	87.806	DE_EDDL	UK_EGKK
291.892	480.945	DE_EDDL	UK_EGLL
54.42	108.559	DE_EDDL	UK_EGSS
124.79	164.806	DE_EDDL	US_KEWR
55.768	73.718	DE_EDDL	US_KORD
49.162	69.889	DE_EDDM	AE_OMDB
189.095	350.367	DE_EDDM	AT_LOWW
153.924	282.576	DE_EDDM	BE_EBBR
47.745	82.831	DE_EDDM	CH_LSGG
159.943	344.545	DE_EDDM	CH_LSZH
44.463	65.825	DE_EDDM	CZ_LKPR
108.807	169.693	DE_EDDM	DE_EDDC
777.873	1003.122	DE_EDDM	DE_EDDF
88.822	125.541	DE_EDDM	DE_EDDG
635.702	890.161	DE_EDDM	DE_EDDH
437.35	698.443	DE_EDDM	DE_EDDK
699.275	1041.835	DE_EDDM	DE_EDDL
44.38	73.426	DE_EDDM	DE_EDDN
75.212	131.668	DE_EDDM	DE_EDDP
59.391	92.321	DE_EDDM	DE_EDDS
708.295	1047.95	DE_EDDM	DE_EDDT
127.08	176.306	DE_EDDM	DE_EDDW
68.406	109.749	DE_EDDM	DE_EDLP
91.402	143.827	DE_EDDM	DE_EDLW
229.968	333.032	DE_EDDM	DE_EDVV
125.025	200.424	DE_EDDM	DK_EKCH
94.554	112.493	DE_EDDM	EG_HEGN
46.192	56.637	DE_EDDM	EG_HESH
154.814	217.095	DE_EDDM	EL_LGAT
83.667	98.901	DE_EDDM	EL_LGIR
42.532	50.701	DE_EDDM	EL_LGRD
105.501	166.875	DE_EDDM	EL_LGTS
44.696	51.843	DE_EDDM	ES_GCFV
79.678	94.109	DE_EDDM	ES_GCLP
42.352	51.026	DE_EDDM	ES_GCRR
73.771	86.557	DE_EDDM	ES_GCTS
37.154	46.87	DE_EDDM	ES_LEAL
144.817	222.999	DE_EDDM	ES_LEBL
46.134	55.719	DE_EDDM	ES_LEIB
150.526	253.235	DE_EDDM	ES_LEMD
53.099	63.713	DE_EDDM	ES_LEMG
201.023	245.384	DE_EDDM	ES_LEPA
73.049	124.788	DE_EDDM	FI_EFHF
53.78	98.523	DE_EDDM	FR_LFLL
44.264	57.74	DE_EDDM	FR_LFML
82.927	150.573	DE_EDDM	FR_LFMN
324.405	541.098	DE_EDDM	FR_LFPG
104.822	177.189	DE_EDDM	HU_LHBP
93.805	130.483	DE_EDDM	IL_LLBG
124.878	241.028	DE_EDDM	IT_LIMC
59.092	87.046	DE_EDDM	IT_LIPE
43.925	66.96	DE_EDDM	IT_LIPZ
128.87	189.302	DE_EDDM	IT_LIRF
44.723	57.583	DE_EDDM	IT_LIRN
71.055	92.621	DE_EDDM	IT_LIRQ
45.482	29.822	DE_EDDM	MK_LWSK
222.22	319.773	DE_EDDM	NL_EHAM
52.274	83.74	DE_EDDM	NO_ENOS
57.184	89.645	DE_EDDM	PL_EPWA
46.298	58.422	DE_EDDM	PT_LPFR
74.754	109.406	DE_EDDM	PT_LPPT
61.026	96.029	DE_EDDM	RU_UUEE
75.103	105.895	DE_EDDM	SE_ESSA
68.764	86.855	DE_EDDM	TH_VTBD
74.877	92.751	DE_EDDM	TN_DTMB
157.015	175.497	DE_EDDM	TR_LTAI
179.225	247.89	DE_EDDM	TR_LTBA
49.492	66.864	DE_EDDM	TR_LTBJ
84.894	132.653	DE_EDDM	UK_EGBB
57.633	90.095	DE_EDDM	UK_EGCC
84.055	137.804	DE_EDDM	UK_EGKK
408.586	604.896	DE_EDDM	UK_EGLL
187.919	268.061	DE_EDDM	UK_EGSS
61.499	72.912	DE_EDDM	US_KATL
82.326	104.882	DE_EDDM	US_KDCA
63.571	79.089	DE_EDDM	US_KEWR
55.839	71.961	DE_EDDM	US_KJFK
53.562	66.832	DE_EDDM	US_KMIA
66.866	79.154	DE_EDDM	US_KORD
60.776	74.863	DE_EDDM	US_KPHL
90.968	98.459	DE_EDDM	US_KSFO
19.623	47.768	DE_EDDN	AT_LOWW
24.602	47.793	DE_EDDN	BE_EBBR
32.974	72.085	DE_EDDN	CH_LSZH
192.967	297.661	DE_EDDN	DE_EDDF
53.665	87.86	DE_EDDN	DE_EDDH
49.549	104.273	DE_EDDN	DE_EDDI
39.046	86.57	DE_EDDN	DE_EDDK
74.394	116.066	DE_EDDN	DE_EDDL
47.653	75.338	DE_EDDN	DE_EDDM
63.938	100.17	DE_EDDN	DE_EDDT
35.131	41.266	DE_EDDN	EG_HEGN
36.475	42.611	DE_EDDN	EL_LGIR
30.093	37.267	DE_EDDN	ES_GCFV
32.112	38.764	DE_EDDN	ES_GCLP
27.778	34.978	DE_EDDN	ES_GCRR
25.242	29.746	DE_EDDN	ES_GCTS
120.956	151.875	DE_EDDN	ES_LEPA
54.307	108.909	DE_EDDN	FR_LFPG
66.923	122.034	DE_EDDN	NL_EHAM
43.138	51.827	DE_EDDN	TN_DTMB
74.329	83.322	DE_EDDN	TR_LTAI
40.99	60.942	DE_EDDN	TR_LTBA
28.274	70.503	DE_EDDN	UK_EGSS
15.689	20.258	DE_EDDP	BG_LBBG
23.313	30.375	DE_EDDP	BG_LBWN
14.294	34.509	DE_EDDP	CH_LSZH
13.173	17.934	DE_EDDP	CY_LCLK
8.286	17.239	DE_EDDP	DE_EDDB
18.886	69.256	DE_EDDP	DE_EDDC
167.856	261.024	DE_EDDP	DE_EDDF
27.68	57.377	DE_EDDP	DE_EDDH
39.0	65.308	DE_EDDP	DE_EDDK
59.293	104.387	DE_EDDP	DE_EDDL
76.228	133.012	DE_EDDP	DE_EDDM
17.914	37.134	DE_EDDP	DE_EDDN
24.417	53.33	DE_EDDP	DE_EDDS
27.23	32.995	DE_EDDP	EG_HEGN
45.785	54.671	DE_EDDP	EL_LGIR
13.25	17.391	DE_EDDP	EL_LGKR
19.739	24.661	DE_EDDP	EL_LGRD
12.872	16.678	DE_EDDP	EL_LGTS
13.676	16.487	DE_EDDP	ES_GCFV
27.885	34.018	DE_EDDP	ES_GCLP
18.906	25.038	DE_EDDP	ES_GCRR
24.282	29.414	DE_EDDP	ES_GCTS
13.773	18.098	DE_EDDP	ES_LEIB
103.933	136.264	DE_EDDP	ES_LEPA
12.442	17.637	DE_EDDP	MT_LMML
9.928	14.916	DE_EDDP	NL_EHAM
15.977	21.763	DE_EDDP	PT_LPFR
47.124	58.144	DE_EDDP	TN_DTMB
11.821	15.109	DE_EDDP	TN_DTTJ
85.945	100.951	DE_EDDP	TR_LTAI
14.349	27.824	DE_EDDR	DE_EDDH
28.688	49.324	DE_EDDR	DE_EDDI
29.291	49.062	DE_EDDR	DE_EDDM
8.119	9.373	DE_EDDR	ES_GCFV
8.431	9.924	DE_EDDR	ES_GCLP
9.039	10.471	DE_EDDR	ES_GCTS
67.109	82.331	DE_EDDR	ES_LEPA
16.283	43.655	DE_EDDR	LU_ELLX
11.431	14.982	DE_EDDR	TN_DTMB
12.476	14.578	DE_EDDR	TR_LTAI
58.026	87.564	DE_EDDS	AT_LOWW
79.2	170.698	DE_EDDS	BE_EBBR
71.25	147.953	DE_EDDS	CH_LSZH
46.79	81.315	DE_EDDS	DE_EDDC
227.112	352.969	DE_EDDS	DE_EDDF
223.509	329.5	DE_EDDS	DE_EDDH
141.676	218.704	DE_EDDS	DE_EDDL
61.624	91.988	DE_EDDS	DE_EDDM
404.875	651.518	DE_EDDS	DE_EDDT
59.475	82.528	DE_EDDS	DE_EDDW
75.826	117.472	DE_EDDS	DE_EDVV
55.632	106.548	DE_EDDS	DK_EKCH
37.504	46.131	DE_EDDS	EG_HEGN
66.121	75.564	DE_EDDS	EL_LGIR
92.461	148.59	DE_EDDS	EL_LGTS
54.919	61.902	DE_EDDS	ES_GCFV
65.409	75.519	DE_EDDS	ES_GCLP
64.172	73.113	DE_EDDS	ES_GCTS
56.203	86.281	DE_EDDS	ES_LEBL
228.347	279.612	DE_EDDS	ES_LEPA
157.617	338.555	DE_EDDS	FR_LFPG
63.208	122.066	DE_EDDS	IT_LIMC
94.588	166.698	DE_EDDS	NL_EHAM
71.199	85.292	DE_EDDS	TN_DTMB
38.189	52.335	DE_EDDS	TR_LTAC
161.285	181.987	DE_EDDS	TR_LTAI
136.24	185.343	DE_EDDS	TR_LTBA
187.453	351.797	DE_EDDS	UK_EGLL
57.264	65.718	DE_EDDS	US_KATL
90.488	149.762	DE_EDDT	AT_LOWW
150.439	266.06	DE_EDDT	CH_LSZH
851.315	1220.764	DE_EDDT	DE_EDDF
58.485	94.742	DE_EDDT	DE_EDDH
482.18	761.609	DE_EDDT	DE_EDDK
392.682	701.142	DE_EDDT	DE_EDDL
721.961	1063.213	DE_EDDT	DE_EDDM
66.121	105.877	DE_EDDT	DE_EDDN
401.115	615.893	DE_EDDT	DE_EDDS
57.948	91.182	DE_EDDT	DK_EKCH
151.187	191.187	DE_EDDT	ES_LEPA
37.986	75.413	DE_EDDT	FI_EFHF
188.013	273.601	DE_EDDT	FR_LFPG
39.406	66.762	DE_EDDT	HU_LHBP
74.428	114.444	DE_EDDT	IT_LIMC
115.174	143.558	DE_EDDT	NL_EHAM
72.259	85.034	DE_EDDT	TR_LTAI
83.721	113.922	DE_EDDT	TR_LTBA
218.442	313.93	DE_EDDT	UK_EGLL
68.502	110.494	DE_EDDT	UK_EGSS
13.919	31.313	DE_EDDW	AT_LOWW
23.757	42.501	DE_EDDW	BE_EBBR
19.198	47.834	DE_EDDW	CH_LSZH
212.838	283.835	DE_EDDW	DE_EDDF
127.022	176.251	DE_EDDW	DE_EDDM
60.432	83.489	DE_EDDW	DE_EDDS
22.952	38.03	DE_EDDW	DE_EDDT
15.458	18.924	DE_EDDW	EL_LGIR
19.961	23.6	DE_EDDW	ES_GCFV
31.078	37.006	DE_EDDW	ES_GCLP
11.96	14.953	DE_EDDW	ES_GCRR
14.565	17.116	DE_EDDW	ES_GCTS
14.337	16.875	DE_EDDW	ES_LEMG
113.456	136.197	DE_EDDW	ES_LEPA
15.245	28.463	DE_EDDW	FR_LFPG
61.306	95.417	DE_EDDW	NL_EHAM
9.753	12.187	DE_EDDW	TN_DTMB
30.079	36.094	DE_EDDW	TR_LTAI
43.432	80.852	DE_EDDW	UK_EGKK
41.061	63.444	DE_EDVV	AT_LOWW
80.624	149.801	DE_EDVV	BE_EBBR
69.589	114.579	DE_EDVV	CH_LSZH
278.105	423.037	DE_EDVV	DE_EDDF
227.128	339.751	DE_EDVV	DE_EDDM
80.066	122.024	DE_EDVV	DE_EDDS
54.098	80.692	DE_EDVV	DK_EKCH
42.353	51.259	DE_EDVV	EL_LGIR
57.089	65.674	DE_EDVV	ES_GCFV
65.384	77.421	DE_EDVV	ES_GCLP
45.988	56.001	DE_EDVV	ES_GCRR
57.043	68.634	DE_EDVV	ES_GCTS
226.344	273.845	DE_EDVV	ES_LEPA
100.353	197.663	DE_EDVV	FR_LFPG
72.1	108.907	DE_EDVV	NL_EHAM
40.187	50.467	DE_EDVV	PT_LPFR
51.942	62.729	DE_EDVV	TN_DTMB
134.03	155.936	DE_EDVV	TR_LTAI
75.481	103.099	DE_EDVV	TR_LTBA
49.49	93.774	DE_EDVV	UK_EGKK
79.968	135.22	DE_EDVV	UK_EGLL
182.785	272.568	SE_ESDB	SE_ESSA
7.901	18.909	SE_ESDF	DK_EKCH
8.157	19.048	SE_ESDF	SE_ESMK
13.948	34.904	SE_ESDF	SE_ESMQ
111.773	175.413	SE_ESDF	SE_ESSA
18.014	30.489	SE_ESGG	AT_LOWW
88.681	170.655	SE_ESGG	BE_EBBR
21.66	39.216	SE_ESGG	CH_LSZH
14.996	31.261	SE_ESGG	CH_LSZM
30.967	33.913	SE_ESGG	CY_LCLK
79.357	137.899	SE_ESGG	DE_EDDF
11.838	14.71	SE_ESGG	DE_EDDL
27.298	35.531	SE_ESGG	DE_EDDM
223.119	377.155	SE_ESGG	DK_EKCH
24.618	29.086	SE_ESGG	EL_LGIR
14.212	14.531	SE_ESGG	EL_LGKO
11.375	11.731	SE_ESGG	EL_LGKR
17.569	19.515	SE_ESGG	EL_LGRP
18.446	19.071	SE_ESGG	EL_LGSA
10.183	13.146	SE_ESGG	ES_GCFV
59.799	64.324	SE_ESGG	ES_GCLP
14.426	19.415	SE_ESGG	ES_GCRR
39.3	43.869	SE_ESGG	ES_GCTS
11.019	13.721	SE_ESGG	ES_LEAL
16.565	17.372	SE_ESGG	ES_LEMG
45.267	51.954	SE_ESGG	ES_LEPA
43.994	104.707	SE_ESGG	FI_EFHK
63.828	105.49	SE_ESGG	FR_LFPG
15.294	12.971	SE_ESGG	MK_LWSK
135.717	197.263	SE_ESGG	NL_EHAM
67.831	145.414	SE_ESGG	NO_ENGM
10.741	21.594	SE_ESGG	SE_ESNN
475.438	705.455	SE_ESGG	SE_ESSA
187.854	278.805	SE_ESGG	SE_ESSB
19.29	21.425	SE_ESGG	TR_LTAI
93.655	147.294	SE_ESGG	UK_EGKK
71.985	98.923	SE_ESGG	UK_EGLL
39.286	67.085	SE_ESGJ	DK_EKCH
49.76	95.099	SE_ESGJ	SE_ESSA
21.262	45.048	SE_ESMQ	DK_EKCH
3.979	12.593	SE_ESMQ	SE_ESDF
98.878	162.742	SE_ESMQ	SE_ESSA
17.801	18.41	SE_ESMS	CY_LCLK
12.219	13.807	SE_ESMS	EG_HEGN
12.217	13.629	SE_ESMS	EL_LGRP
12.77	13.528	SE_ESMS	EL_LGSA
9.947	10.603	SE_ESMS	ES_GCFV
40.045	40.647	SE_ESMS	ES_GCLP
20.286	22.79	SE_ESMS	ES_GCRR
26.367	27.88	SE_ESMS	ES_GCTS
17.117	18.434	SE_ESMS	ES_LEMG
34.088	37.852	SE_ESMS	ES_LEPA
60.15	91.176	SE_ESMS	NL_EHAM
20.958	30.215	SE_ESMS	SE_ESGG
396.542	567.582	SE_ESMS	SE_ESSA
191.334	297.487	SE_ESMS	SE_ESSB
13.061	14.215	SE_ESMS	TR_LTAI
11.489	27.625	SE_ESMS	UK_EGLC
38.39	63.175	SE_ESMS	UK_EGSS
40.597	68.623	SE_ESMT	SE_ESSA
38.732	69.936	SE_ESMT	SE_ESSB
10.842	21.893	SE_ESNN	SE_ESGG
12.049	23.496	SE_ESNN	SE_ESPA
196.764	346.538	SE_ESNN	SE_ESSA
81.682	143.741	SE_ESNO	SE_ESSA
11.875	35.147	SE_ESNQ	SE_ESNU
8.114	16.586	SE_ESNQ	SE_ESPA
62.375	82.932	SE_ESNQ	SE_ESSA
123.768	195.189	SE_ESNS	SE_ESSA
17.123	32.604	SE_ESNU	SE_ESNQ
9.709	19.951	SE_ESNU	SE_ESPA
339.42	477.622	SE_ESNU	SE_ESSA
34.103	62.373	SE_ESOK	DK_EKCH
9.491	9.632	SE_ESOK	ES_LEPA
84.735	166.922	SE_ESOK	SE_ESSA
8.563	9.612	SE_ESPA	ES_GCLP
11.963	23.462	SE_ESPA	SE_ESNN
6.863	16.496	SE_ESPA	SE_ESNQ
430.462	587.398	SE_ESPA	SE_ESSA
205.61	289.096	SE_ESPC	SE_ESSA
71.141	119.576	SE_ESSA	AT_LOWW
153.778	296.403	SE_ESSA	BE_EBBR
147.933	263.761	SE_ESSA	CH_LSZH
58.619	60.814	SE_ESSA	CY_LCLK
199.233	313.532	SE_ESSA	DE_EDDF
75.349	105.911	SE_ESSA	DE_EDDM
577.848	881.587	SE_ESSA	DK_EKCH
56.337	100.683	SE_ESSA	EE_EETN
42.753	45.408	SE_ESSA	EL_LGIR
47.834	50.711	SE_ESSA	EL_LGSA
124.108	128.309	SE_ESSA	ES_GCLP
68.516	72.071	SE_ESSA	ES_GCTS
76.333	125.528	SE_ESSA	ES_LEMD
69.857	80.47	SE_ESSA	ES_LEMG
81.828	83.97	SE_ESSA	ES_LEPA
457.963	839.589	SE_ESSA	FI_EFHK
50.716	120.505	SE_ESSA	FI_EFTP
66.845	173.959	SE_ESSA	FI_EFTU
45.581	88.541	SE_ESSA	FI_EFVA
228.613	356.6	SE_ESSA	FR_LFPG
45.262	66.74	SE_ESSA	IE_EIDW
58.101	78.638	SE_ESSA	IS_BIKF
93.391	164.809	SE_ESSA	IT_LIMC
241.689	365.855	SE_ESSA	NL_EHAM
448.69	826.753	SE_ESSA	NO_ENGM
42.909	102.044	SE_ESSA	RU_UUEE
184.768	274.532	SE_ESSA	SE_ESDB
119.026	189.549	SE_ESSA	SE_ESDF
474.129	696.422	SE_ESSA	SE_ESGG
49.784	93.178	SE_ESSA	SE_ESGJ
65.639	110.581	SE_ESSA	SE_ESMK
101.179	163.493	SE_ESSA	SE_ESMQ
398.476	557.78	SE_ESSA	SE_ESMS
41.677	67.902	SE_ESSA	SE_ESMT
89.159	167.35	SE_ESSA	SE_ESMX
197.53	346.5	SE_ESSA	SE_ESNN
83.247	145.14	SE_ESSA	SE_ESNO
58.374	85.981	SE_ESSA	SE_ESNQ
125.767	196.411	SE_ESSA	SE_ESNS
344.02	476.071	SE_ESSA	SE_ESNU
86.686	168.274	SE_ESSA	SE_ESOK
429.317	590.929	SE_ESSA	SE_ESPA
203.486	283.145	SE_ESSA	SE_ESPC
94.321	146.299	SE_ESSA	SE_ESSV
65.775	81.379	SE_ESSA	TH_VTBD
63.182	74.998	SE_ESSA	TH_VTSP
57.029	112.542	SE_ESSA	UK_EGCC
91.357	152.209	SE_ESSA	UK_EGKK
441.645	623.495	SE_ESSA	UK_EGLL
54.28	87.161	SE_ESSA	UK_EGSS
47.022	69.808	SE_ESSA	US_KEWR
60.293	83.776	SE_ESSA	US_KJFK
107.906	146.612	SE_ESSA	US_KORD
182.113	276.622	SE_ESSB	SE_ESGG
17.694	36.327	SE_ESSB	SE_ESGT
190.366	296.667	SE_ESSB	SE_ESMS
38.108	69.168	SE_ESSB	SE_ESMT
49.458	90.874	SE_ESSB	SE_ESSV
61.466	106.053	SE_ESSP	DK_EKCH
5.11	5.403	SE_ESSP	ES_GCLP
11.301	12.119	SE_ESSP	ES_LEPA
8.192	18.306	SE_ESSP	SE_ESSA
9.31	18.591	SE_ESSP	SE_ESSV
94.74	146.36	SE_ESSV	SE_ESSA
51.131	90.693	SE_ESSV	SE_ESSB
10.833	18.759	SE_ESSV	SE_ESSP
11.921	:	LU_ELLX	AT_LOWW
50.916	:	LU_ELLX	BE_EBBR
17.237	:	LU_ELLX	CH_LSGG
45.677	:	LU_ELLX	CH_LSZH
87.748	:	LU_ELLX	DE_EDDF
13.424	:	LU_ELLX	DE_EDDI
15.142	:	LU_ELLX	DE_EDDR
28.521	:	LU_ELLX	DK_EKCH
12.621	:	LU_ELLX	ES_GCLP
10.384	:	LU_ELLX	ES_GCTS
15.461	:	LU_ELLX	ES_LEMG
48.603	:	LU_ELLX	ES_LEPA
13.409	:	LU_ELLX	FR_LFMN
59.358	:	LU_ELLX	FR_LFPG
15.978	:	LU_ELLX	IT_LIME
18.438	:	LU_ELLX	IT_LIRF
39.151	:	LU_ELLX	NL_EHAM
23.595	:	LU_ELLX	PT_LPPR
17.493	:	LU_ELLX	PT_LPPT
11.644	:	LU_ELLX	SE_ESSA
17.706	:	LU_ELLX	TN_DTMB
39.786	:	LU_ELLX	UK_EGKK
18.267	:	LU_ELLX	UK_EGLC
38.721	:	LU_ELLX	UK_EGLL
10.54	:	LU_ELLX	UK_EGSS
103.078	167.556	NO_ENAL	NO_ENBR
219.041	397.806	NO_ENAL	NO_ENGM
66.015	150.729	NO_ENAL	NO_ENVA
5.951	9.363	NO_ENAT	NO_ENBS
9.894	11.864	NO_ENAT	NO_ENGM
21.415	45.555	NO_ENAT	NO_ENKR
103.041	143.467	NO_ENAT	NO_ENTC
5.869	11.692	NO_ENAT	NO_ENVD
50.764	122.978	NO_ENBO	NO_ENDU
22.673	31.373	NO_ENBO	NO_ENEV
282.673	435.361	NO_ENBO	NO_ENGM
36.391	57.456	NO_ENBO	NO_ENLK
23.008	35.15	NO_ENBO	NO_ENNK
26.78	48.137	NO_ENBO	NO_ENRA
30.82	63.823	NO_ENBO	NO_ENSH
41.811	69.172	NO_ENBO	NO_ENSK
19.33	48.933	NO_ENBO	NO_ENST
107.796	214.927	NO_ENBO	NO_ENTC
127.847	199.42	NO_ENBO	NO_ENVA
129.563	171.303	NO_ENBR	DK_EKCH
18.131	19.526	NO_ENBR	ES_GCLP
13.378	15.02	NO_ENBR	ES_LEPA
78.046	138.696	NO_ENBR	NL_EHAM
98.882	150.907	NO_ENBR	NO_ENAL
65.262	84.662	NO_ENBR	NO_ENCN
32.559	68.978	NO_ENBR	NO_ENFL
678.066	1061.235	NO_ENBR	NO_ENGM
44.67	82.645	NO_ENBR	NO_ENHD
30.401	43.894	NO_ENBR	NO_ENKB
36.911	64.208	NO_ENBR	NO_ENML
12.496	23.384	NO_ENBR	NO_ENSG
56.509	89.02	NO_ENBR	NO_ENTO
175.469	289.114	NO_ENBR	NO_ENVA
396.821	645.02	NO_ENBR	NO_ENZV
14.8	32.665	NO_ENBR	SE_ESSA
14.968	28.982	NO_ENBR	UK_EGKK
17.55	41.997	NO_ENBR	UK_EGSS
44.384	107.9	NO_ENCN	DK_EKCH
12.841	26.097	NO_ENCN	NL_EHAM
63.694	84.094	NO_ENCN	NO_ENBR
251.438	477.012	NO_ENCN	NO_ENGM
51.421	104.444	NO_ENCN	NO_ENZV
60.378	137.498	NO_ENDU	NO_ENBO
7.794	16.366	NO_ENDU	NO_ENEV
35.156	65.057	NO_ENDU	NO_ENGM
26.224	38.603	NO_ENEV	NO_ENBO
161.403	291.017	NO_ENEV	NO_ENGM
31.589	59.84	NO_ENEV	NO_ENTC
30.674	45.046	NO_ENEV	NO_ENVA
93.015	178.709	NO_ENGM	BE_EBBR
62.557	113.543	NO_ENGM	CH_LSZH
131.759	215.299	NO_ENGM	DE_EDDF
53.056	84.243	NO_ENGM	DE_EDDM
570.713	852.053	NO_ENGM	DK_EKCH
61.866	70.677	NO_ENGM	ES_GCLP
44.296	48.893	NO_ENGM	ES_GCTS
40.738	48.757	NO_ENGM	ES_LEAL
39.7	46.389	NO_ENGM	ES_LEPA
69.919	185.676	NO_ENGM	FI_EFHK
123.325	218.736	NO_ENGM	FR_LFPG
53.226	82.073	NO_ENGM	IS_BIKF
192.755	301.944	NO_ENGM	NL_EHAM
219.966	398.609	NO_ENGM	NO_ENAL
276.211	466.748	NO_ENGM	NO_ENBO
672.088	1076.261	NO_ENGM	NO_ENBR
254.078	472.295	NO_ENGM	NO_ENCN
162.491	293.666	NO_ENGM	NO_ENEV
132.674	223.819	NO_ENGM	NO_ENHD
82.213	134.993	NO_ENGM	NO_ENKB
99.1	163.879	NO_ENGM	NO_ENML
383.25	578.504	NO_ENGM	NO_ENTC
689.539	1075.229	NO_ENGM	NO_ENVA
500.284	869.948	NO_ENGM	NO_ENZV
72.217	188.61	NO_ENGM	SE_ESGG
476.367	831.739	NO_ENGM	SE_ESSA
42.525	80.779	NO_ENGM	UK_EGKK
358.148	555.008	NO_ENGM	UK_EGLL
54.211	96.242	NO_ENGM	US_KEWR
45.217	82.333	NO_ENHD	NO_ENBR
132.943	223.675	NO_ENHD	NO_ENGM
25.734	41.888	NO_ENKB	NO_ENBR
94.946	153.633	NO_ENKB	NO_ENGM
38.755	88.214	NO_ENKB	NO_ENML
27.082	51.314	NO_ENKB	NO_ENVA
0.034	0.125	NO_ENKR	NO_ENAT
6.415	6.856	NO_ENKR	NO_ENGM
7.758	15.615	NO_ENKR	NO_ENNA
68.101	99.728	NO_ENKR	NO_ENTC
18.882	45.565	NO_ENKR	NO_ENVD
40.347	65.266	NO_ENML	NO_ENBR
87.269	144.864	NO_ENML	NO_ENGM
45.562	108.085	NO_ENML	NO_ENKB
8.091	13.447	NO_ENML	NO_ENVA
10.929	15.54	NO_ENTC	NO_ENAN
119.256	190.774	NO_ENTC	NO_ENAT
93.71	160.022	NO_ENTC	NO_ENBO
34.111	63.931	NO_ENTC	NO_ENEV
392.997	608.384	NO_ENTC	NO_ENGM
36.333	49.025	NO_ENTC	NO_ENHF
40.647	55.295	NO_ENTC	NO_ENKR
31.286	55.23	NO_ENTC	NO_ENNA
37.002	69.631	NO_ENTC	NO_ENSB
10.963	21.565	NO_ENTC	NO_ENSR
25.919	45.266	NO_ENTC	NO_ENVA
27.668	39.737	NO_ENVA	DK_EKCH
12.206	13.896	NO_ENVA	ES_GCLP
68.682	168.147	NO_ENVA	NO_ENAL
26.9	66.001	NO_ENVA	NO_ENBN
133.292	204.611	NO_ENVA	NO_ENBO
169.342	267.049	NO_ENVA	NO_ENBR
28.34	43.851	NO_ENVA	NO_ENEV
690.771	1073.329	NO_ENVA	NO_ENGM
25.848	48.23	NO_ENVA	NO_ENKB
17.659	37.592	NO_ENVA	NO_ENMS
13.987	26.207	NO_ENVA	NO_ENNM
13.537	20.333	NO_ENVA	NO_ENRM
26.364	43.02	NO_ENVA	NO_ENTC
48.995	72.058	NO_ENVA	NO_ENTO
97.74	166.784	NO_ENZV	DK_EKCH
11.831	14.124	NO_ENZV	ES_GCLP
76.65	153.295	NO_ENZV	NL_EHAM
382.843	617.395	NO_ENZV	NO_ENBR
51.642	109.163	NO_ENZV	NO_ENCN
497.803	865.986	NO_ENZV	NO_ENGM
52.503	104.642	NO_ENZV	NO_ENTO
49.738	73.287	NO_ENZV	UK_EGLL
16.096	37.538	NO_ENZV	UK_EGNT
62.507	157.12	NO_ENZV	UK_EGPD
