passengers	seats	code_dep	code_arr
8.612	:	AT_LOWG	AT_LOWL
36.498	:	AT_LOWG	AT_LOWW
20.466	:	AT_LOWG	CH_LSZH
57.368	:	AT_LOWG	DE_EDDF
7.479	:	AT_LOWG	DE_EDDM
10.061	:	AT_LOWG	EL_LGTS
10.574	:	AT_LOWG	ES_GCLP
11.893	:	AT_LOWI	AT_LOWS
48.955	:	AT_LOWI	AT_LOWW
20.588	:	AT_LOWI	CH_LSZH
28.486	:	AT_LOWI	DE_EDDF
8.152	:	AT_LOWI	TR_LTAI
9.489	:	AT_LOWI	UK_EGCC
19.246	:	AT_LOWI	UK_EGKK
9.483	:	AT_LOWI	UK_EGSS
47.738	:	AT_LOWK	AT_LOWW
11.151	:	AT_LOWK	CH_LSZH
16.498	:	AT_LOWK	DE_EDDF
19.14	:	AT_LOWL	AT_LOWW
19.707	:	AT_LOWL	CH_LSZH
54.11	:	AT_LOWL	DE_EDDF
13.443	:	AT_LOWL	DE_EDDL
8.938	:	AT_LOWL	EL_LGKR
9.955	:	AT_LOWL	ES_GCLP
8.548	:	AT_LOWL	ES_LEPA
7.81	:	AT_LOWL	IT_LIRA
20.56	:	AT_LOWL	TR_LTAI
14.967	:	AT_LOWS	AT_LOWW
35.156	:	AT_LOWS	CH_LSZH
54.304	:	AT_LOWS	DE_EDDF
16.76	:	AT_LOWS	DE_EDDL
10.542	:	AT_LOWS	EL_LGIR
14.57	:	AT_LOWS	ES_GCLP
17.444	:	AT_LOWS	ES_GCTS
14.229	:	AT_LOWS	ES_LEPA
16.365	:	AT_LOWS	NL_EHAM
21.041	:	AT_LOWS	TR_LTAI
12.295	:	AT_LOWS	UK_EGBB
33.017	:	AT_LOWS	UK_EGCC
11.696	:	AT_LOWS	UK_EGGD
62.37	:	AT_LOWS	UK_EGKK
46.174	:	AT_LOWW	AT_LOWI
46.83	:	AT_LOWW	AT_LOWK
115.953	:	AT_LOWW	BE_EBBS
37.543	:	AT_LOWW	BG_LBSF
52.781	:	AT_LOWW	CH_LSGG
191.08	:	AT_LOWW	CH_LSZH
45.239	:	AT_LOWW	CZ_LKPR
277.305	:	AT_LOWW	DE_EDDF
53.243	:	AT_LOWW	DE_EDDH
84.231	:	AT_LOWW	DE_EDDL
99.393	:	AT_LOWW	DE_EDDM
39.867	:	AT_LOWW	DE_EDDS
65.836	:	AT_LOWW	DE_EDDT
90.411	:	AT_LOWW	DK_EKCH
71.814	:	AT_LOWW	EL_LGAT
47.127	:	AT_LOWW	EL_LGTS
45.064	:	AT_LOWW	ES_LEBL
47.054	:	AT_LOWW	ES_LEMD
45.451	:	AT_LOWW	ES_LEPA
157.17	:	AT_LOWW	FR_LFPG
51.646	:	AT_LOWW	FR_LFPO
48.171	:	AT_LOWW	IL_LLBG
58.087	:	AT_LOWW	IT_LIML
73.702	:	AT_LOWW	IT_LIRF
154.796	:	AT_LOWW	NL_EHAM
58.185	:	AT_LOWW	PL_EPWA
42.011	:	AT_LOWW	RO_LROP
80.296	:	AT_LOWW	RU_UUEE
52.038	:	AT_LOWW	SE_ESSA
51.516	:	AT_LOWW	TH_VTBD
61.396	:	AT_LOWW	TR_LTAI
92.291	:	AT_LOWW	TR_LTBA
272.784	:	AT_LOWW	UK_EGGG
100.459	:	AT_LOWW	UK_EGKK
60.609	:	AT_LOWW	US_KJFK
17.634	:	UK_EGAA	CA_CYYZ
20.314	:	UK_EGAA	ES_GCLP
19.208	:	UK_EGAA	ES_GCRR
30.469	:	UK_EGAA	ES_GCTS
21.858	:	UK_EGAA	ES_LEMG
51.948	:	UK_EGAA	ES_LEPA
12.26	:	UK_EGAA	IE_EINN
15.175	:	UK_EGAA	NL_EHAM
21.779	:	UK_EGAA	PT_LPFR
11.512	:	UK_EGAA	US_KMCO
61.006	:	UK_EGBB	BE_EBBR
29.459	:	UK_EGBB	CH_LSZH
49.562	:	UK_EGBB	CY_LCLK
37.238	:	UK_EGBB	CY_LCPH
96.333	:	UK_EGBB	DE_EDDF
98.177	:	UK_EGBB	DE_EDDL
28.414	:	UK_EGBB	DE_EDDM
22.513	:	UK_EGBB	DK_EKCH
21.596	:	UK_EGBB	EL_LGIR
36.577	:	UK_EGBB	EL_LGKR
24.509	:	UK_EGBB	EL_LGRP
22.492	:	UK_EGBB	ES_GCFV
52.482	:	UK_EGBB	ES_GCLP
45.852	:	UK_EGBB	ES_GCRR
92.605	:	UK_EGBB	ES_GCTS
51.572	:	UK_EGBB	ES_LEAL
21.453	:	UK_EGBB	ES_LEAM
21.171	:	UK_EGBB	ES_LEBL
56.755	:	UK_EGBB	ES_LEIB
75.32	:	UK_EGBB	ES_LEMG
48.444	:	UK_EGBB	ES_LEMH
136.864	:	UK_EGBB	ES_LEPA
162.963	:	UK_EGBB	FR_LFPG
23.756	:	UK_EGBB	IE_EICK
220.77	:	UK_EGBB	IE_EIDW
24.774	:	UK_EGBB	IT_LIML
40.123	:	UK_EGBB	MT_LMML
115.217	:	UK_EGBB	NL_EHAM
69.003	:	UK_EGBB	PT_LPFR
28.299	:	UK_EGBB	TN_DTMB
24.218	:	UK_EGBB	TR_LTBJ
24.856	:	UK_EGBB	TR_LTBS
33.892	:	UK_EGBB	US_KJFK
27.907	:	UK_EGBB	US_KORD
117.474	:	UK_EGCC	BE_EBBR
56.966	:	UK_EGCC	CA_CYYZ
42.707	:	UK_EGCC	CH_LSGG
79.536	:	UK_EGCC	CH_LSZH
98.414	:	UK_EGCC	CY_LCLK
96.771	:	UK_EGCC	CY_LCPH
104.806	:	UK_EGCC	DE_EDDF
93.605	:	UK_EGCC	DE_EDDL
37.045	:	UK_EGCC	DE_EDDM
88.509	:	UK_EGCC	DK_EKCH
75.583	:	UK_EGCC	EL_LGIR
55.937	:	UK_EGCC	EL_LGKO
102.075	:	UK_EGCC	EL_LGKR
67.552	:	UK_EGCC	EL_LGRP
59.636	:	UK_EGCC	EL_LGZA
62.107	:	UK_EGCC	ES_GCFV
155.51	:	UK_EGCC	ES_GCLP
143.685	:	UK_EGCC	ES_GCRR
373.043	:	UK_EGCC	ES_GCTS
248.925	:	UK_EGCC	ES_LEAL
41.742	:	UK_EGCC	ES_LEAM
72.547	:	UK_EGCC	ES_LEGE
167.23	:	UK_EGCC	ES_LEIB
267.27	:	UK_EGCC	ES_LEMG
116.213	:	UK_EGCC	ES_LEMH
386.847	:	UK_EGCC	ES_LEPA
75.79	:	UK_EGCC	ES_LERS
207.252	:	UK_EGCC	FR_LFPG
273.322	:	UK_EGCC	IE_EIDW
37.144	:	UK_EGCC	IT_LIML
114.14	:	UK_EGCC	MT_LMML
209.284	:	UK_EGCC	NL_EHAM
69.492	:	UK_EGCC	PK_OPRN
185.028	:	UK_EGCC	PT_LPFR
54.14	:	UK_EGCC	TN_DTMB
83.209	:	UK_EGCC	TR_LTBJ
132.232	:	UK_EGCC	TR_LTBS
70.099	:	UK_EGCC	US_KATL
74.515	:	UK_EGCC	US_KJFK
152.61	:	UK_EGCC	US_KMCO
84.73	:	UK_EGCC	US_KORD
16.289	:	UK_EGFF	CY_LCLK
10.08	:	UK_EGFF	EL_LGIR
10.777	:	UK_EGFF	EL_LGRP
17.02	:	UK_EGFF	ES_GCLP
10.15	:	UK_EGFF	ES_GCRR
48.196	:	UK_EGFF	ES_GCTS
24.3	:	UK_EGFF	ES_LEAL
24.1	:	UK_EGFF	ES_LEIB
28.504	:	UK_EGFF	ES_LEMG
20.31	:	UK_EGFF	ES_LEMH
70.885	:	UK_EGFF	ES_LEPA
10.529	:	UK_EGFF	FR_LFPG
13.462	:	UK_EGFF	IE_EIDW
14.905	:	UK_EGFF	MT_LMML
34.056	:	UK_EGFF	NL_EHAM
19.944	:	UK_EGFF	PT_LPFR
14.811	:	UK_EGFF	TR_LTBJ
17.062	:	UK_EGFF	TR_LTBS
11.386	:	UK_EGGD	AT_LOWS
18.596	:	UK_EGGD	BE_EBBR
16.624	:	UK_EGGD	CY_LCLK
10.696	:	UK_EGGD	CY_LCPH
18.052	:	UK_EGGD	EL_LGIR
21.81	:	UK_EGGD	EL_LGKR
11.354	:	UK_EGGD	EL_LGZA
21.695	:	UK_EGGD	ES_GCLP
36.635	:	UK_EGGD	ES_GCRR
39.399	:	UK_EGGD	ES_GCTS
24.425	:	UK_EGGD	ES_LEAL
21.992	:	UK_EGGD	ES_LEIB
28.645	:	UK_EGGD	ES_LEMG
18.051	:	UK_EGGD	ES_LEMH
53.728	:	UK_EGGD	ES_LEPA
22.103	:	UK_EGGD	FR_LFPG
41.945	:	UK_EGGD	IE_EIDW
16.025	:	UK_EGGD	MT_LMML
27.141	:	UK_EGGD	NL_EHAM
29.054	:	UK_EGGD	PT_LPFR
9.1	:	UK_EGGD	TR_LTBJ
9.545	:	UK_EGGD	TR_LTBS
8.31	:	UK_EGGP	ES_LEPA
84.13	:	UK_EGGP	IE_EIDW
7.624	:	UK_EGGP	TR_LTBS
66.321	:	UK_EGGW	CY_LCLK
75.197	:	UK_EGGW	CY_LCPH
13.557	:	UK_EGGW	EL_LGIR
10.074	:	UK_EGGW	EL_LGKO
10.95	:	UK_EGGW	EL_LGKR
10.038	:	UK_EGGW	ES_GCFV
25.292	:	UK_EGGW	ES_GCLP
27.006	:	UK_EGGW	ES_GCRR
61.028	:	UK_EGGW	ES_GCTS
54.711	:	UK_EGGW	ES_LEAL
24.856	:	UK_EGGW	ES_LEIB
54.014	:	UK_EGGW	ES_LEMG
36.1	:	UK_EGGW	ES_LEMH
63.076	:	UK_EGGW	ES_LEPA
20.409	:	UK_EGGW	FR_LFPG
81.18	:	UK_EGGW	IE_EIDW
10.028	:	UK_EGGW	IE_EIKY
10.424	:	UK_EGGW	IT_LICJ
17.106	:	UK_EGGW	IT_LIRN
14.105	:	UK_EGGW	MT_LMML
30.94	:	UK_EGGW	PT_LPFR
11.255	:	UK_EGGW	TN_DTMB
5.428	:	UK_EGHH	ES_LEAL
13.747	:	UK_EGHH	ES_LEPA
7.708	:	UK_EGHI	BE_EBBR
16.094	:	UK_EGHI	FR_LFPG
22.765	:	UK_EGHI	NL_EHAM
11.289	:	UK_EGJJ	FR_LFPG
13.827	:	UK_EGJJ	FR_LFRD
7.144	:	UK_EGJJ	IE_EIDW
48.938	:	UK_EGKK	AE_OMAA
92.596	:	UK_EGKK	AG_TAPA
61.604	:	UK_EGKK	AT_LOWS
100.131	:	UK_EGKK	AT_LOWW
101.725	:	UK_EGKK	BB_TBPB
61.175	:	UK_EGKK	BE_EBBR
73.253	:	UK_EGKK	BH_OBBI
59.573	:	UK_EGKK	CA_CYYZ
135.778	:	UK_EGKK	CH_LSGG
80.709	:	UK_EGKK	CH_LSZH
67.442	:	UK_EGKK	CY_LCLK
66.63	:	UK_EGKK	CY_LCPH
139.045	:	UK_EGKK	DE_EDDF
42.351	:	UK_EGKK	DE_EDDM
59.267	:	UK_EGKK	DK_EKBI
96.731	:	UK_EGKK	DK_EKCH
48.707	:	UK_EGKK	EG_HELX
210.534	:	UK_EGKK	EL_LGAT
90.27	:	UK_EGKK	EL_LGIR
49.788	:	UK_EGKK	EL_LGKO
119.477	:	UK_EGKK	EL_LGKR
85.803	:	UK_EGKK	EL_LGRP
26.88	:	UK_EGKK	EL_LGTS
58.712	:	UK_EGKK	EL_LGZA
74.574	:	UK_EGKK	ES_GCFV
137.519	:	UK_EGKK	ES_GCLP
156.857	:	UK_EGKK	ES_GCRR
317.133	:	UK_EGKK	ES_GCTS
246.203	:	UK_EGKK	ES_LEAL
42.812	:	UK_EGKK	ES_LEGE
156.527	:	UK_EGKK	ES_LEIB
143.503	:	UK_EGKK	ES_LEMD
439.326	:	UK_EGKK	ES_LEMG
138.445	:	UK_EGKK	ES_LEMH
293.994	:	UK_EGKK	ES_LEPA
66.023	:	UK_EGKK	FR_LFBD
81.999	:	UK_EGKK	FR_LFBO
92.314	:	UK_EGKK	FR_LFLL
74.423	:	UK_EGKK	FR_LFML
203.779	:	UK_EGKK	FR_LFPG
45.12	:	UK_EGKK	GH_DGAA
173.73	:	UK_EGKK	IE_EIDW
136.49	:	UK_EGKK	IL_LLBG
44.926	:	UK_EGKK	IT_LIMC
44.548	:	UK_EGKK	IT_LIMJ
44.555	:	UK_EGKK	IT_LIPE
87.76	:	UK_EGKK	IT_LIPN
107.365	:	UK_EGKK	IT_LIPZ
42.295	:	UK_EGKK	IT_LIRA
107.661	:	UK_EGKK	IT_LIRN
73.681	:	UK_EGKK	IT_LIRP
83.437	:	UK_EGKK	JM_MKJS
127.192	:	UK_EGKK	MT_LMML
53.305	:	UK_EGKK	NG_DNMM
131.464	:	UK_EGKK	NL_EHAM
39.466	:	UK_EGKK	NL_EHRD
63.683	:	UK_EGKK	NO_ENFB
313.471	:	UK_EGKK	PT_LPFR
54.251	:	UK_EGKK	PT_LPFU
41.51	:	UK_EGKK	SE_ESGG
70.53	:	UK_EGKK	SE_ESSA
67.122	:	UK_EGKK	TN_DTMB
72.511	:	UK_EGKK	TR_LTBJ
139.94	:	UK_EGKK	TR_LTBS
206.673	:	UK_EGKK	US_KATL
181.33	:	UK_EGKK	US_KBOS
56.728	:	UK_EGKK	US_KBWI
62.363	:	UK_EGKK	US_KCLT
70.199	:	UK_EGKK	US_KCVG
182.864	:	UK_EGKK	US_KDFW
64.11	:	UK_EGKK	US_KDTW
80.204	:	UK_EGKK	US_KEWR
146.679	:	UK_EGKK	US_KIAH
63.665	:	UK_EGKK	US_KJFK
355.106	:	UK_EGKK	US_KMCO
175.608	:	UK_EGKK	US_KMIA
99.593	:	UK_EGKK	US_KMSP
59.712	:	UK_EGKK	US_KPIT
40.616	:	UK_EGKK	US_KRDU
79.157	:	UK_EGKK	US_KSTL
29.691	:	UK_EGLC	BE_EBAW
19.463	:	UK_EGLC	BE_EBBR
19.812	:	UK_EGLC	CH_LSGG
28.366	:	UK_EGLC	CH_LSZH
21.589	:	UK_EGLC	DE_EDDF
32.996	:	UK_EGLC	FR_LFPG
77.905	:	UK_EGLC	IE_EIDW
31.522	:	UK_EGLC	NL_EHRD
279.575	:	UK_EGLL	AE_OMDB
275.542	:	UK_EGLL	AT_LOWW
478.414	:	UK_EGLL	BE_EBBR
140.422	:	UK_EGLL	BH_OBBI
44.065	:	UK_EGLL	BR_SBGL
58.539	:	UK_EGLL	BR_SBGR
52.01	:	UK_EGLL	CA_CYEG
175.046	:	UK_EGLL	CA_CYMX
164.611	:	UK_EGLL	CA_CYVR
84.034	:	UK_EGLL	CA_CYYC
411.993	:	UK_EGLL	CA_CYYZ
376.879	:	UK_EGLL	CH_LSGG
453.715	:	UK_EGLL	CH_LSZH
92.32	:	UK_EGLL	CH_LSZM
42.985	:	UK_EGLL	CN_ZBAA
154.893	:	UK_EGLL	CY_LCLK
148.217	:	UK_EGLL	CZ_LKPR
697.064	:	UK_EGLL	DE_EDDF
250.145	:	UK_EGLL	DE_EDDH
144.004	:	UK_EGLL	DE_EDDK
356.202	:	UK_EGLL	DE_EDDL
392.81	:	UK_EGLL	DE_EDDM
46.519	:	UK_EGLL	DE_EDDN
148.049	:	UK_EGLL	DE_EDDS
245.464	:	UK_EGLL	DE_EDDT
40.444	:	UK_EGLL	DE_EDDW
143.306	:	UK_EGLL	DE_EDVV
359.853	:	UK_EGLL	DK_EKCH
125.581	:	UK_EGLL	EG_HECA
269.233	:	UK_EGLL	EL_LGAT
73.376	:	UK_EGLL	ES_LEBB
260.743	:	UK_EGLL	ES_LEBL
324.12	:	UK_EGLL	ES_LEMD
36.7	:	UK_EGLL	ES_LEMG
58.311	:	UK_EGLL	ES_LEPA
174.703	:	UK_EGLL	FI_EFHK
122.631	:	UK_EGLL	FR_LFLL
248.334	:	UK_EGLL	FR_LFMN
970.683	:	UK_EGLL	FR_LFPG
350.396	:	UK_EGLL	FR_LFPO
57.79	:	UK_EGLL	GI_LXGB
459.04	:	UK_EGLL	HK_VHHH
134.084	:	UK_EGLL	HU_LHBP
156.116	:	UK_EGLL	IE_EICK
854.399	:	UK_EGLL	IE_EIDW
169.416	:	UK_EGLL	IE_EINN
252.414	:	UK_EGLL	IL_LLBG
188.7	:	UK_EGLL	IN_VABB
351.657	:	UK_EGLL	IN_VIDP
40.728	:	UK_EGLL	IS_BIKF
76.59	:	UK_EGLL	IT_LIMF
428.582	:	UK_EGLL	IT_LIML
44.371	:	UK_EGLL	IT_LIPE
59.624	:	UK_EGLL	IT_LIPZ
524.993	:	UK_EGLL	IT_LIRF
56.263	:	UK_EGLL	IT_LIRP
486.714	:	UK_EGLL	JP_RJAA
91.949	:	UK_EGLL	JP_RJBB
134.784	:	UK_EGLL	KE_HKNA
72.038	:	UK_EGLL	KR_RKSS
103.749	:	UK_EGLL	KW_OKBK
58.715	:	UK_EGLL	LB_OLBA
70.988	:	UK_EGLL	LU_ELLX
84.015	:	UK_EGLL	MT_LMML
44.625	:	UK_EGLL	MX_MMMX
218.146	:	UK_EGLL	MY_WMKK
912.615	:	UK_EGLL	NL_EHAM
70.569	:	UK_EGLL	NL_EHRD
263.516	:	UK_EGLL	NO_ENFB
50.269	:	UK_EGLL	NO_ENZV
109.204	:	UK_EGLL	PL_EPWA
74.848	:	UK_EGLL	PT_LPPR
274.295	:	UK_EGLL	PT_LPPT
47.214	:	UK_EGLL	QA_OTBD
155.254	:	UK_EGLL	RU_UUEE
88.538	:	UK_EGLL	SA_OEJN
51.766	:	UK_EGLL	SA_OERK
118.642	:	UK_EGLL	SE_ESGG
350.325	:	UK_EGLL	SE_ESSA
459.383	:	UK_EGLL	SG_WSSS
351.955	:	UK_EGLL	TH_VTBD
173.695	:	UK_EGLL	TR_LTBA
274.048	:	UK_EGLL	US_KBOS
278.47	:	UK_EGLL	US_KEWR
343.717	:	UK_EGLL	US_KIAD
1277.482	:	UK_EGLL	US_KJFK
597.61	:	UK_EGLL	US_KLAX
221.277	:	UK_EGLL	US_KMIA
362.766	:	UK_EGLL	US_KORD
158.555	:	UK_EGLL	US_KPHL
103.132	:	UK_EGLL	US_KSEA
421.312	:	UK_EGLL	US_KSFO
35.657	:	UK_EGLL	VE_SVMI
71.431	:	UK_EGLL	ZA_FACT
304.828	:	UK_EGLL	ZA_FAJS
53.976	:	UK_EGLL	ZW_FVHA
13.981	:	UK_EGNJ	ES_GCTS
14.125	:	UK_EGNJ	ES_LEAL
11.92	:	UK_EGNJ	ES_LEPA
31.584	:	UK_EGNJ	NL_EHAM
8.599	:	UK_EGNJ	TR_LTBS
15.701	:	UK_EGNM	BE_EBBR
13.174	:	UK_EGNM	ES_GCLP
17.787	:	UK_EGNM	ES_GCTS
20.119	:	UK_EGNM	ES_LEAL
10.184	:	UK_EGNM	ES_LEMG
36.873	:	UK_EGNM	ES_LEPA
14.011	:	UK_EGNM	FR_LFPG
36.072	:	UK_EGNM	IE_EIDW
30.755	:	UK_EGNM	NL_EHAM
24.92	:	UK_EGNT	BE_EBBR
20.913	:	UK_EGNT	CY_LCLK
19.143	:	UK_EGNT	CY_LCPH
19.829	:	UK_EGNT	EL_LGIR
14.111	:	UK_EGNT	EL_LGKO
28.978	:	UK_EGNT	EL_LGKR
18.265	:	UK_EGNT	EL_LGRP
30.759	:	UK_EGNT	ES_GCLP
28.848	:	UK_EGNT	ES_GCRR
67.232	:	UK_EGNT	ES_GCTS
41.469	:	UK_EGNT	ES_LEAL
14.47	:	UK_EGNT	ES_LEGE
34.505	:	UK_EGNT	ES_LEIB
36.554	:	UK_EGNT	ES_LEMG
29.919	:	UK_EGNT	ES_LEMH
102.748	:	UK_EGNT	ES_LEPA
13.381	:	UK_EGNT	ES_LERS
25.167	:	UK_EGNT	IE_EIDW
17.209	:	UK_EGNT	MT_LMML
57.749	:	UK_EGNT	NL_EHAM
20.371	:	UK_EGNT	NO_ENFB
19.414	:	UK_EGNT	NO_ENZV
26.305	:	UK_EGNT	PT_LPFR
17.619	:	UK_EGNT	TR_LTBJ
35.216	:	UK_EGNT	TR_LTBS
12.799	:	UK_EGNT	US_KMCO
8.513	:	UK_EGNV	ES_GCTS
7.977	:	UK_EGNV	ES_LEAL
9.15	:	UK_EGNV	ES_LEIB
13.841	:	UK_EGNV	ES_LEPA
22.423	:	UK_EGNV	NL_EHAM
10.315	:	UK_EGNX	BE_EBBR
18.349	:	UK_EGNX	CY_LCLK
11.85	:	UK_EGNX	CY_LCPH
19.597	:	UK_EGNX	EL_LGIR
11.195	:	UK_EGNX	EL_LGKO
24.184	:	UK_EGNX	EL_LGKR
16.371	:	UK_EGNX	EL_LGRP
21.287	:	UK_EGNX	EL_LGZA
19.383	:	UK_EGNX	ES_GCFV
19.93	:	UK_EGNX	ES_GCLP
35.098	:	UK_EGNX	ES_GCRR
55.451	:	UK_EGNX	ES_GCTS
52.926	:	UK_EGNX	ES_LEAL
35.754	:	UK_EGNX	ES_LEIB
35.741	:	UK_EGNX	ES_LEMG
31.393	:	UK_EGNX	ES_LEMH
95.605	:	UK_EGNX	ES_LEPA
51.839	:	UK_EGNX	FR_LFPG
21.333	:	UK_EGNX	IE_EIDW
20.185	:	UK_EGNX	MT_LMML
38.531	:	UK_EGNX	NL_EHAM
39.26	:	UK_EGNX	PT_LPFR
18.208	:	UK_EGNX	TR_LTBS
9.375	:	UK_EGPD	ES_GCTS
13.305	:	UK_EGPD	ES_LEPA
44.611	:	UK_EGPD	NL_EHAM
48.499	:	UK_EGPD	NO_ENZV
22.612	:	UK_EGPF	BE_EBBR
73.77	:	UK_EGPF	CA_CYYZ
20.389	:	UK_EGPF	CY_LCPH
23.065	:	UK_EGPF	EL_LGKR
58.437	:	UK_EGPF	ES_GCLP
46.78	:	UK_EGPF	ES_GCRR
98.754	:	UK_EGPF	ES_GCTS
50.696	:	UK_EGPF	ES_LEAL
25.679	:	UK_EGPF	ES_LEGE
43.505	:	UK_EGPF	ES_LEIB
55.012	:	UK_EGPF	ES_LEMG
20.374	:	UK_EGPF	ES_LEMH
135.567	:	UK_EGPF	ES_LEPA
21.326	:	UK_EGPF	ES_LERS
59.123	:	UK_EGPF	IE_EIDW
29.342	:	UK_EGPF	MT_LMML
57.539	:	UK_EGPF	NL_EHAM
43.535	:	UK_EGPF	PT_LPFR
34.745	:	UK_EGPF	TR_LTBS
36.935	:	UK_EGPF	US_KJFK
38.369	:	UK_EGPF	US_KMCO
29.648	:	UK_EGPF	US_KORD
24.866	:	UK_EGPH	BE_EBBR
20.519	:	UK_EGPH	DK_EKCH
10.401	:	UK_EGPH	ES_GCLP
13.557	:	UK_EGPH	ES_GCTS
13.058	:	UK_EGPH	ES_LEAL
25.338	:	UK_EGPH	ES_LEPA
22.732	:	UK_EGPH	FR_LFPG
52.266	:	UK_EGPH	IE_EIDW
59.575	:	UK_EGPH	NL_EHAM
9.175	:	UK_EGPK	CA_CYYZ
74.94	:	UK_EGPK	IE_EIDW
8.783	:	UK_EGSH	ES_GCTS
38.576	:	UK_EGSH	NL_EHAM
28.885	:	UK_EGSS	BE_EBBR
23.088	:	UK_EGSS	CH_LSZH
35.722	:	UK_EGSS	DE_EDDF
44.941	:	UK_EGSS	DE_EDDL
31.675	:	UK_EGSS	DE_EDDM
46.011	:	UK_EGSS	DK_EKCH
28.834	:	UK_EGSS	ES_GCTS
21.451	:	UK_EGSS	ES_LEMD
26.5	:	UK_EGSS	ES_LEMG
31.808	:	UK_EGSS	ES_LEMH
63.939	:	UK_EGSS	ES_LEPA
22.714	:	UK_EGSS	FR_LFMN
60.65	:	UK_EGSS	FR_LFPO
69.203	:	UK_EGSS	IE_EICK
352.433	:	UK_EGSS	IE_EIDW
51.192	:	UK_EGSS	IE_EIKN
27.467	:	UK_EGSS	IT_LIML
22.241	:	UK_EGSS	IT_LIRQ
92.304	:	UK_EGSS	NL_EHAM
32.432	:	UK_EGSS	PT_LPFR
21.217	:	UK_EGSS	SE_ESSA
4.983	:	UK_EGTE	CY_LCLK
14.413	:	UK_EGTE	ES_GCTS
11.508	:	UK_EGTE	ES_LEPA
41.115	:	CH_LSGG	AT_LOWW
109.524	:	CH_LSGG	BE_EBBR
44.531	:	CH_LSGG	CH_LSZA
355.951	:	CH_LSGG	CH_LSZH
34.398	:	CH_LSGG	CH_LSZM
127.215	:	CH_LSGG	DE_EDDF
23.712	:	CH_LSGG	DE_EDDL
31.518	:	CH_LSGG	DE_EDDM
61.238	:	CH_LSGG	DK_EKCH
40.83	:	CH_LSGG	EL_LGAT
56.126	:	CH_LSGG	ES_LEBL
90.167	:	CH_LSGG	ES_LEMD
21.193	:	CH_LSGG	ES_LEMG
20.534	:	CH_LSGG	ES_LEPA
72.236	:	CH_LSGG	FR_LFMN
169.861	:	CH_LSGG	FR_LFPG
135.491	:	CH_LSGG	FR_LFPS
33.642	:	CH_LSGG	IL_LLBG
83.987	:	CH_LSGG	IT_LIRR
23.29	:	CH_LSGG	MA_GMMC
122.588	:	CH_LSGG	NL_EHAM
53.273	:	CH_LSGG	PT_LPPR
53.687	:	CH_LSGG	PT_LPPT
36.459	:	CH_LSGG	SE_ESSA
30.9	:	CH_LSGG	TN_DTTA
20.922	:	CH_LSGG	TR_LTBA
42.941	:	CH_LSGG	UK_EGCC
170.054	:	CH_LSGG	UK_EGGA
136.275	:	CH_LSGG	UK_EGKK
201.361	:	CH_LSGG	UK_EGLL
68.364	:	CH_LSGG	US_KNYC
40.499	:	CH_LSZA	CH_LSGG
17.008	:	CH_LSZA	CH_LSZB
85.076	:	CH_LSZA	CH_LSZH
17.261	:	CH_LSZA	IT_LIPZ
14.66	:	CH_LSZA	IT_LIRQ
51.336	:	CH_LSZH	AE_OMDB
193.072	:	CH_LSZH	AT_LOWW
100.155	:	CH_LSZH	BE_EBBR
54.481	:	CH_LSZH	CA_CY90
381.76	:	CH_LSZH	CH_LSGG
76.298	:	CH_LSZH	CH_LSZA
107.633	:	CH_LSZH	CH_LSZM
95.712	:	CH_LSZH	CY_LCLK
77.59	:	CH_LSZH	CZ_LKPR
67.252	:	CH_LSZH	DE_EDBA
225.25	:	CH_LSZH	DE_EDDF
63.096	:	CH_LSZH	DE_EDDH
117.315	:	CH_LSZH	DE_EDDL
99.951	:	CH_LSZH	DE_EDDM
46.421	:	CH_LSZH	DE_EDDS
37.85	:	CH_LSZH	DE_EDVV
103.333	:	CH_LSZH	DK_EKCH
88.811	:	CH_LSZH	EL_LGAT
58.878	:	CH_LSZH	EL_LGIR
42.48	:	CH_LSZH	EL_LGKO
70.089	:	CH_LSZH	ES_GCLP
75.17	:	CH_LSZH	ES_LEBL
101.15	:	CH_LSZH	ES_LEMD
53.808	:	CH_LSZH	ES_LEMG
116.017	:	CH_LSZH	ES_LEPA
40.326	:	CH_LSZH	FI_EFHK
52.911	:	CH_LSZH	FR_LFMN
94.724	:	CH_LSZH	FR_LFPG
137.628	:	CH_LSZH	FR_LFPS
59.664	:	CH_LSZH	HK_VHHH
93.93	:	CH_LSZH	HU_LHBP
109.628	:	CH_LSZH	IL_LLBG
42.524	:	CH_LSZH	IN_VAJJ
106.385	:	CH_LSZH	IT_LIMM
65.572	:	CH_LSZH	IT_LIRF
80.507	:	CH_LSZH	IT_LIRR
37.258	:	CH_LSZH	JP_RJTD
45.374	:	CH_LSZH	KR_RKSS
142.398	:	CH_LSZH	MK_LWSK
222.886	:	CH_LSZH	NL_EHAM
41.077	:	CH_LSZH	NO_ENFB
38.052	:	CH_LSZH	PL_EPWA
74.057	:	CH_LSZH	PT_LPPT
38.753	:	CH_LSZH	SE_ESCN
42.67	:	CH_LSZH	SE_ESSA
71.397	:	CH_LSZH	SG_WSSS
100.671	:	CH_LSZH	TH_VTBD
128.88	:	CH_LSZH	TR_LTBA
56.266	:	CH_LSZH	UK_EGCC
244.202	:	CH_LSZH	UK_EGGA
66.783	:	CH_LSZH	UK_EGKK
201.584	:	CH_LSZH	UK_EGLL
84.34	:	CH_LSZH	US_KATL
98.573	:	CH_LSZH	US_KBOS
44.256	:	CH_LSZH	US_KCVG
63.065	:	CH_LSZH	US_KIAD
43.466	:	CH_LSZH	US_KJFK
43.56	:	CH_LSZH	US_KLAX
100.698	:	CH_LSZH	US_KNYC
109.63	:	CH_LSZH	US_KORD
56.238	:	CH_LSZH	ZA_FAJS
12.205	:	CH_LSZM	AT_LOWW
27.029	:	CH_LSZM	BE_EBBR
32.117	:	CH_LSZM	CH_LSGG
104.604	:	CH_LSZM	CH_LSZH
28.232	:	CH_LSZM	DE_EDDF
18.162	:	CH_LSZM	DE_EDDL
19.926	:	CH_LSZM	DE_EDDM
13.87	:	CH_LSZM	EL_LGAT
25.64	:	CH_LSZM	EL_LGIR
30.963	:	CH_LSZM	ES_GCLP
18.638	:	CH_LSZM	ES_GCRR
23.122	:	CH_LSZM	ES_GCTS
14.131	:	CH_LSZM	ES_LEBL
53.032	:	CH_LSZM	ES_LEPA
48.788	:	CH_LSZM	FR_LFPG
238.247	:	CH_LSZM	FR_LFPO
14.455	:	CH_LSZM	KE_HKMO
10.626	:	CH_LSZM	MK_LWSK
38.751	:	CH_LSZM	NL_EHAM
17.105	:	CH_LSZM	TR_LTBA
90.747	:	CH_LSZM	UK_EGLL
88.595	:	CH_LSZH_RS	ME_LYBE
18.284	:	DE_EDDB	AE_OMAA
24.795	:	DE_EDDB	BG_LBBG
16.086	:	DE_EDDB	BG_LBSF
20.927	:	DE_EDDB	BG_LBWN
12.962	:	DE_EDDB	CH_LSZH
22.207	:	DE_EDDB	CY_LCLK
26.418	60.033	DE_EDDB	DE_EDDF
24.114	45.355	DE_EDDB	DE_EDDK
12.551	28.057	DE_EDDB	DE_EDDL
20.686	44.403	DE_EDDB	DE_EDDM
1.114	:	DE_EDDB	DO_MDPP
9.118	:	DE_EDDB	EG_HECA
28.021	:	DE_EDDB	EL_LGIR
15.059	:	DE_EDDB	EL_LGRD
11.072	:	DE_EDDB	EL_LGTS
19.798	:	DE_EDDB	ES_GCFV
42.105	:	DE_EDDB	ES_GCLP
21.333	:	DE_EDDB	ES_GCRR
31.942	:	DE_EDDB	ES_GCXO
11.703	:	DE_EDDB	ES_LEIB
76.216	:	DE_EDDB	ES_LEPA
23.289	:	DE_EDDB	HU_LHBP
15.495	:	DE_EDDB	IL_LLBG
11.584	:	DE_EDDB	MK_LWSK
22.434	:	DE_EDDB	PT_LPFR
15.703	:	DE_EDDB	RO_LRBB
14.992	:	DE_EDDB	RU_ULLI
42.424	:	DE_EDDB	RU_UU90
36.886	:	DE_EDDB	TN_DTMB
12.06	:	DE_EDDB	TN_DTTA
14.122	:	DE_EDDB	TN_DTTJ
11.085	:	DE_EDDB	TR_LTAC
39.227	:	DE_EDDB	TR_LTAI
30.465	:	DE_EDDB	TR_LTBA
10.119	:	DE_EDDC	CH_LSZH
7.639	18.61	DE_EDDC	DE_EDDE
166.603	257.812	DE_EDDC	DE_EDDF
41.673	101.364	DE_EDDC	DE_EDDH
57.882	108.433	DE_EDDC	DE_EDDK
75.426	134.901	DE_EDDC	DE_EDDL
81.063	152.413	DE_EDDC	DE_EDDM
11.32	22.81	DE_EDDC	DE_EDDN
19.432	69.09	DE_EDDC	DE_EDDP
77.589	134.132	DE_EDDC	DE_EDDS
17.765	:	DE_EDDC	EL_LGIR
21.481	:	DE_EDDC	ES_GCLP
17.518	:	DE_EDDC	ES_GCXO
36.005	:	DE_EDDC	ES_LEPA
23.029	:	DE_EDDC	TN_DTMB
19.37	:	DE_EDDC	TR_LTAI
13.632	25.694	DE_EDDE	DE_EDDC
8.163	:	DE_EDDE	ES_GCLP
20.276	:	DE_EDDE	ES_LEPA
11.591	:	DE_EDDE	TN_DTMB
8.235	:	DE_EDDE	TR_LTAI
27.381	:	DE_EDDF	AE_OMAA
95.313	:	DE_EDDF	AE_OMDB
44.219	:	DE_EDDF	AR_SAEZ
59.539	:	DE_EDDF	AT_LOWG
55.597	:	DE_EDDF	AT_LOWL
54.306	:	DE_EDDF	AT_LOWS
281.924	:	DE_EDDF	AT_LOWW
206.249	:	DE_EDDF	BE_EBBR
85.038	:	DE_EDDF	BR_SB90
46.741	:	DE_EDDF	BY_UMMM
43.849	:	DE_EDDF	CA_CY90
194.489	:	DE_EDDF	CA_CYTZ
107.621	:	DE_EDDF	CA_CYVR
78.552	:	DE_EDDF	CA_CYYC
138.627	:	DE_EDDF	CH_LSGG
218.464	:	DE_EDDF	CH_LSZH
105.79	:	DE_EDDF	CN_ZBAA
54.055	:	DE_EDDF	CY_LCLK
129.524	:	DE_EDDF	CZ_LKPR
167.121	258.939	DE_EDDF	DE_EDDC
58.914	119.367	DE_EDDF	DE_EDDG
632.073	878.653	DE_EDDF	DE_EDDH
163.973	262.378	DE_EDDF	DE_EDDK
323.295	445.007	DE_EDDF	DE_EDDL
612.847	847.771	DE_EDDF	DE_EDDM
167.767	255.62	DE_EDDF	DE_EDDN
156.165	253.94	DE_EDDF	DE_EDDP
179.731	268.755	DE_EDDF	DE_EDDS
720.071	1070.083	DE_EDDF	DE_EDDT
210.679	282.344	DE_EDDF	DE_EDDW
237.955	357.567	DE_EDDF	DE_EDVV
202.088	:	DE_EDDF	DK_EK90
103.355	:	DE_EDDF	EG_HECA
178.509	:	DE_EDDF	EL_LGAT
85.553	:	DE_EDDF	EL_LGIR
36.615	:	DE_EDDF	EL_LGRD
94.448	:	DE_EDDF	EL_LGTS
89.963	:	DE_EDDF	ES_GCFV
132.026	:	DE_EDDF	ES_GCLP
79.462	:	DE_EDDF	ES_GCRR
101.445	:	DE_EDDF	ES_GCXO
43.057	:	DE_EDDF	ES_LEAL
45.193	:	DE_EDDF	ES_LEBB
138.021	:	DE_EDDF	ES_LEBL
46.939	:	DE_EDDF	ES_LEIB
177.291	:	DE_EDDF	ES_LEMD
88.398	:	DE_EDDF	ES_LEMG
339.69	:	DE_EDDF	ES_LEPA
41.748	:	DE_EDDF	ES_LEVC
114.917	:	DE_EDDF	FI_EFHF
457.807	:	DE_EDDF	FR_LF90
54.916	:	DE_EDDF	FR_LFLL
68.419	:	DE_EDDF	FR_LFMN
199.115	:	DE_EDDF	HK_VHHH
48.512	:	DE_EDDF	HR_LDZA
126.742	:	DE_EDDF	HU_LHBP
85.191	:	DE_EDDF	IE_EIDW
159.319	:	DE_EDDF	IL_LLBG
97.703	:	DE_EDDF	IN_VABB
154.722	:	DE_EDDF	IN_VIDP
61.577	:	DE_EDDF	IR_OIII
227.074	:	DE_EDDF	IT_LI90
276.133	:	DE_EDDF	IT_LI91
116.194	:	DE_EDDF	IT_LI92
67.24	:	DE_EDDF	IT_LIMF
71.564	:	DE_EDDF	IT_LIPE
41.154	:	DE_EDDF	IT_LIRN
240.179	:	DE_EDDF	JP_RJ90
45.623	:	DE_EDDF	JP_RJOO
40.521	:	DE_EDDF	KE_HKNA
95.817	:	DE_EDDF	KR_RKSS
39.677	:	DE_EDDF	KW_OKBK
58.267	:	DE_EDDF	LU_ELLX
64.168	:	DE_EDDF	MT_LMML
57.704	:	DE_EDDF	MX_MMMX
41.768	:	DE_EDDF	MY_WMKK
280.455	:	DE_EDDF	NL_EHAM
42.985	:	DE_EDDF	NO_ENFB
130.771	:	DE_EDDF	PL_EPWA
85.291	:	DE_EDDF	PT_LPFR
57.99	:	DE_EDDF	PT_LPPR
129.689	:	DE_EDDF	PT_LPPT
202.622	:	DE_EDDF	RU_UU90
142.529	:	DE_EDDF	SE_ESCN
44.319	:	DE_EDDF	SE_ESGG
214.201	:	DE_EDDF	SG_WSSS
39.672	:	DE_EDDF	SI_LJLJ
537.832	:	DE_EDDF	TH_VTBD
76.733	:	DE_EDDF	TN_DTMB
52.705	:	DE_EDDF	TN_DTTA
93.451	:	DE_EDDF	TR_LTAC
170.168	:	DE_EDDF	TR_LTAI
302.819	:	DE_EDDF	TR_LTBA
76.663	:	DE_EDDF	TR_LTBJ
38.053	:	DE_EDDF	TR_LTBS
51.784	:	DE_EDDF	UA_UKKK
897.158	:	DE_EDDF	UK_EG90
86.035	:	DE_EDDF	UK_EGBB
100.409	:	DE_EDDF	UK_EGCC
250.078	:	DE_EDDF	US_KA90
256.687	:	DE_EDDF	US_KA91
213.811	:	DE_EDDF	US_KATL
112.347	:	DE_EDDF	US_KBOS
74.921	:	DE_EDDF	US_KCVG
153.048	:	DE_EDDF	US_KD90
189.277	:	DE_EDDF	US_KDFW
604.087	:	DE_EDDF	US_KJFK
225.921	:	DE_EDDF	US_KLAX
69.728	:	DE_EDDF	US_KMCO
48.926	:	DE_EDDF	US_KPIT
126.426	:	DE_EDDF	US_KSFO
141.455	:	DE_EDDF	US_KZMA
56.508	:	DE_EDDF	VE_SVMI
166.199	:	DE_EDDF	ZA_FAJS
60.562	121.496	DE_EDDG	DE_EDDF
34.284	71.848	DE_EDDG	DE_EDDI
23.877	59.194	DE_EDDG	DE_EDDM
13.317	44.341	DE_EDDG	DE_EDLW
13.666	:	DE_EDDG	EL_LGIR
8.989	:	DE_EDDG	ES_GCFV
23.871	:	DE_EDDG	ES_GCLP
15.759	:	DE_EDDG	ES_GCRR
9.147	:	DE_EDDG	ES_GCXO
90.504	:	DE_EDDG	ES_LEPA
17.731	:	DE_EDDG	TR_LTAI
13.933	:	DE_EDDG	UK_EG90
51.867	:	DE_EDDH	AT_LOWW
57.798	:	DE_EDDH	BE_EBBR
64.248	:	DE_EDDH	CH_LSZH
40.306	103.025	DE_EDDH	DE_EDDC
623.247	881.667	DE_EDDH	DE_EDDF
140.394	209.705	DE_EDDH	DE_EDDK
198.059	319.447	DE_EDDH	DE_EDDL
367.77	565.999	DE_EDDH	DE_EDDM
44.37	91.759	DE_EDDH	DE_EDDN
133.963	191.18	DE_EDDH	DE_EDDS
113.69	207.992	DE_EDDH	DE_EDDT
105.218	:	DE_EDDH	DK_EK90
37.108	:	DE_EDDH	EL_LGIR
52.128	:	DE_EDDH	ES_GCFV
104.557	:	DE_EDDH	ES_GCLP
44.084	:	DE_EDDH	ES_GCRR
60.006	:	DE_EDDH	ES_GCXO
195.168	:	DE_EDDH	ES_LEPA
49.071	:	DE_EDDH	FI_EFHF
111.722	:	DE_EDDH	FR_LF90
39.211	:	DE_EDDH	IT_LI91
131.864	:	DE_EDDH	NL_EHAM
36.199	:	DE_EDDH	PT_LPFR
77.308	:	DE_EDDH	TR_LTAI
67.519	:	DE_EDDH	TR_LTBA
266.621	:	DE_EDDH	UK_EG90
48.768	:	DE_EDDH	US_KATL
46.184	:	DE_EDDI	BE_EBBR
33.88	68.594	DE_EDDI	DE_EDDG
50.802	88.655	DE_EDDI	DE_EDDN
25.063	51.815	DE_EDDI	DE_EDDR
37.5	71.993	DE_EDDI	DE_EDLW
14.691	32.196	DE_EDDI	DE_EDMA
29.281	54.217	DE_EDDI	DE_EDVV
49.548	:	DE_EDDI	DK_EK90
23.882	:	DE_EDDK	AT_LOWW
36.862	:	DE_EDDK	CH_LSZH
56.248	109.759	DE_EDDK	DE_EDDC
161.093	256.494	DE_EDDK	DE_EDDF
134.854	215.026	DE_EDDK	DE_EDDH
277.92	448.242	DE_EDDK	DE_EDDM
21.94	54.325	DE_EDDK	DE_EDDN
55.72	110.813	DE_EDDK	DE_EDDP
402.794	756.538	DE_EDDK	DE_EDDT
21.018	:	DE_EDDK	EL_LGIR
31.902	:	DE_EDDK	ES_GCFV
40.196	:	DE_EDDK	ES_GCLP
29.822	:	DE_EDDK	ES_GCRR
28.685	:	DE_EDDK	ES_GCXO
134.125	:	DE_EDDK	ES_LEPA
68.27	:	DE_EDDK	FR_LF90
34.913	:	DE_EDDK	TR_LTAC
53.283	:	DE_EDDK	TR_LTAI
103.147	:	DE_EDDK	TR_LTBA
22.646	:	DE_EDDK	TR_LTBJ
146.784	:	DE_EDDK	UK_EG90
81.668	:	DE_EDDL	AT_LOWW
39.055	:	DE_EDDL	BE_EBBR
121.424	:	DE_EDDL	CH_LSZH
77.004	134.792	DE_EDDL	DE_EDDC
308.11	446.664	DE_EDDL	DE_EDDF
201.02	321.082	DE_EDDL	DE_EDDH
667.473	1142.758	DE_EDDL	DE_EDDM
76.058	131.86	DE_EDDL	DE_EDDN
99.861	192.782	DE_EDDL	DE_EDDP
122.493	180.124	DE_EDDL	DE_EDDS
398.456	742.172	DE_EDDL	DE_EDDT
88.703	:	DE_EDDL	DK_EK90
37.789	:	DE_EDDL	DO_MDPP
89.273	:	DE_EDDL	EL_LGIR
61.82	:	DE_EDDL	EL_LGRD
95.064	:	DE_EDDL	EL_LGTS
128.014	:	DE_EDDL	ES_GCFV
196.076	:	DE_EDDL	ES_GCLP
96.114	:	DE_EDDL	ES_GCRR
115.429	:	DE_EDDL	ES_GCXO
48.358	:	DE_EDDL	ES_LEAL
77.773	:	DE_EDDL	ES_LEBL
98.665	:	DE_EDDL	ES_LEIB
50.188	:	DE_EDDL	ES_LEMD
83.812	:	DE_EDDL	ES_LEMG
611.472	:	DE_EDDL	ES_LEPA
49.221	:	DE_EDDL	FI_EFHF
167.446	:	DE_EDDL	FR_LF90
52.548	:	DE_EDDL	IE_EIDW
54.577	:	DE_EDDL	IT_LI90
132.932	:	DE_EDDL	IT_LI91
47.139	:	DE_EDDL	MK_LWSK
79.657	:	DE_EDDL	NL_EHAM
108.208	:	DE_EDDL	PT_LPFR
43.893	:	DE_EDDL	RU_UU90
47.687	:	DE_EDDL	SE_ESCN
88.97	:	DE_EDDL	TN_DTMB
38.263	:	DE_EDDL	TN_DTTJ
54.168	:	DE_EDDL	TR_LTAC
237.417	:	DE_EDDL	TR_LTAI
224.07	:	DE_EDDL	TR_LTBA
72.712	:	DE_EDDL	TR_LTBJ
53.453	:	DE_EDDL	TR_LTBS
411.933	:	DE_EDDL	UK_EG90
99.411	:	DE_EDDL	UK_EGBB
92.484	:	DE_EDDL	UK_EGCC
46.886	:	DE_EDDL	US_KA90
78.463	:	DE_EDDL	US_KJFK
40.374	:	DE_EDDL	US_KZMA
101.116	:	DE_EDDM	AT_LOWW
87.986	:	DE_EDDM	BE_EBBR
99.234	:	DE_EDDM	CH_LSZH
89.174	152.725	DE_EDDM	DE_EDDC
597.786	834.778	DE_EDDM	DE_EDDF
367.492	566.282	DE_EDDM	DE_EDDH
278.995	448.376	DE_EDDM	DE_EDDK
656.308	1133.534	DE_EDDM	DE_EDDL
69.758	147.927	DE_EDDM	DE_EDDP
34.122	76.767	DE_EDDM	DE_EDDS
495.434	828.589	DE_EDDM	DE_EDDT
62.312	104.834	DE_EDDM	DE_EDDW
38.409	70.902	DE_EDDM	DE_EDLW
138.924	241.749	DE_EDDM	DE_EDVV
57.693	:	DE_EDDM	DK_EK90
39.055	:	DE_EDDM	EG_HEGN
69.435	:	DE_EDDM	EL_LGAT
75.147	:	DE_EDDM	EL_LGIR
38.124	:	DE_EDDM	EL_LGRD
100.951	:	DE_EDDM	EL_LGTS
45.735	:	DE_EDDM	ES_GCFV
76.427	:	DE_EDDM	ES_GCLP
70.346	:	DE_EDDM	ES_GCXO
72.511	:	DE_EDDM	ES_LEBL
64.041	:	DE_EDDM	ES_LEMD
130.726	:	DE_EDDM	ES_LEPA
247.995	:	DE_EDDM	FR_LF90
53.305	:	DE_EDDM	HU_LHBP
78.203	:	DE_EDDM	IL_LLBG
91.256	:	DE_EDDM	IT_LI90
87.478	:	DE_EDDM	IT_LI91
37.546	:	DE_EDDM	IT_LIRQ
41.729	:	DE_EDDM	MT_LMML
144.531	:	DE_EDDM	NL_EHAM
45.321	:	DE_EDDM	PT_LPFR
45.049	:	DE_EDDM	PT_LPPT
37.317	:	DE_EDDM	RU_UU90
36.545	:	DE_EDDM	SE_ESCN
54.881	:	DE_EDDM	TN_DTMB
97.483	:	DE_EDDM	TR_LTAI
149.303	:	DE_EDDM	TR_LTBA
461.347	:	DE_EDDM	UK_EG90
38.623	:	DE_EDDM	UK_EGCC
50.178	:	DE_EDDM	US_KA90
69.722	:	DE_EDDM	US_KATL
60.518	:	DE_EDDM	US_KJFK
22.307	:	DE_EDDN	CH_LSZH
10.524	19.822	DE_EDDN	DE_EDDC
168.958	260.692	DE_EDDN	DE_EDDF
45.719	91.36	DE_EDDN	DE_EDDH
50.204	88.465	DE_EDDN	DE_EDDI
21.789	45.252	DE_EDDN	DE_EDDK
73.664	127.703	DE_EDDN	DE_EDDL
42.854	95.153	DE_EDDN	DE_EDDT
13.18	31.239	DE_EDDN	DE_EDLW
28.114	:	DE_EDDN	EL_LGIR
13.0	:	DE_EDDN	EL_LGRD
18.079	:	DE_EDDN	ES_GCFV
28.345	:	DE_EDDN	ES_GCLP
19.469	:	DE_EDDN	ES_GCRR
20.34	:	DE_EDDN	ES_GCXO
67.772	:	DE_EDDN	ES_LEPA
47.151	:	DE_EDDN	FR_LF90
30.701	:	DE_EDDN	NL_EHAM
9.772	:	DE_EDDN	PT_LPFR
18.687	:	DE_EDDN	TN_DTMB
7.385	:	DE_EDDN	TR_LTAC
54.134	:	DE_EDDN	TR_LTAI
49.627	:	DE_EDDN	TR_LTBA
16.76	:	DE_EDDN	TR_LTBJ
46.039	:	DE_EDDN	UK_EG90
17.316	:	DE_EDDP	BG_LBBG
15.257	:	DE_EDDP	BG_LBWN
21.731	84.631	DE_EDDP	DE_EDDC
144.022	251.432	DE_EDDP	DE_EDDF
32.92	84.373	DE_EDDP	DE_EDDH
59.807	117.439	DE_EDDP	DE_EDDK
93.684	188.306	DE_EDDP	DE_EDDL
71.434	145.657	DE_EDDP	DE_EDDM
39.453	74.825	DE_EDDP	DE_EDDS
31.116	82.645	DE_EDDP	DE_EDVV
23.447	:	DE_EDDP	EL_LGIR
11.844	:	DE_EDDP	EL_LGKR
14.621	:	DE_EDDP	EL_LGRD
12.941	:	DE_EDDP	ES_GCFV
28.347	:	DE_EDDP	ES_GCLP
11.112	:	DE_EDDP	ES_GCRR
23.271	:	DE_EDDP	ES_GCXO
11.505	:	DE_EDDP	ES_LEIB
81.6	:	DE_EDDP	ES_LEPA
20.608	:	DE_EDDP	PT_LPFR
37.362	:	DE_EDDP	TN_DTMB
43.702	:	DE_EDDP	TR_LTAI
11.702	:	DE_EDDP	TR_LTBA
11.055	34.409	DE_EDDR	DE_EDDH
24.942	54.003	DE_EDDR	DE_EDDI
14.452	32.905	DE_EDDR	DE_EDDM
8.594	:	DE_EDDR	EL_LGIR
42.753	:	DE_EDDR	ES_LEPA
13.03	:	DE_EDDR	LU_ELLX
40.158	:	DE_EDDS	AT_LOWW
51.295	:	DE_EDDS	BE_EBBR
42.143	:	DE_EDDS	CH_LSZH
72.739	134.26	DE_EDDS	DE_EDDC
174.073	263.959	DE_EDDS	DE_EDDF
131.353	189.791	DE_EDDS	DE_EDDH
117.003	168.28	DE_EDDS	DE_EDDL
41.066	88.787	DE_EDDS	DE_EDDM
42.363	80.087	DE_EDDS	DE_EDDP
300.521	521.665	DE_EDDS	DE_EDDT
44.097	87.238	DE_EDDS	DE_EDVV
51.284	:	DE_EDDS	DK_EK90
52.08	:	DE_EDDS	EL_LGTS
53.048	:	DE_EDDS	ES_GCLP
45.344	:	DE_EDDS	ES_GCXO
119.03	:	DE_EDDS	ES_LEPA
91.512	:	DE_EDDS	FR_LF90
49.129	:	DE_EDDS	IT_LI91
93.834	:	DE_EDDS	NL_EHAM
40.203	:	DE_EDDS	TN_DTMB
51.71	:	DE_EDDS	TR_LTAI
110.367	:	DE_EDDS	TR_LTBA
147.078	:	DE_EDDS	UK_EG90
65.116	:	DE_EDDT	AT_LOWW
78.79	:	DE_EDDT	CH_LSZH
719.219	1070.562	DE_EDDT	DE_EDDF
110.494	193.372	DE_EDDT	DE_EDDH
406.773	758.816	DE_EDDT	DE_EDDK
398.923	729.261	DE_EDDT	DE_EDDL
499.577	831.777	DE_EDDT	DE_EDDM
44.155	98.604	DE_EDDT	DE_EDDN
304.193	522.563	DE_EDDT	DE_EDDS
86.639	:	DE_EDDT	ES_LEPA
134.118	:	DE_EDDT	FR_LF90
40.732	:	DE_EDDT	IT_LI91
94.741	:	DE_EDDT	NL_EHAM
46.529	:	DE_EDDT	RU_UU90
78.386	:	DE_EDDT	TR_LTAI
91.742	:	DE_EDDT	TR_LTBA
239.528	:	DE_EDDT	UK_EG90
40.057	:	DE_EDDT	US_KJFK
10.644	:	DE_EDDW	CH_LSZH
205.764	281.525	DE_EDDW	DE_EDDF
61.24	104.465	DE_EDDW	DE_EDDM
33.624	55.884	DE_EDDW	DE_EDDS
34.987	61.08	DE_EDDW	DE_EDDT
13.012	:	DE_EDDW	EL_LGIR
14.434	:	DE_EDDW	ES_GCFV
29.509	:	DE_EDDW	ES_GCLP
16.739	:	DE_EDDW	ES_GCRR
15.685	:	DE_EDDW	ES_GCXO
81.334	:	DE_EDDW	ES_LEPA
16.1	:	DE_EDDW	FR_LF90
55.009	:	DE_EDDW	NL_EHAM
14.29	:	DE_EDDW	TR_LTAI
44.857	:	DE_EDDW	UK_EG90
33.768	:	DE_EDVV	BE_EBBR
38.781	:	DE_EDVV	CH_LSZH
236.788	360.484	DE_EDVV	DE_EDDF
24.118	58.527	DE_EDVV	DE_EDDH
26.205	54.369	DE_EDVV	DE_EDDI
141.258	244.486	DE_EDVV	DE_EDDM
28.411	83.435	DE_EDVV	DE_EDDP
45.479	90.642	DE_EDVV	DE_EDDS
31.05	:	DE_EDVV	DK_EK90
37.788	:	DE_EDVV	EL_LGIR
20.632	:	DE_EDVV	EL_LGRD
54.731	:	DE_EDVV	ES_GCFV
84.3	:	DE_EDVV	ES_GCLP
45.871	:	DE_EDVV	ES_GCRR
54.004	:	DE_EDVV	ES_GCXO
19.902	:	DE_EDVV	ES_LEIB
191.924	:	DE_EDVV	ES_LEPA
54.024	:	DE_EDVV	FR_LF90
22.349	:	DE_EDVV	KZ_UA99
17.777	:	DE_EDVV	KZ_UAAA
46.984	:	DE_EDVV	NL_EHAM
33.054	:	DE_EDVV	PT_LPFR
0.293	:	DE_EDVV	RU_UU90
39.052	:	DE_EDVV	TN_DTMB
21.51	:	DE_EDVV	TR_LTAC
81.363	:	DE_EDVV	TR_LTAI
86.218	:	DE_EDVV	TR_LTBA
29.731	:	DE_EDVV	TR_LTBJ
156.866	:	DE_EDVV	UK_EG90
84.507	:	DK_EKCH	AT_LOWW
128.744	:	DK_EKCH	BE_EBBR
65.359	:	DK_EKCH	CH_LSGG
113.028	:	DK_EKCH	CH_LSZH
50.758	:	DK_EKCH	CN_ZBAA
38.69	:	DK_EKCH	CZ_LKLT
49.215	:	DK_EKCH	DE_EDBB
203.367	:	DK_EKCH	DE_EDDF
94.902	:	DK_EKCH	DE_EDDH
89.69	:	DK_EKCH	DE_EDDL
60.884	:	DK_EKCH	DE_EDDM
51.098	:	DK_EKCH	DE_EDDS
312.614	:	DK_EKCH	DK_EKAH
202.43	:	DK_EKCH	DK_EKBI
36.405	:	DK_EKCH	DK_EKEB
180.324	:	DK_EKCH	DK_EKKA
86.198	:	DK_EKCH	DK_EKOD
96.03	:	DK_EKCH	DK_EKRN
50.1	:	DK_EKCH	DK_EKSB
45.447	:	DK_EKCH	DK_EKSP
41.809	:	DK_EKCH	DK_EKVG
269.065	:	DK_EKCH	DK_EKYT
59.727	:	DK_EKCH	EL_LGAT
37.963	:	DK_EKCH	EL_LGSA
45.481	:	DK_EKCH	ES_GCGC
67.731	:	DK_EKCH	ES_LEMD
41.252	:	DK_EKCH	ES_LEMG
43.851	:	DK_EKCH	ES_LEPA
154.928	:	DK_EKCH	FI_EFHK
38.515	:	DK_EKCH	FR_LFMN
205.062	:	DK_EKCH	FR_LFPG
40.469	:	DK_EKCH	HU_LHBP
56.352	:	DK_EKCH	IL_LLBG
96.562	:	DK_EKCH	IS_BIKF
109.236	:	DK_EKCH	IT_LI91
0.036	:	DK_EKCH	IT_LIML
72.465	:	DK_EKCH	IT_LIRF
39.592	:	DK_EKCH	JP_RJAA
191.933	:	DK_EKCH	NL_EHAM
88.196	:	DK_EKCH	NO_ENBR
491.089	:	DK_EKCH	NO_ENFB
61.836	:	DK_EKCH	NO_ENZV
56.588	:	DK_EKCH	PL_EPWA
40.212	:	DK_EKCH	PT_LPPT
185.442	:	DK_EKCH	SE_ESGG
64.534	:	DK_EKCH	SE_ESOW
539.315	:	DK_EKCH	SE_ESSA
67.501	:	DK_EKCH	SE_ESSP
98.554	:	DK_EKCH	TH_VTBD
39.504	:	DK_EKCH	TR_LTBA
91.877	:	DK_EKCH	UK_EGCC
91.404	:	DK_EKCH	UK_EGKK
358.052	:	DK_EKCH	UK_EGLL
47.231	:	DK_EKCH	UK_EGSS
75.107	:	DK_EKCH	US_KEWR
55.419	:	DK_EKCH	US_KJFK
47.092	:	DK_EKCH	US_KORD
61.16	:	DK_EKCH	US_KSEA
144.027	:	SE_ESDB	SE_ESSA
73.988	:	SE_ESDF	SE_ESSA
50.133	:	SE_ESGG	BE_EBBR
18.501	:	SE_ESGG	CH_LSZH
20.313	:	SE_ESGG	CY_LCLK
32.478	:	SE_ESGG	DE_EDDF
20.888	:	SE_ESGG	DE_EDDH
12.298	:	SE_ESGG	DE_EDDL
185.507	:	SE_ESGG	DK_EKCH
13.241	:	SE_ESGG	EL_LGAT
20.346	:	SE_ESGG	EL_LGIR
13.983	:	SE_ESGG	EL_LGRP
19.331	:	SE_ESGG	EL_LGSA
40.618	:	SE_ESGG	ES_GCLP
20.491	:	SE_ESGG	ES_GCTS
26.479	:	SE_ESGG	ES_LEPA
35.204	:	SE_ESGG	FI_EFHK
31.386	:	SE_ESGG	FR_LFPG
87.233	:	SE_ESGG	NL_EHAM
62.598	:	SE_ESGG	NO_ENFB
349.143	:	SE_ESGG	SE_ESSA
148.532	:	SE_ESGG	SE_ESSB
11.013	:	SE_ESGG	TR_LTAI
40.533	:	SE_ESGG	UK_EGKK
117.53	:	SE_ESGG	UK_EGLL
31.904	:	SE_ESGJ	DK_EKCH
62.566	:	SE_ESGJ	SE_ESSA
11.129	:	SE_ESMQ	DK_EKCH
7.369	:	SE_ESMQ	SE_ESMX
69.141	:	SE_ESMQ	SE_ESSA
18.937	:	SE_ESMS	CY_LCLK
10.704	:	SE_ESMS	EL_LGRP
15.474	:	SE_ESMS	EL_LGSA
29.323	:	SE_ESMS	ES_GCLP
15.111	:	SE_ESMS	ES_GCTS
28.43	:	SE_ESMS	ES_LEPA
23.205	:	SE_ESMS	NL_EHAM
5.046	:	SE_ESMS	SE_ESGG
298.536	:	SE_ESMS	SE_ESSA
162.949	:	SE_ESMS	SE_ESSB
13.784	:	SE_ESNN	SE_ESNU
15.87	:	SE_ESNN	SE_ESPA
397.922	:	SE_ESNN	SE_ESSA
94.544	:	SE_ESNS	SE_ESSA
8.051	:	SE_ESNU	ES_LEPA
8.364	:	SE_ESNU	SE_ESNG
8.113	:	SE_ESNU	SE_ESPA
256.821	:	SE_ESNU	SE_ESSA
7.758	:	SE_ESPA	SE_ESNN
11.141	:	SE_ESPA	SE_ESNQ
10.098	:	SE_ESPA	SE_ESNU
335.089	:	SE_ESPA	SE_ESSA
8.28	:	SE_ESPC	SE_ESNU
147.209	:	SE_ESPC	SE_ESSA
51.718	:	SE_ESSA	AT_LOWW
87.557	:	SE_ESSA	BE_EBBR
41.083	:	SE_ESSA	CH_LSGG
82.995	:	SE_ESSA	CH_LSZH
59.047	:	SE_ESSA	CY_LCLK
144.786	:	SE_ESSA	DE_EDDF
49.234	:	SE_ESSA	DE_EDDL
493.156	:	SE_ESSA	DK_EKCH
46.634	:	SE_ESSA	EL_LGAT
51.491	:	SE_ESSA	EL_LGIR
50.095	:	SE_ESSA	EL_LGSA
78.386	:	SE_ESSA	ES_GCLP
38.678	:	SE_ESSA	ES_GCTS
56.616	:	SE_ESSA	ES_LEPA
289.153	:	SE_ESSA	FI_EFHK
57.027	:	SE_ESSA	FI_EFTU
153.04	:	SE_ESSA	FR_LFPG
56.043	:	SE_ESSA	IT_LIML
148.629	:	SE_ESSA	NL_EHAM
322.575	:	SE_ESSA	NO_ENFB
52.653	:	SE_ESSA	RU_UUEE
144.264	:	SE_ESSA	SE_ESDB
70.935	:	SE_ESSA	SE_ESDF
348.945	:	SE_ESSA	SE_ESGG
78.589	:	SE_ESSA	SE_ESGJ
62.992	:	SE_ESSA	SE_ESMK
78.466	:	SE_ESSA	SE_ESMQ
302.294	:	SE_ESSA	SE_ESMS
60.546	:	SE_ESSA	SE_ESMT
78.974	:	SE_ESSA	SE_ESMX
220.314	:	SE_ESSA	SE_ESNN
56.251	:	SE_ESSA	SE_ESNO
94.715	:	SE_ESSA	SE_ESNS
256.418	:	SE_ESSA	SE_ESNU
349.86	:	SE_ESSA	SE_ESPA
150.348	:	SE_ESSA	SE_ESPC
50.184	:	SE_ESSA	SE_ESSD
102.345	:	SE_ESSA	SE_ESSQ
82.576	:	SE_ESSA	SE_ESSV
36.651	:	SE_ESSA	TH_VTBD
66.825	:	SE_ESSA	UK_EGKK
348.11	:	SE_ESSA	UK_EGLL
65.348	:	SE_ESSA	US_KEWR
58.305	:	SE_ESSA	US_KORD
145.913	:	SE_ESSB	SE_ESGG
15.437	:	SE_ESSB	SE_ESGT
161.291	:	SE_ESSB	SE_ESMS
74.693	:	SE_ESSB	SE_ESSV
65.324	:	SE_ESSP	DK_EKCH
9.129	:	SE_ESSP	SE_ESSA
9.305	:	SE_ESSP	SE_ESSV
103.505	:	SE_ESSQ	SE_ESSA
83.019	:	SE_ESSV	SE_ESSA
77.861	:	SE_ESSV	SE_ESSB
9.468	:	SE_ESSV	SE_ESSP
22.555	:	LU_ELLX	BE_EBBR
12.439	:	LU_ELLX	CH_LSGG
20.986	:	LU_ELLX	CH_LSZH
59.744	:	LU_ELLX	DE_EDDF
11.64	:	LU_ELLX	DE_EDDR
15.074	:	LU_ELLX	DK_EKCH
12.464	:	LU_ELLX	ES_GCLP
16.242	:	LU_ELLX	ES_GCTS
10.505	:	LU_ELLX	ES_LEMG
42.924	:	LU_ELLX	ES_LEPA
36.138	:	LU_ELLX	FR_LFPG
52.95	:	LU_ELLX	IS_BIKF
28.073	:	LU_ELLX	NL_EHAM
19.824	:	LU_ELLX	PT_LPPR
9.213	:	LU_ELLX	PT_LPPT
17.342	:	LU_ELLX	TN_DTMB
69.172	:	LU_ELLX	UK_EGLL
