passengers	seats	code_dep	code_arr
102.934	153.525	IT_LIBD	IT_LIMC
17.515	36.151	IT_LIBD	IT_LIME
91.099	150.296	IT_LIBD	IT_LIML
8.857	12.176	IT_LIBD	IT_LIPZ
215.083	372.883	IT_LIBD	IT_LIRF
59.978	117.32	IT_LIBR	IT_LIMC
143.577	235.541	IT_LIBR	IT_LIRF
88.644	169.917	IT_LICA	IT_LIMC
7.997	11.764	IT_LICA	IT_LIPE
186.18	346.693	IT_LICA	IT_LIRF
40.991	56.774	IT_LICC	BE_EBBR
18.332	19.925	IT_LICC	DE_EDDF
40.473	55.237	IT_LICC	DE_EDDL
46.026	51.192	IT_LICC	DE_EDDM
10.948	14.38	IT_LICC	DE_EDDS
19.599	24.179	IT_LICC	FR_LFPG
368.355	699.014	IT_LICC	IT_LIMC
12.368	29.301	IT_LICC	IT_LIME
70.448	110.796	IT_LICC	IT_LIMF
27.822	52.379	IT_LICC	IT_LIMJ
76.81	133.013	IT_LICC	IT_LIML
81.664	112.115	IT_LICC	IT_LIPE
53.876	92.803	IT_LICC	IT_LIPN
64.755	122.709	IT_LICC	IT_LIPZ
507.189	919.05	IT_LICC	IT_LIRF
60.281	134.802	IT_LICC	IT_LIRN
33.871	56.189	IT_LICC	IT_LIRP
17.811	27.9	IT_LICC	IT_LIRQ
52.343	90.67	IT_LICC	MT_LMML
11.933	13.17	IT_LICC	NL_EHAM
12.705	26.043	IT_LICC	ZZ_ZZZZ
20.707	65.621	IT_LICJ	IT_LIEE
243.578	525.404	IT_LICJ	IT_LIMC
15.713	35.554	IT_LICJ	IT_LIME
53.247	55.584	IT_LICJ	IT_LIMF
13.122	26.522	IT_LICJ	IT_LIMJ
55.832	97.773	IT_LICJ	IT_LIML
74.719	124.214	IT_LICJ	IT_LIPE
41.134	83.72	IT_LICJ	IT_LIPN
45.475	73.754	IT_LICJ	IT_LIPZ
457.843	803.639	IT_LICJ	IT_LIRF
80.865	202.693	IT_LICJ	IT_LIRN
31.066	56.466	IT_LICJ	IT_LIRP
31.086	54.186	IT_LICJ	IT_LIRQ
66.879	116.841	IT_LICR	IT_LIMC
24.188	38.505	IT_LICR	IT_LIME
23.092	52.673	IT_LICR	IT_LIML
157.597	291.807	IT_LICR	IT_LIRF
75.377	137.152	IT_LIEA	IT_LIMC
8.191	11.032	IT_LIEA	IT_LIME
13.607	24.448	IT_LIEA	IT_LIPE
142.529	339.123	IT_LIEA	IT_LIRF
9.292	20.122	IT_LIEA	IT_LIRP
22.893	66.154	IT_LIEE	IT_LICJ
10.836	73.525	IT_LIEE	IT_LIEO
53.93	99.255	IT_LIEE	IT_LIMC
43.629	76.832	IT_LIEE	IT_LIME
31.934	66.483	IT_LIEE	IT_LIMF
14.469	26.336	IT_LIEE	IT_LIMJ
86.849	132.911	IT_LIEE	IT_LIML
55.484	90.836	IT_LIEE	IT_LIPE
27.981	50.219	IT_LIEE	IT_LIPN
18.481	35.25	IT_LIEE	IT_LIPZ
433.663	783.637	IT_LIEE	IT_LIRF
11.552	14.299	IT_LIEE	IT_LIRN
15.356	29.143	IT_LIEE	IT_LIRP
16.488	27.214	IT_LIEE	IT_LIRQ
15.747	24.887	IT_LIEO	CH_LSZH
13.095	67.839	IT_LIEO	IT_LIEE
97.619	169.428	IT_LIEO	IT_LIMC
20.295	33.577	IT_LIEO	IT_LIME
13.422	22.1	IT_LIEO	IT_LIMF
31.147	46.223	IT_LIEO	IT_LIML
47.032	95.435	IT_LIEO	IT_LIPE
25.978	36.862	IT_LIEO	IT_LIPN
14.603	19.316	IT_LIEO	IT_LIPZ
164.256	232.289	IT_LIEO	IT_LIRF
32.533	49.077	IT_LIEO	IT_LIRP
14.432	19.922	IT_LIEO	UK_EGKK
44.051	127.425	IT_LIMC	AT_LOWW
112.861	263.687	IT_LIMC	BE_EBBR
57.138	130.772	IT_LIMC	BR_SBGR
148.64	390.689	IT_LIMC	CH_LSZH
51.674	96.341	IT_LIMC	CZ_LKPR
62.922	156.614	IT_LIMC	DE_EDDF
57.603	124.304	IT_LIMC	DE_EDDH
122.059	277.201	IT_LIMC	DE_EDDL
118.614	302.705	IT_LIMC	DE_EDDM
59.104	133.684	IT_LIMC	DE_EDDS
63.029	101.792	IT_LIMC	DE_EDDT
76.188	146.361	IT_LIMC	DK_EKCH
46.349	56.22	IT_LIMC	DO_MDPC
128.411	160.312	IT_LIMC	EG_HE01
64.793	94.76	IT_LIMC	EG_HECA
47.917	55.881	IT_LIMC	EG_HEGN
149.42	278.861	IT_LIMC	EL_LGAT
39.161	75.649	IT_LIMC	EL_LGTS
37.717	50.233	IT_LIMC	ES_GCTS
187.274	351.727	IT_LIMC	ES_LEBL
45.537	58.668	IT_LIMC	ES_LEIB
162.452	322.946	IT_LIMC	ES_LEMD
57.602	90.232	IT_LIMC	ES_LEMG
41.689	62.428	IT_LIMC	ES_LEVC
48.037	106.111	IT_LIMC	FR_LFLL
298.545	630.471	IT_LIMC	FR_LFPG
129.883	183.559	IT_LIMC	IL_LLBG
98.525	149.166	IT_LIMC	IT_LIBD
67.518	122.431	IT_LIMC	IT_LIBR
89.998	170.181	IT_LIMC	IT_LICA
376.054	750.435	IT_LIMC	IT_LICC
267.699	558.151	IT_LIMC	IT_LICJ
70.39	126.979	IT_LIMC	IT_LICR
75.749	137.056	IT_LIMC	IT_LIEA
50.837	97.944	IT_LIMC	IT_LIEE
99.085	174.676	IT_LIMC	IT_LIEO
57.021	208.362	IT_LIMC	IT_LIPE
54.881	92.739	IT_LIMC	IT_LIPQ
42.706	86.305	IT_LIMC	IT_LIPY
101.035	250.364	IT_LIMC	IT_LIPZ
391.153	1066.111	IT_LIMC	IT_LIRF
391.006	717.902	IT_LIMC	IT_LIRN
59.754	128.578	IT_LIMC	IT_LIRP
71.34	100.97	IT_LIMC	IT_LIRQ
99.267	197.85	IT_LIMC	JP_RJAA
60.881	113.972	IT_LIMC	MA_GMMN
54.47	39.98	IT_LIMC	MV_VRMM
69.221	45.33	IT_LIMC	MX_MMUN
153.966	361.236	IT_LIMC	NL_EHAM
71.628	117.095	IT_LIMC	PT_LPPT
56.04	127.403	IT_LIMC	RU_UUEE
63.203	144.269	IT_LIMC	SE_ESSA
46.149	67.307	IT_LIMC	TH_VTBD
60.514	81.192	IT_LIMC	TN_DTTJ
53.992	116.023	IT_LIMC	TR_LTBA
49.301	100.185	IT_LIMC	UK_EGCC
55.711	120.493	IT_LIMC	UK_EGKK
243.71	475.504	IT_LIMC	UK_EGLL
89.229	168.433	IT_LIMC	UK_EGSS
58.688	92.56	IT_LIMC	US_KBOS
71.649	133.89	IT_LIMC	US_KEWR
57.876	91.78	IT_LIMC	US_KIAD
210.68	359.495	IT_LIMC	US_KJFK
56.442	72.803	IT_LIMC	US_KLAX
110.84	182.52	IT_LIMC	US_KORD
41.024	63.486	IT_LIMC	ZA_FAJS
10.623	40.018	IT_LIME	DE_EDDM
32.148	33.098	IT_LIME	EG_HE01
12.317	13.285	IT_LIME	EG_HEGN
12.772	17.42	IT_LIME	ES_LEIB
18.464	27.054	IT_LIME	FR_LFBT
12.148	15.66	IT_LIME	IL_LLBG
16.711	36.31	IT_LIME	IT_LIBD
13.833	30.482	IT_LIME	IT_LICC
16.507	35.037	IT_LIME	IT_LICJ
23.695	38.42	IT_LIME	IT_LICR
42.048	76.206	IT_LIME	IT_LIEE
19.399	35.19	IT_LIME	IT_LIEO
13.835	45.716	IT_LIME	IT_LIRF
97.174	191.629	IT_LIME	IT_LIRN
15.488	57.96	IT_LIME	LU_ELLX
11.857	16.259	IT_LIME	TN_DTTJ
14.457	18.76	IT_LIME	UK_EGKK
42.167	87.278	IT_LIMF	BE_EBBR
47.3	123.475	IT_LIMF	CH_LSZH
87.192	159.809	IT_LIMF	DE_EDDF
31.886	73.054	IT_LIMF	DE_EDDM
11.659	34.466	IT_LIMF	DE_EDDS
18.938	43.994	IT_LIMF	ES_LEBL
96.827	226.951	IT_LIMF	FR_LFPG
67.66	108.738	IT_LIMF	IT_LICC
52.525	58.192	IT_LIMF	IT_LICJ
32.047	66.794	IT_LIMF	IT_LIEE
12.282	21.241	IT_LIMF	IT_LIEO
368.717	704.136	IT_LIMF	IT_LIRF
97.207	196.696	IT_LIMF	IT_LIRN
36.048	81.473	IT_LIMF	NL_EHAM
18.17	23.005	IT_LIMF	UK_EGCC
30.093	37.527	IT_LIMF	UK_EGKK
64.34	121.453	IT_LIMF	UK_EGSS
50.956	101.783	IT_LIMJ	CH_LSZH
18.909	36.925	IT_LIMJ	DE_EDDM
16.231	66.73	IT_LIMJ	FR_LFPG
27.085	52.599	IT_LIMJ	IT_LICC
13.087	37.933	IT_LIMJ	IT_LICJ
13.838	22.886	IT_LIMJ	IT_LIEE
29.953	50.636	IT_LIMJ	IT_LIMC
197.982	400.484	IT_LIMJ	IT_LIRF
30.656	42.818	IT_LIMJ	IT_LIRN
47.906	100.369	IT_LIMJ	UK_EGKK
35.626	60.344	IT_LIMJ	UK_EGSS
58.414	92.721	IT_LIML	AT_LOWW
136.576	282.035	IT_LIML	BE_EBBR
258.657	509.925	IT_LIML	DE_EDDF
61.155	108.954	IT_LIML	DK_EKCH
45.441	68.843	IT_LIML	EL_LGAT
130.688	238.055	IT_LIML	ES_LEMD
223.992	407.19	IT_LIML	FR_LFPG
24.624	38.931	IT_LIML	IE_EIDW
97.811	161.077	IT_LIML	IT_LIBD
33.71	58.872	IT_LIML	IT_LIBP
70.468	108.436	IT_LIML	IT_LICC
65.895	100.221	IT_LIML	IT_LICJ
32.693	61.462	IT_LIML	IT_LICR
86.753	132.275	IT_LIML	IT_LIEE
32.67	49.96	IT_LIML	IT_LIEO
1199.083	1989.122	IT_LIML	IT_LIRF
100.996	144.227	IT_LIML	IT_LIRN
116.897	209.342	IT_LIML	NL_EHAM
28.155	41.7	IT_LIML	PT_LPPT
10.866	46.61	IT_LIML	SE_ESSA
34.835	99.525	IT_LIML	UK_EGBB
289.203	456.261	IT_LIML	UK_EGLL
62.206	93.488	IT_LIML	UK_EGSS
27.984	50.856	IT_LIPE	AL_LATI
18.937	52.711	IT_LIPE	AT_LOWW
58.469	103.3	IT_LIPE	BE_EBBR
17.787	75.802	IT_LIPE	CH_LSZH
107.563	199.001	IT_LIPE	DE_EDDF
43.583	98.285	IT_LIPE	DE_EDDM
21.028	42.249	IT_LIPE	DK_EKCH
49.415	60.19	IT_LIPE	EG_HE01
20.19	27.115	IT_LIPE	EG_HEGN
11.548	16.04	IT_LIPE	EL_LGIR
10.616	15.294	IT_LIPE	EL_LGRP
23.962	27.986	IT_LIPE	ES_GCTS
31.31	62.583	IT_LIPE	ES_LEBL
20.834	30.245	IT_LIPE	ES_LEIB
12.189	21.84	IT_LIPE	ES_LEMG
12.699	22.935	IT_LIPE	ES_LEPA
12.966	35.29	IT_LIPE	FR_LFMN
135.738	279.969	IT_LIPE	FR_LFPG
81.015	114.04	IT_LIPE	IT_LICC
79.676	140.523	IT_LIPE	IT_LICJ
13.197	24.621	IT_LIPE	IT_LIEA
52.952	93.586	IT_LIPE	IT_LIEE
51.685	95.467	IT_LIPE	IT_LIEO
64.059	197.121	IT_LIPE	IT_LIMC
191.135	425.265	IT_LIPE	IT_LIRF
41.15	120.026	IT_LIPE	IT_LIRN
10.318	13.019	IT_LIPE	MA_GMMX
59.823	102.2	IT_LIPE	NL_EHAM
16.962	27.995	IT_LIPE	PT_LPPT
17.091	21.782	IT_LIPE	SE_ESSA
13.442	22.142	IT_LIPE	TN_DTMB
18.12	24.55	IT_LIPE	TN_DTTJ
46.512	120.195	IT_LIPE	UK_EGKK
60.37	160.94	IT_LIPE	UK_EGLL
40.676	72.955	IT_LIPE	UK_EGSS
32.955	58.73	IT_LIPQ	DE_EDDM
56.769	91.616	IT_LIPQ	IT_LIMC
144.579	266.298	IT_LIPQ	IT_LIRF
15.741	44.783	IT_LIPQ	UK_EGKK
5.635	10.34	IT_LIPR	DE_EDDL
10.399	13.478	IT_LIPR	FI_EFHK
11.391	18.305	IT_LIPR	UK_EGSS
24.884	42.046	IT_LIPX	DE_EDDM
35.141	47.399	IT_LIPX	EG_HE01
13.678	13.075	IT_LIPX	EG_HEGN
11.238	16.75	IT_LIPX	EL_LGIR
9.647	11.435	IT_LIPX	EL_LGRP
16.1	21.99	IT_LIPX	ES_GCTS
15.638	37.501	IT_LIPX	ES_LEBL
15.193	20.316	IT_LIPX	ES_LEIB
18.333	32.594	IT_LIPX	FR_LFPG
48.853	89.278	IT_LIPX	IT_LICC
41.308	82.651	IT_LIPX	IT_LICJ
26.647	48.771	IT_LIPX	IT_LIEE
25.767	38.562	IT_LIPX	IT_LIEO
15.575	73.608	IT_LIPX	IT_LIMC
98.63	227.134	IT_LIPX	IT_LIRF
26.793	54.767	IT_LIPX	IT_LIRN
11.834	18.183	IT_LIPX	TN_DTMB
16.292	20.884	IT_LIPX	TN_DTTJ
17.04	20.307	IT_LIPX	UK_EGCC
85.791	139.045	IT_LIPX	UK_EGKK
19.5	40.06	IT_LIPY	DE_EDDM
41.54	86.0	IT_LIPY	IT_LIMC
71.492	170.742	IT_LIPY	IT_LIRF
17.247	28.245	IT_LIPY	UK_EGSS
35.585	58.078	IT_LIPZ	AT_LOWW
83.103	150.665	IT_LIPZ	BE_EBBR
47.667	119.2	IT_LIPZ	CH_LSZH
163.969	279.082	IT_LIPZ	DE_EDDF
14.189	24.86	IT_LIPZ	DE_EDDL
44.945	74.296	IT_LIPZ	DE_EDDM
18.621	39.592	IT_LIPZ	DK_EKCH
51.18	104.39	IT_LIPZ	ES_LEBL
35.416	70.065	IT_LIPZ	ES_LEMD
20.685	46.254	IT_LIPZ	FR_LFMN
226.154	458.678	IT_LIPZ	FR_LFPG
17.532	23.986	IT_LIPZ	FR_LFPO
65.34	131.472	IT_LIPZ	IT_LICC
45.39	69.713	IT_LIPZ	IT_LICJ
18.253	35.706	IT_LIPZ	IT_LIEE
14.821	19.7	IT_LIPZ	IT_LIEO
99.098	250.202	IT_LIPZ	IT_LIMC
300.927	590.283	IT_LIPZ	IT_LIRF
77.362	181.172	IT_LIPZ	IT_LIRN
85.758	142.175	IT_LIPZ	NL_EHAM
13.301	25.12	IT_LIPZ	RU_UUEE
18.632	23.655	IT_LIPZ	UK_EGCC
82.113	165.642	IT_LIPZ	UK_EGKK
112.146	187.747	IT_LIPZ	UK_EGLL
70.52	118.33	IT_LIPZ	UK_EGSS
7.804	9.465	IT_LIRA	DK_EKBI
22.525	26.692	IT_LIRA	DK_EKCH
7.603	9.53	IT_LIRA	ES_GCTS
31.187	38.717	IT_LIRA	FR_LFPO
10.949	13.37	IT_LIRA	NL_EHAM
11.107	13.12	IT_LIRA	NO_ENFB
14.506	17.29	IT_LIRA	SE_ESSA
9.697	15.205	IT_LIRA	UK_EGGW
7.132	11.452	IT_LIRA	UK_EGKK
85.735	135.135	IT_LIRA	UK_EGSS
45.701	47.16	IT_LIRF	AR_SAEZ
78.435	153.227	IT_LIRF	AT_LOWW
307.028	474.293	IT_LIRF	BE_EBBR
92.302	120.817	IT_LIRF	CA_CYYZ
57.896	125.281	IT_LIRF	CH_LSGG
154.649	292.054	IT_LIRF	CH_LSZH
277.342	508.435	IT_LIRF	DE_EDDF
47.551	128.057	IT_LIRF	DE_EDDL
106.805	208.889	IT_LIRF	DE_EDDM
60.472	105.445	IT_LIRF	DK_EKCH
74.138	97.33	IT_LIRF	EG_HE01
90.833	135.458	IT_LIRF	EG_HECA
188.8	431.428	IT_LIRF	EL_LGAT
204.89	390.883	IT_LIRF	ES_LEBL
337.266	635.561	IT_LIRF	ES_LEMD
65.849	115.697	IT_LIRF	FR_LFMN
539.723	1055.599	IT_LIRF	FR_LFPG
121.731	196.418	IT_LIRF	IL_LLBG
221.444	369.387	IT_LIRF	IT_LIBD
144.312	237.976	IT_LIRF	IT_LIBR
189.987	352.671	IT_LIRF	IT_LICA
513.713	987.73	IT_LIRF	IT_LICC
495.121	860.667	IT_LIRF	IT_LICJ
159.066	294.244	IT_LIRF	IT_LICR
145.715	300.144	IT_LIRF	IT_LIEA
450.437	810.456	IT_LIRF	IT_LIEE
165.269	242.487	IT_LIRF	IT_LIEO
394.507	1075.374	IT_LIRF	IT_LIMC
372.027	702.531	IT_LIRF	IT_LIMF
196.59	390.492	IT_LIRF	IT_LIMJ
1239.544	2024.852	IT_LIRF	IT_LIML
188.249	424.609	IT_LIRF	IT_LIPE
101.514	219.143	IT_LIRF	IT_LIPN
153.425	282.414	IT_LIRF	IT_LIPQ
69.131	166.097	IT_LIRF	IT_LIPY
311.527	636.268	IT_LIRF	IT_LIPZ
145.251	328.821	IT_LIRF	IT_LIRN
82.62	196.615	IT_LIRF	IT_LIRP
70.417	106.154	IT_LIRF	IT_LIRQ
65.54	17.464	IT_LIRF	JP_RJAA
36.323	68.908	IT_LIRF	MA_GMMN
62.653	113.902	IT_LIRF	MT_LMML
242.133	348.53	IT_LIRF	NL_EHAM
79.754	136.445	IT_LIRF	PT_LPPT
96.285	158.577	IT_LIRF	TH_VTBD
92.661	202.099	IT_LIRF	TN_DTTA
42.111	113.073	IT_LIRF	TR_LTBA
93.459	161.353	IT_LIRF	UK_EGKK
528.76	868.958	IT_LIRF	UK_EGLL
41.039	67.81	IT_LIRF	UK_EGSS
44.431	60.67	IT_LIRF	US_KATL
147.418	273.45	IT_LIRF	US_KEWR
274.07	420.069	IT_LIRF	US_KJFK
63.726	94.38	IT_LIRF	US_KPHL
58.312	77.34	IT_LIRN	BE_EBBR
16.121	17.583	IT_LIRN	DE_EDDF
9.918	13.77	IT_LIRN	DE_EDDK
21.522	25.079	IT_LIRN	DE_EDDL
53.57	62.515	IT_LIRN	DE_EDDM
10.532	14.465	IT_LIRN	DE_EDDS
15.559	30.342	IT_LIRN	FR_LFMN
47.844	82.601	IT_LIRN	FR_LFPG
27.12	50.37	IT_LIRN	FR_LFPO
60.629	135.54	IT_LIRN	IT_LICC
81.539	200.39	IT_LIRN	IT_LICJ
10.644	16.415	IT_LIRN	IT_LIEE
366.267	666.519	IT_LIRN	IT_LIMC
100.466	192.913	IT_LIRN	IT_LIME
98.849	197.233	IT_LIRN	IT_LIMF
31.365	42.416	IT_LIRN	IT_LIMJ
93.61	137.771	IT_LIRN	IT_LIML
39.488	87.352	IT_LIRN	IT_LIPE
27.456	53.264	IT_LIRN	IT_LIPN
74.928	186.597	IT_LIRN	IT_LIPZ
148.813	298.788	IT_LIRN	IT_LIRF
32.89	38.12	IT_LIRN	UK_EGCC
14.204	19.26	IT_LIRN	UK_EGGW
129.381	164.49	IT_LIRN	UK_EGKK
10.043	11.101	IT_LIRN	UK_EGNX
13.697	16.7	IT_LIRN	UK_EGPF
10.281	23.82	IT_LIRN	ZZ_ZZZZ
29.527	50.306	IT_LIRP	DE_EDDM
13.307	23.681	IT_LIRP	FR_LFPG
32.198	55.569	IT_LIRP	IT_LICC
32.0	57.39	IT_LIRP	IT_LICJ
15.165	29.525	IT_LIRP	IT_LIEE
29.761	48.06	IT_LIRP	IT_LIEO
67.042	127.871	IT_LIRP	IT_LIMC
74.706	193.702	IT_LIRP	IT_LIRF
10.468	16.651	IT_LIRP	UK_EGCC
111.617	175.98	IT_LIRP	UK_EGKK
82.199	116.864	IT_LIRP	UK_EGSS
20.306	22.075	IT_LIRQ	AT_LOWW
87.733	124.47	IT_LIRQ	BE_EBBR
11.937	41.01	IT_LIRQ	CH_LSZA
37.378	56.54	IT_LIRQ	DE_EDDF
67.505	100.674	IT_LIRQ	DE_EDDM
19.493	31.79	IT_LIRQ	ES_LEBL
13.306	28.44	IT_LIRQ	FR_LFMN
134.92	201.19	IT_LIRQ	FR_LFPG
18.867	26.64	IT_LIRQ	IT_LICC
30.991	53.99	IT_LIRQ	IT_LICJ
16.53	27.734	IT_LIRQ	IT_LIEE
72.559	100.924	IT_LIRQ	IT_LIMC
70.973	105.718	IT_LIRQ	IT_LIRF
17.656	31.815	IT_LIRQ	NL_EHAM
46.106	88.65	IT_LIRQ	UK_EGKK
101.475	138.003	FI_EFHK	BE_EBBR
91.916	163.971	FI_EFHK	CH_LSZH
42.604	67.803	FI_EFHK	CZ_LKPR
163.318	283.044	FI_EFHK	DE_EDDF
58.589	94.724	FI_EFHK	DE_EDDH
58.859	96.697	FI_EFHK	DE_EDDL
52.965	100.347	FI_EFHK	DE_EDDM
221.031	435.986	FI_EFHK	DK_EKCH
79.409	114.183	FI_EFHK	EE_EETN
47.371	52.892	FI_EFHK	EL_LGRP
46.572	52.809	FI_EFHK	EL_LGSA
101.412	112.254	FI_EFHK	ES_GCLP
73.998	82.41	FI_EFHK	ES_GCTS
66.348	72.223	FI_EFHK	ES_LEMG
87.123	96.302	FI_EFHK	FI_EFIV
69.548	111.389	FI_EFHK	FI_EFJO
107.081	177.113	FI_EFHK	FI_EFJY
41.05	103.494	FI_EFHK	FI_EFKE
55.311	102.522	FI_EFHK	FI_EFKI
43.684	100.894	FI_EFHK	FI_EFKK
42.073	72.677	FI_EFHK	FI_EFKS
46.234	71.922	FI_EFHK	FI_EFKT
125.289	247.806	FI_EFHK	FI_EFKU
321.741	575.75	FI_EFHK	FI_EFOU
164.618	204.149	FI_EFHK	FI_EFRO
52.924	93.676	FI_EFHK	FI_EFTP
89.029	183.88	FI_EFHK	FI_EFTU
98.45	175.104	FI_EFHK	FI_EFVA
126.56	174.623	FI_EFHK	FR_LFPG
68.3	88.143	FI_EFHK	HU_LHBP
133.601	257.845	FI_EFHK	NL_EHAM
56.399	98.546	FI_EFHK	NO_ENGM
44.652	86.065	FI_EFHK	PL_EPWA
36.806	60.982	FI_EFHK	RU_ULLI
48.288	117.436	FI_EFHK	RU_UUEE
45.041	66.126	FI_EFHK	SE_ESGG
483.116	970.454	FI_EFHK	SE_ESSA
44.926	63.6	FI_EFHK	TH_VTBD
52.567	104.95	FI_EFHK	UK_EGKK
193.316	317.463	FI_EFHK	UK_EGLL
93.138	144.8	FI_EFHK	US_KJFK
44.92	71.542	FI_EFIV	FI_EFHK
12.709	26.512	FI_EFIV	FI_EFKT
72.635	117.283	FI_EFJO	FI_EFHK
94.269	178.656	FI_EFJY	FI_EFHK
10.31	:	FI_EFJY	SE_ESSA
37.161	78.792	FI_EFKE	FI_EFHK
9.93	52.746	FI_EFKE	FI_EFOU
4.213	16.404	FI_EFKE	FI_EFRO
55.364	102.996	FI_EFKI	FI_EFHK
52.996	108.246	FI_EFKK	FI_EFHK
4.878	17.832	FI_EFKK	FI_EFVA
41.021	71.497	FI_EFKS	FI_EFHK
58.847	101.735	FI_EFKT	FI_EFHK
0.476	1.602	FI_EFKT	FI_EFIV
122.769	244.479	FI_EFKU	FI_EFHK
11.389	17.955	FI_EFMA	FI_EFHK
43.545	63.78	FI_EFMA	FI_EFTU
312.033	538.363	FI_EFOU	FI_EFHK
12.888	74.801	FI_EFOU	FI_EFRO
18.931	26.58	FI_EFOU	SE_ESSA
27.442	13.626	FI_EFPO	FI_EFHK
9.849	:	FI_EFPO	SE_ESSA
135.549	261.628	FI_EFRO	FI_EFHK
8.687	34.355	FI_EFRO	FI_EFOU
58.197	121.235	FI_EFTP	FI_EFHK
8.633	0.156	FI_EFTP	FI_EFOU
40.128	49.554	FI_EFTP	SE_ESSA
81.932	155.022	FI_EFTU	FI_EFHK
43.838	62.046	FI_EFTU	FI_EFMA
9.699	0.01	FI_EFTU	FI_EFVA
72.531	174.487	FI_EFTU	SE_ESSA
88.437	164.194	FI_EFVA	FI_EFHK
17.351	33.234	FI_EFVA	FI_EFKK
7.468	0.126	FI_EFVA	FI_EFTU
49.044	46.798	FI_EFVA	SE_ESSA
11.094	27.279	AT_LOWG	AT_LOWS
50.24	80.549	AT_LOWG	AT_LOWW
45.043	91.827	AT_LOWG	CH_LSZH
85.133	133.35	AT_LOWG	DE_EDDF
9.629	26.308	AT_LOWG	DE_EDDM
12.72	14.969	AT_LOWG	EL_LGIR
7.919	9.634	AT_LOWG	EL_LGTS
7.747	11.899	AT_LOWG	ES_GCLP
7.84	11.885	AT_LOWG	ES_GCTS
9.844	12.937	AT_LOWG	ES_LEPA
7.89	10.987	AT_LOWG	TN_DTMB
66.982	105.114	AT_LOWI	AT_LOWW
27.696	54.43	AT_LOWI	CH_LSZH
30.858	57.026	AT_LOWI	DE_EDDF
9.867	11.646	AT_LOWI	EL_LGIR
18.39	29.883	AT_LOWI	NL_EHAM
8.197	9.795	AT_LOWI	TN_DTMB
14.266	16.72	AT_LOWI	UK_EGCC
23.235	26.801	AT_LOWI	UK_EGKK
59.691	88.125	AT_LOWK	AT_LOWW
8.402	15.995	AT_LOWK	CH_LSZH
18.454	30.179	AT_LOWK	DE_EDDF
27.437	62.09	AT_LOWL	AT_LOWW
29.412	63.642	AT_LOWL	CH_LSZH
80.525	146.507	AT_LOWL	DE_EDDF
13.612	36.872	AT_LOWL	DE_EDDL
17.88	20.501	AT_LOWL	EL_LGIR
8.695	11.788	AT_LOWL	EL_LGKO
11.211	13.245	AT_LOWL	EL_LGRP
9.825	12.496	AT_LOWL	ES_GCLP
8.723	11.552	AT_LOWL	ES_GCTS
12.979	17.856	AT_LOWL	ES_LEPA
15.876	22.837	AT_LOWL	TN_DTMB
11.559	20.16	AT_LOWL	TR_LTAI
28.758	57.503	AT_LOWS	AT_LOWW
13.933	31.856	AT_LOWS	BE_EBBS
48.304	106.018	AT_LOWS	CH_LSZH
80.707	120.151	AT_LOWS	DE_EDDF
17.579	38.695	AT_LOWS	DE_EDDL
18.013	20.641	AT_LOWS	EL_LGIR
15.434	20.431	AT_LOWS	ES_GCLP
11.358	15.963	AT_LOWS	ES_GCTS
22.982	31.449	AT_LOWS	ES_LEPA
24.576	40.42	AT_LOWS	NL_EHAM
16.457	21.273	AT_LOWS	TN_DTMB
13.538	26.93	AT_LOWS	TR_LTAI
14.474	15.964	AT_LOWS	UK_EGBB
25.645	29.399	AT_LOWS	UK_EGCC
40.168	48.135	AT_LOWS	UK_EGKK
45.928	79.406	AT_LOWW	AT_LOWG
66.305	103.139	AT_LOWW	AT_LOWI
59.005	89.078	AT_LOWW	AT_LOWK
142.185	222.571	AT_LOWW	BE_EBBS
51.373	94.92	AT_LOWW	BG_LBSF
45.872	80.452	AT_LOWW	CH_LSGG
237.504	437.873	AT_LOWW	CH_LSZH
56.951	98.745	AT_LOWW	CZ_LKPR
305.968	476.671	AT_LOWW	DE_EDDF
65.894	107.254	AT_LOWW	DE_EDDH
42.452	73.14	AT_LOWW	DE_EDDK
115.942	186.879	AT_LOWW	DE_EDDL
174.308	320.973	AT_LOWW	DE_EDDM
57.126	83.009	AT_LOWW	DE_EDDS
78.595	112.373	AT_LOWW	DE_EDDT
104.458	159.823	AT_LOWW	DK_EKCH
74.159	122.863	AT_LOWW	EL_LGAT
49.116	55.623	AT_LOWW	EL_LGIR
58.065	78.027	AT_LOWW	EL_LGTS
58.227	87.655	AT_LOWW	ES_LEBL
55.51	89.15	AT_LOWW	ES_LEMD
39.651	48.1	AT_LOWW	ES_LEPA
258.075	427.539	AT_LOWW	FR_LFPG
58.092	96.075	AT_LOWW	HU_LHBP
68.57	95.974	AT_LOWW	IL_LLBG
45.538	97.621	AT_LOWW	IT_LIMC
59.468	92.352	AT_LOWW	IT_LIML
81.455	136.859	AT_LOWW	IT_LIRF
81.808	64.301	AT_LOWW	MK_LWSK
80.001	118.897	AT_LOWW	MY_WMKK
202.797	317.23	AT_LOWW	NL_EHAM
65.899	117.751	AT_LOWW	PL_EPWA
43.027	94.703	AT_LOWW	RO_LROP
55.971	109.253	AT_LOWW	RU_UUEE
77.639	116.465	AT_LOWW	SE_ESSA
84.074	107.033	AT_LOWW	TH_VTBD
51.28	59.546	AT_LOWW	TN_DTMB
40.851	52.793	AT_LOWW	TR_LTAI
92.476	152.583	AT_LOWW	TR_LTBA
40.35	77.502	AT_LOWW	UA_UKBB
86.423	129.738	AT_LOWW	UK_EGKK
313.617	428.01	AT_LOWW	UK_EGLL
60.408	77.568	AT_LOWW	US_KATL
96.269	128.171	AT_LOWW	US_KJFK
50.386	61.739	AT_LOWW	ZA_FAJS
13.47	29.005	UK_EGAA	BE_EBBR
19.269	20.633	UK_EGAA	CA_CYYZ
14.142	15.15	UK_EGAA	CY_LCLK
11.903	12.42	UK_EGAA	ES_GCFV
27.065	28.309	UK_EGAA	ES_GCLP
31.848	32.94	UK_EGAA	ES_GCRR
39.173	40.627	UK_EGAA	ES_GCTS
11.544	12.641	UK_EGAA	ES_LEAL
12.705	13.215	UK_EGAA	ES_LEIB
22.867	22.747	UK_EGAA	ES_LEMG
60.877	63.208	UK_EGAA	ES_LEPA
16.871	17.29	UK_EGAA	ES_LERS
24.43	72.858	UK_EGAA	IE_EINN
56.553	87.993	UK_EGAA	NL_EHAM
17.419	18.14	UK_EGAA	PT_LPFR
82.024	166.749	UK_EGAA	UK_EGBB
68.927	122.08	UK_EGAA	UK_EGCC
55.377	104.22	UK_EGAA	UK_EGGP
133.391	174.927	UK_EGAA	UK_EGGW
580.664	820.48	UK_EGAA	UK_EGLL
34.796	88.735	UK_EGAA	UK_EGNX
25.395	37.848	UK_EGAA	UK_EGPF
0.318	0.315	UK_EGAA	US_KJFK
22.982	24.891	UK_EGAA	US_KSFB
68.357	119.533	UK_EGAC	UK_EGBB
45.219	66.502	UK_EGAC	UK_EGCC
12.46	22.28	UK_EGAC	UK_EGGD
20.27	29.359	UK_EGAC	UK_EGGP
11.176	14.781	UK_EGAC	UK_EGHI
92.92	131.847	UK_EGAC	UK_EGKK
28.276	47.222	UK_EGAC	UK_EGNM
21.348	36.977	UK_EGAC	UK_EGNS
22.987	51.79	UK_EGAC	UK_EGNT
34.193	48.795	UK_EGAC	UK_EGPF
27.587	43.051	UK_EGAC	UK_EGPH
14.633	24.012	UK_EGAC	UK_EGPK
66.021	99.92	UK_EGAC	UK_EGSS
110.35	235.78	UK_EGBB	BE_EBBR
40.538	45.058	UK_EGBB	CY_LCPH
109.323	222.688	UK_EGBB	DE_EDDF
101.262	208.015	UK_EGBB	DE_EDDL
79.69	134.677	UK_EGBB	DE_EDDM
38.029	80.877	UK_EGBB	DK_EKCH
67.333	68.012	UK_EGBB	ES_GCLP
64.448	65.301	UK_EGBB	ES_GCRR
130.016	128.251	UK_EGBB	ES_GCTS
80.138	79.57	UK_EGBB	ES_LEAL
57.906	64.053	UK_EGBB	ES_LEIB
89.649	88.103	UK_EGBB	ES_LEMG
49.801	50.823	UK_EGBB	ES_LEMH
172.663	169.423	UK_EGBB	ES_LEPA
199.023	372.244	UK_EGBB	FR_LFPG
295.227	384.844	UK_EGBB	IE_EIDW
189.967	327.378	UK_EGBB	NL_EHAM
74.913	76.094	UK_EGBB	PT_LPFR
84.016	171.332	UK_EGBB	UK_EGAA
90.46	157.426	UK_EGBB	UK_EGAC
155.772	286.301	UK_EGBB	UK_EGPF
145.305	242.261	UK_EGBB	UK_EGPH
61.38	72.52	UK_EGBB	US_KEWR
47.708	61.643	UK_EGBB	US_KORD
53.763	145.905	UK_EGCC	AE_OMDB
162.885	405.583	UK_EGCC	BE_EBBR
88.0	96.945	UK_EGCC	CA_CYYZ
85.407	168.635	UK_EGCC	CH_LSZH
132.417	149.098	UK_EGCC	CY_LCLK
126.864	144.711	UK_EGCC	CY_LCPH
151.808	284.56	UK_EGCC	DE_EDDF
85.744	185.114	UK_EGCC	DE_EDDL
60.398	121.837	UK_EGCC	DE_EDDM
74.82	136.65	UK_EGCC	DK_EKCH
91.288	90.423	UK_EGCC	EL_LGIR
56.235	57.322	UK_EGCC	EL_LGKO
108.189	108.618	UK_EGCC	EL_LGKR
101.737	98.445	UK_EGCC	EL_LGRP
35.937	37.873	UK_EGCC	EL_LGTS
81.436	81.831	UK_EGCC	EL_LGZA
89.733	97.616	UK_EGCC	ES_GCFV
209.415	222.695	UK_EGCC	ES_GCLP
168.754	166.173	UK_EGCC	ES_GCRR
427.926	428.683	UK_EGCC	ES_GCTS
306.844	306.717	UK_EGCC	ES_LEAL
46.127	67.018	UK_EGCC	ES_LEBL
56.025	55.217	UK_EGCC	ES_LEGE
175.121	184.821	UK_EGCC	ES_LEIB
36.644	58.236	UK_EGCC	ES_LEMD
290.752	302.567	UK_EGCC	ES_LEMG
136.902	144.308	UK_EGCC	ES_LEMH
409.394	416.621	UK_EGCC	ES_LEPA
55.055	53.462	UK_EGCC	ES_LERS
272.072	482.563	UK_EGCC	FR_LFPG
273.913	375.344	UK_EGCC	IE_EIDW
53.124	104.045	UK_EGCC	IT_LIMC
112.054	120.296	UK_EGCC	MT_LMML
308.46	558.152	UK_EGCC	NL_EHAM
83.889	104.75	UK_EGCC	PK_OPRN
224.308	222.745	UK_EGCC	PT_LPFR
56.834	106.668	UK_EGCC	SE_ESSA
65.111	71.487	UK_EGCC	TN_DTMB
114.914	114.521	UK_EGCC	TR_LTBS
52.865	55.935	UK_EGCC	TR_LTFE
70.417	124.094	UK_EGCC	UK_EGAA
60.782	89.132	UK_EGCC	UK_EGAC
53.769	62.933	UK_EGCC	UK_EGJJ
289.739	472.881	UK_EGCC	UK_EGKK
605.674	1102.995	UK_EGCC	UK_EGLL
40.042	66.345	UK_EGCC	UK_EGNS
64.193	114.176	UK_EGCC	UK_EGPD
106.514	180.954	UK_EGCC	UK_EGPF
78.905	132.407	UK_EGCC	UK_EGPH
79.347	91.699	UK_EGCC	US_KATL
80.271	107.86	UK_EGCC	US_KEWR
109.779	159.294	UK_EGCC	US_KJFK
112.327	135.788	UK_EGCC	US_KMCO
62.622	73.946	UK_EGCC	US_KORD
138.545	148.83	UK_EGCC	US_KSFB
10.475	11.375	UK_EGFF	EL_LGIR
10.925	11.61	UK_EGFF	EL_LGRP
15.606	16.474	UK_EGFF	EL_LGZA
23.678	25.607	UK_EGFF	ES_GCLP
31.617	34.285	UK_EGFF	ES_GCRR
57.221	60.16	UK_EGFF	ES_GCTS
38.493	41.016	UK_EGFF	ES_LEAL
10.302	10.825	UK_EGFF	ES_LEGE
27.402	29.058	UK_EGFF	ES_LEIB
28.476	29.655	UK_EGFF	ES_LEMG
16.526	17.445	UK_EGFF	ES_LEMH
83.81	87.989	UK_EGFF	ES_LEPA
14.738	15.683	UK_EGFF	ES_LERS
17.911	29.329	UK_EGFF	FR_LFPG
39.89	55.964	UK_EGFF	IE_EIDW
51.094	68.31	UK_EGFF	NL_EHAM
18.309	20.109	UK_EGFF	PT_LPFR
11.346	12.55	UK_EGFF	TR_LTBS
12.788	16.584	UK_EGFF	UK_EGJJ
13.55	23.703	UK_EGFF	UK_EGPF
14.911	25.259	UK_EGFF	UK_EGPH
11.548	12.984	UK_EGFF	US_KSFB
49.181	98.977	UK_EGGD	BE_EBBR
19.285	17.178	UK_EGGD	CY_LCLK
15.942	13.656	UK_EGGD	CY_LCPH
13.653	11.052	UK_EGGD	EL_LGIR
14.859	12.532	UK_EGGD	EL_LGKR
10.545	7.689	UK_EGGD	EL_LGRP
15.189	16.07	UK_EGGD	EL_LGZA
23.679	24.362	UK_EGGD	ES_GCFV
31.595	30.613	UK_EGGD	ES_GCLP
33.162	31.498	UK_EGGD	ES_GCRR
46.518	48.853	UK_EGGD	ES_GCTS
31.986	33.9	UK_EGGD	ES_LEAL
28.963	26.979	UK_EGGD	ES_LEIB
31.67	29.212	UK_EGGD	ES_LEMG
24.534	22.395	UK_EGGD	ES_LEMH
75.941	74.391	UK_EGGD	ES_LEPA
10.315	11.065	UK_EGGD	ES_LERS
32.458	50.467	UK_EGGD	FR_LFPG
105.502	149.769	UK_EGGD	IE_EIDW
14.132	15.298	UK_EGGD	MT_LMML
48.757	66.01	UK_EGGD	NL_EHAM
28.318	23.189	UK_EGGD	PT_LPFR
19.057	21.042	UK_EGGD	TR_LTBS
17.607	31.05	UK_EGGD	UK_EGAC
17.186	42.2	UK_EGGD	UK_EGHD
16.823	24.836	UK_EGGD	UK_EGJJ
32.686	49.861	UK_EGGD	UK_EGNT
50.809	88.316	UK_EGGD	UK_EGPF
53.217	105.955	UK_EGGD	UK_EGPH
39.907	64.891	UK_EGGP	CH_LSGG
23.389	24.006	UK_EGGP	ES_LEAL
43.612	52.92	UK_EGGP	ES_LEBL
11.482	17.229	UK_EGGP	ES_LEMD
22.969	27.307	UK_EGGP	ES_LEMG
24.501	25.066	UK_EGGP	ES_LEPA
43.782	61.681	UK_EGGP	FR_LFMN
104.029	234.041	UK_EGGP	IE_EIDW
58.244	79.36	UK_EGGP	NL_EHAM
57.147	156.994	UK_EGGP	UK_EGAA
28.182	39.274	UK_EGGP	UK_EGAC
25.619	39.397	UK_EGGP	UK_EGGW
116.417	189.964	UK_EGGP	UK_EGNS
115.543	164.339	UK_EGGW	CH_LSGG
101.098	157.739	UK_EGGW	CH_LSZH
39.143	42.64	UK_EGGW	CY_LCLK
59.851	66.203	UK_EGGW	CY_LCPH
21.036	44.587	UK_EGGW	DE_EDDM
21.21	48.227	UK_EGGW	DE_EDLN
86.737	109.908	UK_EGGW	EL_LGAT
86.939	109.641	UK_EGGW	EL_LGAV
29.412	31.605	UK_EGGW	ES_GCFV
41.388	45.045	UK_EGGW	ES_GCLP
33.225	37.649	UK_EGGW	ES_GCRR
67.606	75.561	UK_EGGW	ES_GCTS
68.717	77.89	UK_EGGW	ES_LEAL
163.022	212.167	UK_EGGW	ES_LEBL
34.882	39.901	UK_EGGW	ES_LEIB
70.19	97.891	UK_EGGW	ES_LEMD
96.717	112.693	UK_EGGW	ES_LEMG
48.646	57.091	UK_EGGW	ES_LEMH
127.209	146.486	UK_EGGW	ES_LEPA
160.769	208.174	UK_EGGW	FR_LFMN
32.101	45.664	UK_EGGW	GI_LXGB
141.852	224.106	UK_EGGW	IE_EIDW
125.83	158.09	UK_EGGW	NL_EHAM
33.262	37.693	UK_EGGW	PT_LPFR
22.649	26.249	UK_EGGW	TR_LTBS
131.367	174.851	UK_EGGW	UK_EGAA
71.004	94.515	UK_EGGW	UK_EGPD
46.683	55.128	UK_EGGW	UK_EGPE
167.225	221.883	UK_EGGW	UK_EGPF
183.295	246.068	UK_EGGW	UK_EGPH
10.278	10.655	UK_EGHH	ES_GCTS
11.168	12.85	UK_EGHH	ES_LEAL
10.514	11.265	UK_EGHH	ES_LEMG
18.684	19.523	UK_EGHH	ES_LEPA
35.635	50.181	UK_EGHH	IE_EIDW
13.8	31.919	UK_EGHH	UK_EGPF
7.989	16.954	UK_EGHH	UK_EGPH
11.452	26.292	UK_EGHI	BE_EBBR
21.912	34.841	UK_EGHI	FR_LFPG
12.208	17.897	UK_EGHI	IE_EIDW
22.483	30.773	UK_EGHI	NL_EHAM
14.564	20.957	UK_EGHI	UK_EGAC
27.831	49.987	UK_EGHI	UK_EGCC
14.492	23.055	UK_EGHI	UK_EGJA
69.767	131.197	UK_EGHI	UK_EGJB
74.769	112.776	UK_EGHI	UK_EGJJ
12.244	21.167	UK_EGHI	UK_EGNM
11.829	17.646	UK_EGHI	UK_EGNT
33.954	54.999	UK_EGHI	UK_EGPF
30.294	49.372	UK_EGHI	UK_EGPH
10.355	17.983	UK_EGJJ	FR_LFPG
6.476	12.717	UK_EGJJ	FR_LFRD
5.78	7.022	UK_EGJJ	IE_EIDW
6.623	8.443	UK_EGJJ	PT_LPFU
37.747	40.917	UK_EGKK	AE_OMAA
83.561	107.809	UK_EGKK	AE_OMDB
88.267	116.654	UK_EGKK	AG_TAPA
101.74	139.78	UK_EGKK	AR_SAEZ
40.895	43.513	UK_EGKK	AT_LOWS
85.028	129.004	UK_EGKK	AT_LOWW
220.655	264.043	UK_EGKK	BB_TBPB
114.342	332.818	UK_EGKK	BE_EBBR
92.206	103.968	UK_EGKK	BH_OBBI
39.062	52.2	UK_EGKK	BM_TXKF
45.982	68.687	UK_EGKK	BR_SBGR
43.336	41.32	UK_EGKK	BS_MYNN
40.842	43.54	UK_EGKK	CA_CYMX
51.653	57.276	UK_EGKK	CA_CYYC
51.734	57.128	UK_EGKK	CA_CYYZ
133.632	193.836	UK_EGKK	CH_LSGG
74.145	125.839	UK_EGKK	CH_LSZH
140.682	158.305	UK_EGKK	CY_LCLK
137.394	152.613	UK_EGKK	CY_LCPH
115.224	227.14	UK_EGKK	DE_EDDF
50.744	99.918	UK_EGKK	DE_EDDH
52.358	84.242	UK_EGKK	DE_EDDL
72.934	132.534	UK_EGKK	DE_EDDM
47.908	74.149	UK_EGKK	DE_EDDW
67.627	107.004	UK_EGKK	DK_EKBI
59.91	101.622	UK_EGKK	DK_EKCH
42.232	46.037	UK_EGKK	DO_MDPP
136.416	189.515	UK_EGKK	EL_LGAT
136.657	177.231	UK_EGKK	EL_LGAV
101.844	105.114	UK_EGKK	EL_LGIR
44.405	45.172	UK_EGKK	EL_LGKF
75.067	75.716	UK_EGKK	EL_LGKO
141.314	148.278	UK_EGKK	EL_LGKR
110.304	115.559	UK_EGKK	EL_LGRP
32.038	31.606	UK_EGKK	EL_LGTS
70.625	65.55	UK_EGKK	EL_LGZA
87.616	87.701	UK_EGKK	ES_GCFV
193.622	195.05	UK_EGKK	ES_GCLP
180.833	182.761	UK_EGKK	ES_GCRR
359.167	352.605	UK_EGKK	ES_GCTS
260.112	276.394	UK_EGKK	ES_LEAL
99.915	145.377	UK_EGKK	ES_LEBL
40.964	46.172	UK_EGKK	ES_LEGE
158.094	171.242	UK_EGKK	ES_LEIB
159.686	238.565	UK_EGKK	ES_LEMD
422.127	449.77	UK_EGKK	ES_LEMG
162.496	166.637	UK_EGKK	ES_LEMH
379.168	413.89	UK_EGKK	ES_LEPA
53.635	97.83	UK_EGKK	FI_EFHK
74.66	125.489	UK_EGKK	FR_LFBD
105.128	165.808	UK_EGKK	FR_LFBO
58.668	57.515	UK_EGKK	FR_LFLL
107.158	165.879	UK_EGKK	FR_LFML
170.536	278.493	UK_EGKK	FR_LFPG
64.266	79.702	UK_EGKK	GI_LXGB
63.325	83.656	UK_EGKK	IE_EICK
316.411	396.833	UK_EGKK	IE_EIDW
51.647	82.164	UK_EGKK	IE_EINN
159.972	182.945	UK_EGKK	IL_LLBG
60.268	120.382	UK_EGKK	IT_LIMC
48.915	91.936	UK_EGKK	IT_LIMJ
48.132	125.347	UK_EGKK	IT_LIPE
99.779	159.085	UK_EGKK	IT_LIPN
99.779	156.54	UK_EGKK	IT_LIPX
82.864	167.404	UK_EGKK	IT_LIPZ
94.251	159.652	UK_EGKK	IT_LIRF
130.346	154.182	UK_EGKK	IT_LIRN
114.998	166.332	UK_EGKK	IT_LIRP
48.22	85.072	UK_EGKK	IT_LIRQ
57.394	55.285	UK_EGKK	JM_MKJP
41.859	44.262	UK_EGKK	JM_MKJS
116.499	146.799	UK_EGKK	KE_HKJK
116.381	146.365	UK_EGKK	KE_HKNA
41.075	46.686	UK_EGKK	LC_TLPL
155.278	189.045	UK_EGKK	MT_LMML
61.777	59.589	UK_EGKK	MX_MMUN
79.928	145.394	UK_EGKK	NG_DNMM
236.815	353.815	UK_EGKK	NL_EHAM
51.351	99.17	UK_EGKK	NO_ENGM
302.303	313.637	UK_EGKK	PT_LPFR
69.712	79.107	UK_EGKK	PT_LPFU
69.709	79.087	UK_EGKK	PT_LPMA
53.876	87.234	UK_EGKK	PT_LPPR
41.17	68.404	UK_EGKK	PT_LPPT
84.13	126.978	UK_EGKK	SE_ESGG
95.679	154.554	UK_EGKK	SE_ESSA
81.563	87.129	UK_EGKK	TN_DTMB
99.426	106.905	UK_EGKK	TR_LTBS
44.05	43.678	UK_EGKK	TR_LTFE
120.693	174.471	UK_EGKK	UK_EGAC
304.212	489.538	UK_EGKK	UK_EGCC
156.497	229.642	UK_EGKK	UK_EGJB
181.491	248.487	UK_EGKK	UK_EGJJ
84.353	132.056	UK_EGKK	UK_EGNT
109.924	180.728	UK_EGKK	UK_EGPD
82.105	109.318	UK_EGKK	UK_EGPE
178.666	260.215	UK_EGKK	UK_EGPF
186.072	262.228	UK_EGKK	UK_EGPH
253.521	327.923	UK_EGKK	US_KATL
146.969	204.832	UK_EGKK	US_KBOS
59.384	86.799	UK_EGKK	US_KBWI
99.017	135.32	UK_EGKK	US_KCLT
73.768	103.179	UK_EGKK	US_KCVG
87.493	120.185	UK_EGKK	US_KDEN
215.048	273.31	UK_EGKK	US_KDFW
102.995	121.333	UK_EGKK	US_KDTW
251.778	401.078	UK_EGKK	US_KEWR
227.938	430.607	UK_EGKK	US_KIAH
62.376	92.769	UK_EGKK	US_KJFK
444.615	491.47	UK_EGKK	US_KMCO
147.831	191.708	UK_EGKK	US_KMIA
85.004	90.728	UK_EGKK	US_KMSP
108.246	149.317	UK_EGKK	US_KPHL
116.281	134.166	UK_EGKK	US_KPHX
48.37	73.741	UK_EGKK	US_KPIT
45.048	59.641	UK_EGKK	US_KRDU
129.808	137.033	UK_EGKK	US_KSFB
72.244	123.838	UK_EGKK	US_KSTL
75.569	65.867	UK_EGKK	US_KTPA
40.506	59.604	UK_EGKK	VE_SVMI
98.07	122.041	UK_EGKK	ZW_FVHA
40.381	70.8	UK_EGLC	BE_EBAW
38.397	85.604	UK_EGLC	BE_EBBR
36.868	74.116	UK_EGLC	CH_LSGG
15.127	25.327	UK_EGLC	CH_LSZB
58.469	122.482	UK_EGLC	CH_LSZH
34.619	57.69	UK_EGLC	DE_EDDF
29.082	51.258	UK_EGLC	DE_EDLN
36.736	90.704	UK_EGLC	FR_LFPG
24.376	51.356	UK_EGLC	FR_LFSB
14.33	38.686	UK_EGLC	FR_LFST
90.252	154.133	UK_EGLC	IE_EIDW
16.436	34.883	UK_EGLC	IT_LIML
13.785	42.65	UK_EGLC	LU_ELLX
79.969	133.974	UK_EGLC	NL_EHAM
40.83	68.859	UK_EGLC	NL_EHRD
23.417	55.1	UK_EGLC	SE_ESMS
13.972	32.362	UK_EGLC	UK_EGCC
17.456	40.308	UK_EGLC	UK_EGPF
43.071	92.89	UK_EGLC	UK_EGPH
13.96	23.646	UK_EGLC	UK_EGPN
103.002	193.598	UK_EGLL	AE_OMAA
344.011	490.356	UK_EGLL	AE_OMDB
308.836	464.062	UK_EGLL	AT_LOWW
538.325	1118.93	UK_EGLL	BE_EBBR
150.244	282.666	UK_EGLL	BH_OBBI
49.794	66.467	UK_EGLL	BR_SBGR
61.029	82.829	UK_EGLL	CA_CYOW
170.585	229.482	UK_EGLL	CA_CYUL
235.657	287.109	UK_EGLL	CA_CYVR
145.165	183.949	UK_EGLL	CA_CYYC
512.045	636.439	UK_EGLL	CA_CYYZ
390.188	657.351	UK_EGLL	CH_LSGG
472.813	790.881	UK_EGLL	CH_LSZH
78.92	122.975	UK_EGLL	CN_ZBAA
196.689	251.946	UK_EGLL	CY_LCLK
227.391	325.427	UK_EGLL	CZ_LKPR
810.891	1201.744	UK_EGLL	DE_EDDF
246.71	402.663	UK_EGLL	DE_EDDH
127.911	239.284	UK_EGLL	DE_EDDK
293.695	479.966	UK_EGLL	DE_EDDL
406.07	670.863	UK_EGLL	DE_EDDM
184.4	323.396	UK_EGLL	DE_EDDS
232.589	358.547	UK_EGLL	DE_EDDT
121.81	211.106	UK_EGLL	DE_EDDV
121.826	208.979	UK_EGLL	DE_EDVV
439.896	692.278	UK_EGLL	DK_EKCH
153.224	227.307	UK_EGLL	EG_HECA
317.933	467.908	UK_EGLL	EL_LGAT
317.473	466.702	UK_EGLL	EL_LGAV
35.902	53.564	UK_EGLL	ES_LEAL
94.904	173.041	UK_EGLL	ES_LEBB
306.454	417.079	UK_EGLL	ES_LEBL
451.734	720.863	UK_EGLL	ES_LEMD
91.279	116.979	UK_EGLL	ES_LEMG
38.193	59.942	UK_EGLL	ES_LEZL
202.329	315.159	UK_EGLL	FI_EFHK
47.813	99.273	UK_EGLL	FR_LFBO
145.297	266.92	UK_EGLL	FR_LFLL
300.172	426.313	UK_EGLL	FR_LFMN
918.47	1494.309	UK_EGLL	FR_LFPG
219.75	389.623	UK_EGLL	FR_LFPO
102.136	215.893	UK_EGLL	FR_LFSB
510.642	646.793	UK_EGLL	HK_VHHH
179.767	290.828	UK_EGLL	HU_LHBP
184.939	241.284	UK_EGLL	IE_EICK
1065.666	1384.249	UK_EGLL	IE_EIDW
159.677	203.059	UK_EGLL	IE_EINN
247.314	297.079	UK_EGLL	IL_LLBG
214.576	273.333	UK_EGLL	IN_VABB
228.028	268.334	UK_EGLL	IN_VIDP
60.482	110.276	UK_EGLL	IR_OIII
74.531	96.402	UK_EGLL	IS_BIKF
264.8	430.481	UK_EGLL	IT_LIMC
283.199	432.71	UK_EGLL	IT_LIML
60.014	122.495	UK_EGLL	IT_LIPE
110.125	157.876	UK_EGLL	IT_LIPZ
553.455	752.641	UK_EGLL	IT_LIRF
50.876	71.191	UK_EGLL	JO_OJAI
481.993	686.924	UK_EGLL	JP_RJAA
161.686	197.971	UK_EGLL	JP_RJBB
81.437	93.661	UK_EGLL	KR_RKSS
117.962	199.036	UK_EGLL	KW_OKBK
76.237	111.652	UK_EGLL	LB_OLBA
79.989	100.954	UK_EGLL	LK_VCBI
54.036	137.395	UK_EGLL	LU_ELLX
82.464	109.129	UK_EGLL	MT_LMML
57.651	76.422	UK_EGLL	MX_MMMX
319.177	378.061	UK_EGLL	MY_WMKK
1145.011	1631.893	UK_EGLL	NL_EHAM
54.097	63.692	UK_EGLL	NL_EHRD
334.011	619.384	UK_EGLL	NO_ENGM
57.201	86.145	UK_EGLL	NO_ENZV
199.631	358.95	UK_EGLL	PL_EPWA
75.228	98.052	UK_EGLL	PT_LPFR
60.044	95.916	UK_EGLL	PT_LPPR
314.619	429.363	UK_EGLL	PT_LPPT
91.991	163.148	UK_EGLL	QA_OTBD
91.804	164.586	UK_EGLL	QA_OTHH
112.123	224.843	UK_EGLL	RU_UUEE
84.628	164.819	UK_EGLL	SA_OEJN
49.654	101.532	UK_EGLL	SA_OERK
84.727	135.046	UK_EGLL	SE_ESGG
411.767	631.63	UK_EGLL	SE_ESSA
688.246	846.666	UK_EGLL	SG_WSSS
450.435	535.143	UK_EGLL	TH_VTBD
236.763	382.171	UK_EGLL	TR_LTBA
590.253	819.167	UK_EGLL	UK_EGAA
615.689	1101.409	UK_EGLL	UK_EGCC
136.364	205.105	UK_EGLL	UK_EGJJ
104.818	188.259	UK_EGLL	UK_EGNM
63.493	88.108	UK_EGLL	UK_EGNS
224.197	358.128	UK_EGLL	UK_EGNT
90.829	187.419	UK_EGLL	UK_EGNV
248.808	426.238	UK_EGLL	UK_EGPD
746.268	1131.781	UK_EGLL	UK_EGPF
794.528	1252.011	UK_EGLL	UK_EGPH
430.095	562.476	UK_EGLL	US_KBOS
89.385	139.334	UK_EGLL	US_KDTW
385.169	525.804	UK_EGLL	US_KEWR
521.695	680.135	UK_EGLL	US_KIAD
1442.737	1921.748	UK_EGLL	US_KJFK
785.231	969.751	UK_EGLL	US_KLAX
290.451	352.557	UK_EGLL	US_KMIA
673.057	886.334	UK_EGLL	US_KORD
151.56	201.28	UK_EGLL	US_KPHL
138.867	165.222	UK_EGLL	US_KSEA
524.491	609.629	UK_EGLL	US_KSFO
179.77	247.651	UK_EGLL	ZA_FACT
444.054	583.973	UK_EGLL	ZA_FAJS
6.683	7.415	UK_EGNH	ES_LEAL
8.05	14.449	UK_EGNH	IE_EIDW
13.077	33.527	UK_EGNH	UK_EG40
7.637	11.771	UK_EGNH	UK_EGAC
18.582	34.175	UK_EGNH	UK_EGNS
19.759	20.908	UK_EGNJ	ES_GCTS
17.377	18.238	UK_EGNJ	ES_LEAL
9.011	9.625	UK_EGNJ	ES_LEIB
8.529	9.06	UK_EGNJ	ES_LEMG
26.387	27.056	UK_EGNJ	ES_LEPA
9.552	21.188	UK_EGNJ	FR_LFPG
57.804	100.188	UK_EGNJ	NL_EHAM
8.887	9.484	UK_EGNJ	TR_LTBS
20.467	35.333	UK_EGNJ	UK_EG40
9.159	14.922	UK_EGNJ	UK_EGPD
20.467	32.941	UK_EGNJ	ZZ_ZZZZ
45.155	98.019	UK_EGNM	BE_EBBR
18.31	20.165	UK_EGNM	ES_GCLP
20.167	21.668	UK_EGNM	ES_GCRR
35.666	37.737	UK_EGNM	ES_GCTS
30.857	33.111	UK_EGNM	ES_LEAL
12.857	13.731	UK_EGNM	ES_LEIB
29.364	31.277	UK_EGNM	ES_LEMG
14.107	15.18	UK_EGNM	ES_LEMH
49.199	51.786	UK_EGNM	ES_LEPA
30.024	51.872	UK_EGNM	FR_LFPG
104.117	151.443	UK_EGNM	IE_EIDW
67.395	106.83	UK_EGNM	NL_EHAM
9.838	6.892	UK_EGNM	PT_LPFR
37.317	63.017	UK_EGNM	UK_EGAC
11.984	21.391	UK_EGNM	UK_EGHI
12.764	16.726	UK_EGNM	UK_EGJJ
101.15	188.764	UK_EGNM	UK_EGLL
11.027	22.707	UK_EGNM	UK_EGPD
18.929	32.908	UK_EGNM	UK_EGPF
63.006	104.155	UK_EGNT	BE_EBBR
32.053	31.126	UK_EGNT	CY_LCLK
10.942	11.928	UK_EGNT	CY_LCPH
24.632	22.554	UK_EGNT	EL_LGIR
20.666	18.595	UK_EGNT	EL_LGKR
18.677	19.828	UK_EGNT	EL_LGRP
15.117	15.945	UK_EGNT	EL_LGZA
15.334	16.94	UK_EGNT	ES_GCFV
35.624	34.169	UK_EGNT	ES_GCLP
34.152	32.919	UK_EGNT	ES_GCRR
73.621	73.305	UK_EGNT	ES_GCTS
63.629	63.445	UK_EGNT	ES_LEAL
15.782	16.72	UK_EGNT	ES_LEGE
36.172	34.197	UK_EGNT	ES_LEIB
39.465	37.762	UK_EGNT	ES_LEMG
26.403	24.66	UK_EGNT	ES_LEMH
95.242	95.129	UK_EGNT	ES_LEPA
10.671	11.324	UK_EGNT	ES_LERS
35.187	74.219	UK_EGNT	FR_LFPG
33.145	44.849	UK_EGNT	IE_EIDW
103.603	150.157	UK_EGNT	NL_EHAM
16.425	38.829	UK_EGNT	NO_ENGM
23.559	42.972	UK_EGNT	NO_ENZV
30.878	29.629	UK_EGNT	PT_LPFR
19.799	18.03	UK_EGNT	TR_LTBS
10.187	11.5	UK_EGNT	TR_LTFE
34.525	66.224	UK_EGNT	UK_EGAC
33.23	49.642	UK_EGNT	UK_EGGD
85.318	128.628	UK_EGNT	UK_EGKK
219.13	357.27	UK_EGNT	UK_EGLL
35.549	72.513	UK_EGNT	UK_EGPD
22.377	43.394	UK_EGNT	UK_EGSS
15.536	17.768	UK_EGNT	US_KSFB
8.782	9.562	UK_EGNV	ES_GCLP
8.093	8.962	UK_EGNV	ES_GCRR
22.715	23.636	UK_EGNV	ES_GCTS
22.149	23.415	UK_EGNV	ES_LEAL
7.789	8.55	UK_EGNV	ES_LEIB
42.83	44.904	UK_EGNV	ES_LEPA
31.952	49.126	UK_EGNV	IE_EIDW
53.725	94.052	UK_EGNV	NL_EHAM
89.233	187.442	UK_EGNV	UK_EGLL
15.266	31.929	UK_EGNV	UK_EGPD
17.268	178.706	UK_EGNX	BE_EBBR
15.501	16.87	UK_EGNX	CY_LCLK
27.121	28.574	UK_EGNX	CY_LCPH
14.96	16.195	UK_EGNX	EL_LGIR
20.331	22.015	UK_EGNX	EL_LGKR
14.15	15.155	UK_EGNX	EL_LGRP
15.158	16.469	UK_EGNX	EL_LGZA
24.64	26.25	UK_EGNX	ES_GCFV
34.075	37.145	UK_EGNX	ES_GCLP
41.895	44.807	UK_EGNX	ES_GCRR
72.034	74.679	UK_EGNX	ES_GCTS
55.052	57.124	UK_EGNX	ES_LEAL
47.526	51.23	UK_EGNX	ES_LEIB
50.94	54.886	UK_EGNX	ES_LEMG
34.259	37.302	UK_EGNX	ES_LEMH
117.078	126.212	UK_EGNX	ES_LEPA
58.669	135.472	UK_EGNX	FR_LFPG
59.318	187.313	UK_EGNX	IE_EIDW
10.796	11.681	UK_EGNX	IT_LIRN
22.993	25.712	UK_EGNX	MT_LMML
56.214	105.522	UK_EGNX	NL_EHAM
45.155	47.407	UK_EGNX	PT_LPFR
15.375	16.99	UK_EGNX	TR_LTBS
33.918	88.646	UK_EGNX	UK_EGAA
30.734	42.604	UK_EGNX	UK_EGJJ
13.961	27.199	UK_EGNX	UK_EGPD
56.393	105.873	UK_EGNX	UK_EGPF
44.875	122.11	UK_EGNX	UK_EGPH
5.926	9.65	UK_EGPA	UK_EGPB
18.956	28.661	UK_EGPA	UK_EGPD
12.961	18.299	UK_EGPA	UK_EGPE
42.648	54.201	UK_EGPB	UK_EG40
77.87	135.702	UK_EGPB	UK_EGPD
42.648	53.359	UK_EGPB	ZZ_ZZZZ
14.075	14.673	UK_EGPD	ES_LEPA
93.099	155.087	UK_EGPD	NL_EHAM
63.525	168.688	UK_EGPD	NO_ENZV
176.438	286.15	UK_EGPD	UK_EG40
25.807	45.553	UK_EGPD	UK_EGBB
64.194	114.281	UK_EGPD	UK_EGCC
73.352	94.516	UK_EGPD	UK_EGGW
114.219	179.306	UK_EGPD	UK_EGKK
240.897	424.978	UK_EGPD	UK_EGLL
10.732	22.728	UK_EGPD	UK_EGNM
40.029	75.181	UK_EGPD	UK_EGNT
15.294	31.633	UK_EGPD	UK_EGNV
14.52	29.059	UK_EGPD	UK_EGNX
18.886	28.372	UK_EGPD	UK_EGPA
80.997	139.162	UK_EGPD	UK_EGPB
24.832	34.782	UK_EGPD	UK_EGPM
23.358	45.731	UK_EGPD	UK_EGSH
47.038	81.611	UK_EGPD	UK_EGSS
176.454	272.547	UK_EGPD	ZZ_ZZZZ
45.948	54.535	UK_EGPE	UK_EGGW
78.842	109.251	UK_EGPE	UK_EGKK
13.659	18.616	UK_EGPE	UK_EGPA
16.478	29.727	UK_EGPE	UK_EGPF
13.913	36.144	UK_EGPE	UK_EGPO
64.337	97.821	UK_EGPF	BE_EBBR
73.327	82.179	UK_EGPF	CA_CYYZ
34.572	38.211	UK_EGPF	CY_LCLK
24.855	29.08	UK_EGPF	CY_LCPH
24.15	26.584	UK_EGPF	EL_LGIR
61.783	57.716	UK_EGPF	ES_GCLP
59.036	55.218	UK_EGPF	ES_GCRR
109.712	104.991	UK_EGPF	ES_GCTS
79.17	78.333	UK_EGPF	ES_LEAL
25.895	28.023	UK_EGPF	ES_LEGE
37.781	38.13	UK_EGPF	ES_LEIB
80.778	75.27	UK_EGPF	ES_LEMG
28.205	30.078	UK_EGPF	ES_LEMH
149.955	152.547	UK_EGPF	ES_LEPA
31.504	33.807	UK_EGPF	ES_LERS
27.007	59.911	UK_EGPF	FR_LFPG
98.767	137.775	UK_EGPF	IE_EIDW
49.192	69.623	UK_EGPF	IS_BIKF
94.106	123.333	UK_EGPF	NL_EHAM
54.911	50.356	UK_EGPF	PT_LPFR
25.329	29.407	UK_EGPF	TR_LTBS
47.334	64.91	UK_EGPF	UK_EGAC
165.088	301.29	UK_EGPF	UK_EGBB
107.155	193.389	UK_EGPF	UK_EGCC
52.019	89.937	UK_EGPF	UK_EGGD
166.981	219.525	UK_EGPF	UK_EGGW
176.544	256.95	UK_EGPF	UK_EGKK
737.212	1126.324	UK_EGPF	UK_EGLL
55.76	105.983	UK_EGPF	UK_EGNX
85.75	142.479	UK_EGPF	UK_EGSS
66.378	73.414	UK_EGPF	US_KEWR
24.757	30.075	UK_EGPF	US_KORD
39.499	41.718	UK_EGPF	US_KSFB
72.442	137.357	UK_EGPH	BE_EBBR
14.512	24.607	UK_EGPH	CH_LSZH
35.764	60.38	UK_EGPH	DE_EDDF
31.537	38.658	UK_EGPH	DK_EKCH
18.622	19.4	UK_EGPH	ES_GCTS
16.553	17.73	UK_EGPH	ES_LEAL
36.748	39.723	UK_EGPH	ES_LEPA
79.897	132.76	UK_EGPH	FR_LFPG
115.618	155.163	UK_EGPH	IE_EIDW
125.757	183.12	UK_EGPH	NL_EHAM
13.364	14.138	UK_EGPH	PT_LPFR
142.993	232.361	UK_EGPH	UK_EGBB
80.228	143.996	UK_EGPH	UK_EGCC
52.581	102.624	UK_EGPH	UK_EGGD
185.164	242.934	UK_EGPH	UK_EGGW
186.484	260.715	UK_EGPH	UK_EGKK
45.921	94.548	UK_EGPH	UK_EGLC
778.877	1251.058	UK_EGPH	UK_EGLL
44.252	116.012	UK_EGPH	UK_EGNX
238.027	459.91	UK_EGPH	UK_EGSS
13.187	14.241	UK_EGPK	ES_LEPA
45.049	67.028	UK_EGPK	FR_LFOB
94.793	138.086	UK_EGPK	IE_EIDW
19.838	33.963	UK_EGPK	UK_EGAC
145.721	221.846	UK_EGPK	UK_EGSS
6.458	7.824	UK_EGPK	US_KMCO
21.181	26.743	UK_EGPM	UK_EG40
25.243	36.771	UK_EGPM	UK_EGPD
15.114	36.672	UK_EGPO	UK_EGPE
24.581	38.88	UK_EGPO	UK_EGPF
9.181	10.555	UK_EGSH	ES_LEAL
15.694	16.584	UK_EGSH	ES_LEPA
51.315	78.35	UK_EGSH	NL_EHAM
15.458	32.341	UK_EGSH	UK_EG40
22.753	44.826	UK_EGSH	UK_EGPD
15.458	29.93	UK_EGSH	ZZ_ZZZZ
66.145	191.129	UK_EGSS	BE_EBBR
93.24	198.594	UK_EGSS	DE_EDDF
37.549	72.476	UK_EGSS	DE_EDDL
201.493	328.861	UK_EGSS	DE_EDDM
45.2	72.843	UK_EGSS	DE_EDFH
150.469	262.106	UK_EGSS	DK_EKCH
38.811	43.099	UK_EGSS	ES_GCRR
60.488	64.98	UK_EGSS	ES_GCTS
40.566	67.324	UK_EGSS	ES_LEMD
83.13	97.66	UK_EGSS	ES_LEMG
77.409	83.933	UK_EGSS	ES_LEPA
45.802	61.601	UK_EGSS	FR_LFMK
58.346	153.774	UK_EGSS	FR_LFPG
127.695	163.878	UK_EGSS	IE_EICK
562.766	751.394	UK_EGSS	IE_EIDW
79.291	101.049	UK_EGSS	IE_EIKN
43.529	59.22	UK_EGSS	IE_EIKY
62.709	119.27	UK_EGSS	IE_EINN
92.72	179.199	UK_EGSS	IT_LIMC
65.568	124.92	UK_EGSS	IT_LIMF
66.577	104.83	UK_EGSS	IT_LIML
41.07	75.324	UK_EGSS	IT_LIPE
65.204	90.947	UK_EGSS	IT_LIPH
69.988	124.941	UK_EGSS	IT_LIPZ
86.395	134.376	UK_EGSS	IT_LIRA
41.749	60.612	UK_EGSS	IT_LIRF
83.372	115.973	UK_EGSS	IT_LIRP
189.377	332.045	UK_EGSS	NL_EHAM
83.097	150.156	UK_EGSS	NO_ENGM
56.075	86.171	UK_EGSS	NO_ENTO
70.821	80.975	UK_EGSS	PT_LPFR
55.241	87.52	UK_EGSS	PT_LPPT
109.253	155.822	UK_EGSS	SE_ESKN
38.369	57.066	UK_EGSS	SE_ESMK
70.103	99.913	UK_EGSS	SE_ESSA
85.812	132.042	UK_EGSS	UK_EGAC
46.559	64.311	UK_EGSS	UK_EGJJ
46.229	81.598	UK_EGSS	UK_EGPD
84.696	143.224	UK_EGSS	UK_EGPF
235.085	475.074	UK_EGSS	UK_EGPH
145.591	221.08	UK_EGSS	UK_EGPK
7.889	8.317	UK_EGTE	ES_GCLP
17.895	16.752	UK_EGTE	ES_GCTS
15.326	16.15	UK_EGTE	ES_LEPA
7.555	13.363	UK_EGTE	IE_EIDW
20.199	39.149	UK_EGTE	UK_EGBB
9.564	12.53	UK_EGTE	UK_EGJB
23.404	34.795	UK_EGTE	UK_EGJJ
44.538	:	CH_LSGG	AT_LOWW
124.868	:	CH_LSGG	BE_EBBR
41.151	:	CH_LSGG	CH_LSZA
459.225	:	CH_LSGG	CH_LSZH
44.676	:	CH_LSGG	CH_LSZM
157.928	:	CH_LSGG	DE_EDDF
50.006	:	CH_LSGG	DE_EDDM
68.967	:	CH_LSGG	DK_EKCH
42.331	:	CH_LSGG	EL_LGAT
71.336	:	CH_LSGG	ES_LEBL
85.573	:	CH_LSGG	ES_LEMD
19.996	:	CH_LSGG	ES_LEMG
22.661	:	CH_LSGG	ES_LEPA
89.567	:	CH_LSGG	FR_LFMN
353.342	:	CH_LSGG	FR_LFPG
33.176	:	CH_LSGG	IL_LLBG
28.962	:	CH_LSGG	IT_LIMC
59.161	:	CH_LSGG	IT_LIRF
46.211	:	CH_LSGG	MA_GMMN
161.349	:	CH_LSGG	NL_EHAM
37.369	:	CH_LSGG	PT_LPPR
59.419	:	CH_LSGG	PT_LPPT
35.631	:	CH_LSGG	RU_UUEE
27.083	:	CH_LSGG	SE_ESSA
29.877	:	CH_LSGG	TN_DTTA
20.581	:	CH_LSGG	TN_DTTJ
28.132	:	CH_LSGG	TR_LTBA
35.754	:	CH_LSGG	UK_EGCC
39.552	:	CH_LSGG	UK_EGGP
114.991	:	CH_LSGG	UK_EGGW
133.212	:	CH_LSGG	UK_EGKK
35.939	:	CH_LSGG	UK_EGLC
395.51	:	CH_LSGG	UK_EGLL
68.374	:	CH_LSGG	US_KJFK
41.284	:	CH_LSZA	CH_LSGG
13.256	:	CH_LSZA	CH_LSZB
74.676	:	CH_LSZA	CH_LSZH
29.124	:	CH_LSZA	CH_LSZM
12.622	:	CH_LSZA	IT_LIRQ
6.489	:	CH_LSZB	BE_EBBR
9.291	:	CH_LSZB	CH_LSZA
21.992	:	CH_LSZB	CH_LSZM
9.549	:	CH_LSZB	DE_EDDM
13.495	:	CH_LSZB	FR_LFPG
21.538	:	CH_LSZB	NL_EHAM
14.589	:	CH_LSZB	UK_EGLC
40.488	:	CH_LSZH	AR_SAEZ
45.339	:	CH_LSZH	AT_LOWG
47.7	:	CH_LSZH	AT_LOWS
217.565	:	CH_LSZH	AT_LOWW
167.459	:	CH_LSZH	BE_EBBR
58.023	:	CH_LSZH	CA_CYUL
58.48	:	CH_LSZH	CA_CYYZ
446.24	:	CH_LSZH	CH_LSGG
72.057	:	CH_LSZH	CH_LSZA
114.705	:	CH_LSZH	CH_LSZM
96.241	:	CH_LSZH	CY_LCLK
114.173	:	CH_LSZH	CZ_LKPR
264.595	:	CH_LSZH	DE_EDDF
109.17	:	CH_LSZH	DE_EDDH
52.436	:	CH_LSZH	DE_EDDK
155.603	:	CH_LSZH	DE_EDDL
156.289	:	CH_LSZH	DE_EDDM
68.838	:	CH_LSZH	DE_EDDS
147.45	:	CH_LSZH	DE_EDDT
55.177	:	CH_LSZH	DE_EDDV
162.422	:	CH_LSZH	DK_EKCH
54.079	:	CH_LSZH	EG_HECA
119.266	:	CH_LSZH	EL_LGAT
53.779	:	CH_LSZH	EL_LGIR
38.1	:	CH_LSZH	EL_LGKO
80.231	:	CH_LSZH	ES_GCLP
150.266	:	CH_LSZH	ES_LEBL
149.359	:	CH_LSZH	ES_LEMD
83.44	:	CH_LSZH	ES_LEMG
119.398	:	CH_LSZH	ES_LEPA
92.328	:	CH_LSZH	FI_EFHK
51.495	:	CH_LSZH	FR_LFLL
106.815	:	CH_LSZH	FR_LFMN
311.197	:	CH_LSZH	FR_LFPG
42.792	:	CH_LSZH	FR_LFPO
38.736	:	CH_LSZH	GH_DGAA
52.967	:	CH_LSZH	HK_VHHH
37.206	:	CH_LSZH	HR_LDZA
124.095	:	CH_LSZH	HU_LHBP
53.319	:	CH_LSZH	IE_EIDW
127.334	:	CH_LSZH	IL_LLBG
47.746	:	CH_LSZH	IN_VABB
40.402	:	CH_LSZH	IN_VIDP
154.228	:	CH_LSZH	IT_LIMC
45.819	:	CH_LSZH	IT_LIMF
49.9	:	CH_LSZH	IT_LIMJ
50.501	:	CH_LSZH	IT_LIPZ
154.089	:	CH_LSZH	IT_LIRF
74.544	:	CH_LSZH	JP_RJAA
51.451	:	CH_LSZH	JP_RJBB
39.361	:	CH_LSZH	LU_ELLX
277.618	:	CH_LSZH	MK_LWSK
46.423	:	CH_LSZH	MT_LMML
276.433	:	CH_LSZH	NL_EHAM
62.374	:	CH_LSZH	NO_ENGM
67.243	:	CH_LSZH	PL_EPWA
49.618	:	CH_LSZH	PT_LPPR
136.19	:	CH_LSZH	PT_LPPT
66.688	:	CH_LSZH	RO_LROP
64.799	:	CH_LSZH	RU_UUEE
131.587	:	CH_LSZH	SE_ESSA
118.744	:	CH_LSZH	SG_WSSS
40.334	:	CH_LSZH	SI_LJLJ
78.025	:	CH_LSZH	TH_VTBD
149.132	:	CH_LSZH	TR_LTBA
71.907	:	CH_LSZH	UK_EGCC
101.187	:	CH_LSZH	UK_EGGW
62.86	:	CH_LSZH	UK_EGKK
60.427	:	CH_LSZH	UK_EGLC
473.317	:	CH_LSZH	UK_EGLL
184.942	:	CH_LSZH	US_KATL
99.216	:	CH_LSZH	US_KBOS
51.617	:	CH_LSZH	US_KCVG
107.61	:	CH_LSZH	US_KEWR
60.29	:	CH_LSZH	US_KIAD
149.728	:	CH_LSZH	US_KJFK
123.356	:	CH_LSZH	US_KLAX
65.04	:	CH_LSZH	US_KORD
51.732	:	CH_LSZH	US_KSFO
45.245	:	CH_LSZH	ZA_FACT
60.121	:	CH_LSZM	AT_LOWW
30.741	:	CH_LSZM	BE_EBBR
34.766	:	CH_LSZM	CH_LSGG
24.422	:	CH_LSZM	CH_LSZA
19.186	:	CH_LSZM	CH_LSZB
120.739	:	CH_LSZM	CH_LSZH
48.077	:	CH_LSZM	DE_EDDF
21.735	:	CH_LSZM	DE_EDDH
24.811	:	CH_LSZM	DE_EDDI
12.025	:	CH_LSZM	DE_EDDK
22.734	:	CH_LSZM	DE_EDDL
34.933	:	CH_LSZM	DE_EDDM
11.495	:	CH_LSZM	DE_EDDV
18.819	:	CH_LSZM	DK_EKCH
15.994	:	CH_LSZM	DO_MDPP
25.552	:	CH_LSZM	EL_LGIR
9.679	:	CH_LSZM	EL_LGRP
22.761	:	CH_LSZM	ES_GCLP
18.739	:	CH_LSZM	ES_GCRR
20.347	:	CH_LSZM	ES_GCTS
17.281	:	CH_LSZM	ES_LEAL
31.304	:	CH_LSZM	ES_LEBL
10.801	:	CH_LSZM	ES_LEIB
16.939	:	CH_LSZM	ES_LEMD
20.794	:	CH_LSZM	ES_LEMG
75.292	:	CH_LSZM	ES_LEPA
15.749	:	CH_LSZM	FR_LFBO
10.662	:	CH_LSZM	FR_LFLC
14.073	:	CH_LSZM	FR_LFLL
17.637	:	CH_LSZM	FR_LFMN
121.508	:	CH_LSZM	FR_LFPG
223.479	:	CH_LSZM	FR_LFPO
13.464	:	CH_LSZM	KE_HKMO
10.392	:	CH_LSZM	MK_LWSK
55.447	:	CH_LSZM	NL_EHAM
16.633	:	CH_LSZM	SE_ESSA
19.16	:	CH_LSZM	TN_DTMB
13.993	:	CH_LSZM	TN_DTTJ
13.413	:	CH_LSZM	TR_LTAI
21.125	:	CH_LSZM	TR_LTBA
11.183	:	CH_LSZM	UK_EGBB
16.502	:	CH_LSZM	UK_EGCC
20.008	:	CH_LSZM	UK_EGLC
102.777	:	CH_LSZM	UK_EGLL
36.295	:	CH_LSZM	US_KEWR
13.799	18.666	DE_EDDB	BG_LBBG
17.367	31.245	DE_EDDB	BG_LBSF
22.248	29.789	DE_EDDB	BG_LBWN
15.462	16.923	DE_EDDB	CU_MUVR
6.838	15.19	DE_EDDB	DE_EDDH
24.679	44.469	DE_EDDB	DE_EDDK
13.735	26.474	DE_EDDB	DE_EDDM
7.777	17.985	DE_EDDB	DE_EDDP
15.96	19.239	DE_EDDB	DO_MDPC
35.574	39.392	DE_EDDB	DO_MDPP
31.96	39.898	DE_EDDB	EG_HEGN
38.301	44.584	DE_EDDB	EL_LGIR
15.837	20.209	DE_EDDB	EL_LGRD
21.496	26.973	DE_EDDB	ES_GCFV
37.359	48.209	DE_EDDB	ES_GCLP
19.67	28.184	DE_EDDB	ES_GCRR
38.037	46.41	DE_EDDB	ES_GCTS
13.38	15.684	DE_EDDB	ES_LEIB
97.922	121.702	DE_EDDB	ES_LEPA
13.008	16.998	DE_EDDB	IL_LLBG
11.926	15.199	DE_EDDB	MA_GMAA
14.11	14.857	DE_EDDB	MK_LWSK
15.328	19.676	DE_EDDB	PT_LPFR
12.595	21.684	DE_EDDB	RU_ULLI
50.929	96.354	DE_EDDB	RU_UUEE
48.126	58.937	DE_EDDB	TN_DTMB
14.397	18.821	DE_EDDB	TN_DTTJ
11.01	19.49	DE_EDDB	TR_LTAC
54.145	66.149	DE_EDDB	TR_LTAI
11.161	24.321	DE_EDDB	UK_EGKK
11.909	28.379	DE_EDDC	CH_LSZH
171.6	268.301	DE_EDDC	DE_EDDF
26.47	49.205	DE_EDDC	DE_EDDH
57.04	93.746	DE_EDDC	DE_EDDK
63.663	110.826	DE_EDDC	DE_EDDL
99.664	171.883	DE_EDDC	DE_EDDM
12.712	27.925	DE_EDDC	DE_EDDN
30.919	72.071	DE_EDDC	DE_EDDP
49.238	88.964	DE_EDDC	DE_EDDS
13.824	29.517	DE_EDDC	DE_EDVV
20.586	24.356	DE_EDDC	EL_LGIR
10.748	13.273	DE_EDDC	EL_LGRD
23.684	28.801	DE_EDDC	ES_GCLP
16.584	20.245	DE_EDDC	ES_GCTS
10.638	13.126	DE_EDDC	ES_LEIB
59.364	72.982	DE_EDDC	ES_LEPA
26.821	53.328	DE_EDDC	NL_EHAM
10.965	13.676	DE_EDDC	PT_LPFR
21.063	27.788	DE_EDDC	TN_DTMB
16.225	21.362	DE_EDDC	TR_LTAI
11.736	29.991	DE_EDDE	DE_EDDM
12.559	15.778	DE_EDDE	EL_LGIR
7.293	11.219	DE_EDDE	ES_GCLP
7.404	10.11	DE_EDDE	ES_GCTS
35.296	41.433	DE_EDDE	ES_LEPA
9.886	13.254	DE_EDDE	TN_DTMB
10.413	14.61	DE_EDDE	TR_LTAI
146.449	200.956	DE_EDDF	AE_OMDB
88.885	111.051	DE_EDDF	AR_SABA
87.72	133.956	DE_EDDF	AT_LOWG
81.731	150.62	DE_EDDF	AT_LOWL
80.367	116.699	DE_EDDF	AT_LOWS
299.772	474.201	DE_EDDF	AT_LOWW
261.987	443.171	DE_EDDF	BE_EBBR
45.939	77.928	DE_EDDF	BG_LBSF
161.956	209.429	DE_EDDF	BR_SBGR
235.28	285.616	DE_EDDF	CA_CYTZ
57.047	70.316	DE_EDDF	CA_CYUL
87.63	103.103	DE_EDDF	CA_CYVR
77.854	102.698	DE_EDDF	CA_CYYC
165.177	306.469	DE_EDDF	CH_LSGG
272.577	480.005	DE_EDDF	CH_LSZH
46.158	76.682	DE_EDDF	CH_LSZM
155.351	207.331	DE_EDDF	CN_ZBAA
68.958	112.959	DE_EDDF	CN_ZSSA
60.467	83.976	DE_EDDF	CO_SKBO
58.257	83.693	DE_EDDF	CY_LCLK
138.087	261.547	DE_EDDF	CZ_LKPR
174.898	255.222	DE_EDDF	DE_EDDC
81.02	146.123	DE_EDDF	DE_EDDG
708.315	919.846	DE_EDDF	DE_EDDH
50.758	100.66	DE_EDDF	DE_EDDI
161.108	238.362	DE_EDDF	DE_EDDK
299.629	415.072	DE_EDDF	DE_EDDL
711.781	912.214	DE_EDDF	DE_EDDM
175.376	276.955	DE_EDDF	DE_EDDN
163.533	253.004	DE_EDDF	DE_EDDP
210.627	325.238	DE_EDDF	DE_EDDS
813.935	1109.578	DE_EDDF	DE_EDDT
214.268	277.852	DE_EDDF	DE_EDDW
244.927	342.265	DE_EDDF	DE_EDVV
228.785	338.864	DE_EDDF	DK_EKCH
44.739	50.244	DE_EDDF	DO_MDPC
51.704	57.533	DE_EDDF	DO_MDPP
132.5	177.166	DE_EDDF	EG_HECA
82.804	99.95	DE_EDDF	EG_HEGN
205.29	300.057	DE_EDDF	EL_LGAT
99.211	113.765	DE_EDDF	EL_LGIR
39.244	45.93	DE_EDDF	EL_LGRD
96.059	133.648	DE_EDDF	EL_LGTS
93.872	105.107	DE_EDDF	ES_GCFV
125.728	142.66	DE_EDDF	ES_GCLP
73.96	86.637	DE_EDDF	ES_GCRR
94.364	110.408	DE_EDDF	ES_GCTS
46.888	51.738	DE_EDDF	ES_LEAL
72.626	114.353	DE_EDDF	ES_LEBB
232.508	315.122	DE_EDDF	ES_LEBL
54.014	61.167	DE_EDDF	ES_LEIB
277.411	425.717	DE_EDDF	ES_LEMD
122.055	141.433	DE_EDDF	ES_LEMG
407.4	476.241	DE_EDDF	ES_LEPA
59.664	83.568	DE_EDDF	ES_LEVC
161.551	261.687	DE_EDDF	FI_EFHF
114.191	202.527	DE_EDDF	FR_LFLL
137.621	215.558	DE_EDDF	FR_LFMN
492.344	834.845	DE_EDDF	FR_LFPG
54.059	93.069	DE_EDDF	FR_LFPO
229.796	287.283	DE_EDDF	HK_VHHH
74.683	164.484	DE_EDDF	HR_LDZA
164.478	234.476	DE_EDDF	HU_LHBP
125.473	165.623	DE_EDDF	IE_EIDW
170.931	213.262	DE_EDDF	IL_LLBG
134.231	176.26	DE_EDDF	IN_VABB
131.482	160.915	DE_EDDF	IN_VIDP
50.104	60.479	DE_EDDF	IN_VOMM
65.081	92.579	DE_EDDF	IR_OIII
41.232	54.378	DE_EDDF	IS_BIKF
61.983	147.671	DE_EDDF	IT_LIMC
90.024	147.225	DE_EDDF	IT_LIMF
260.873	445.185	DE_EDDF	IT_LIML
112.482	173.862	DE_EDDF	IT_LIPE
163.834	231.269	DE_EDDF	IT_LIPZ
279.427	443.406	DE_EDDF	IT_LIRF
425.603	605.463	DE_EDDF	JP_RJAA
155.799	193.715	DE_EDDF	KR_RKSS
53.752	74.378	DE_EDDF	KW_OKBK
64.469	77.897	DE_EDDF	LK_VCBI
77.023	151.094	DE_EDDF	LU_ELLX
52.131	79.156	DE_EDDF	MA_GM90
85.46	114.43	DE_EDDF	MT_LMML
108.674	136.206	DE_EDDF	MX_MMMX
69.151	102.142	DE_EDDF	MY_WMKK
305.479	455.513	DE_EDDF	NL_EHAM
132.512	219.891	DE_EDDF	NO_ENOS
52.379	59.355	DE_EDDF	PH_RPMM
40.454	88.336	DE_EDDF	PL_EPKT
141.764	238.654	DE_EDDF	PL_EPWA
87.877	105.376	DE_EDDF	PT_LPFR
70.304	116.864	DE_EDDF	PT_LPPR
175.117	235.318	DE_EDDF	PT_LPPT
51.146	94.404	DE_EDDF	RO_LROP
57.481	93.493	DE_EDDF	RU_ULLI
177.712	310.86	DE_EDDF	RU_UUEE
83.56	144.532	DE_EDDF	SE_ESGG
190.555	280.159	DE_EDDF	SE_ESSA
421.188	526.919	DE_EDDF	SG_WSSS
55.019	102.52	DE_EDDF	SI_LJLJ
391.37	460.766	DE_EDDF	TH_VTBD
84.367	98.637	DE_EDDF	TN_DTMB
52.154	88.441	DE_EDDF	TN_DTTA
48.703	61.203	DE_EDDF	TN_DTTJ
92.596	142.303	DE_EDDF	TR_LTAC
131.521	158.755	DE_EDDF	TR_LTAI
280.468	428.342	DE_EDDF	TR_LTBA
47.424	63.447	DE_EDDF	TR_LTBJ
47.863	80.522	DE_EDDF	UA_UKKK
108.646	211.887	DE_EDDF	UK_EGBB
150.998	267.764	DE_EDDF	UK_EGCC
121.026	231.793	DE_EDDF	UK_EGKK
803.456	1176.954	DE_EDDF	UK_EGLL
89.181	185.035	DE_EDDF	UK_EGSS
303.52	368.968	DE_EDDF	US_KA91
201.781	241.133	DE_EDDF	US_KATL
144.746	174.705	DE_EDDF	US_KBOS
88.214	104.242	DE_EDDF	US_KCVG
136.526	165.267	DE_EDDF	US_KDAL
135.622	168.732	DE_EDDF	US_KDTW
183.881	218.457	DE_EDDF	US_KEWR
49.625	71.058	DE_EDDF	US_KIAH
442.672	549.981	DE_EDDF	US_KJFK
228.553	259.673	DE_EDDF	US_KLAX
139.081	156.955	DE_EDDF	US_KMIA
407.783	496.609	DE_EDDF	US_KORD
110.228	131.042	DE_EDDF	US_KPHL
64.006	73.519	DE_EDDF	US_KPIT
125.961	138.431	DE_EDDF	US_KSFO
203.087	253.617	DE_EDDF	ZA_FAJS
11.614	28.301	DE_EDDG	CH_LSZH
83.436	147.155	DE_EDDG	DE_EDDF
27.95	55.075	DE_EDDG	DE_EDDI
77.981	119.222	DE_EDDG	DE_EDDM
9.268	16.381	DE_EDDG	DE_EDDN
20.537	45.056	DE_EDDG	DE_EDDS
33.079	98.895	DE_EDDG	DE_EDLW
16.14	19.247	DE_EDDG	EL_LGIR
23.361	29.503	DE_EDDG	ES_GCFV
34.128	42.512	DE_EDDG	ES_GCLP
19.236	26.955	DE_EDDG	ES_GCRR
16.554	22.392	DE_EDDG	ES_GCTS
15.798	19.456	DE_EDDG	ES_LEIB
8.899	11.358	DE_EDDG	ES_LEMG
193.208	238.018	DE_EDDG	ES_LEPA
30.607	45.941	DE_EDDG	NL_EHAM
13.764	17.828	DE_EDDG	TN_DTMB
18.611	23.95	DE_EDDG	TR_LTAI
12.724	16.438	DE_EDDG	TR_LTBA
65.885	107.416	DE_EDDH	AT_LOWW
88.983	157.002	DE_EDDH	BE_EBBR
108.018	235.372	DE_EDDH	CH_LSZH
698.707	922.019	DE_EDDH	DE_EDDF
164.92	244.603	DE_EDDH	DE_EDDK
183.118	278.207	DE_EDDH	DE_EDDL
575.835	833.81	DE_EDDH	DE_EDDM
51.472	78.853	DE_EDDH	DE_EDDN
191.728	261.922	DE_EDDH	DE_EDDS
61.379	98.993	DE_EDDH	DE_EDDT
73.893	151.368	DE_EDDH	DK_EKCH
40.994	47.476	DE_EDDH	EL_LGIR
65.96	77.584	DE_EDDH	ES_GCFV
89.841	105.859	DE_EDDH	ES_GCLP
49.578	61.411	DE_EDDH	ES_GCRR
61.189	73.382	DE_EDDH	ES_GCTS
46.339	54.214	DE_EDDH	ES_LEMG
266.603	304.336	DE_EDDH	ES_LEPA
58.418	123.292	DE_EDDH	FI_EFHF
172.198	321.569	DE_EDDH	FR_LFPG
57.305	111.934	DE_EDDH	IT_LIMC
117.829	194.455	DE_EDDH	NL_EHAM
47.061	56.121	DE_EDDH	PT_LPFR
43.062	52.385	DE_EDDH	TN_DTMB
66.249	81.257	DE_EDDH	TR_LTAI
65.061	98.552	DE_EDDH	TR_LTBA
52.367	108.63	DE_EDDH	UK_EGKK
242.733	382.069	DE_EDDH	UK_EGLL
49.516	64.739	DE_EDDH	US_KATL
85.123	131.377	DE_EDDI	BE_EBBR
27.265	50.942	DE_EDDI	CH_LSZM
51.741	101.435	DE_EDDI	DE_EDDF
27.874	55.173	DE_EDDI	DE_EDDG
50.466	110.693	DE_EDDI	DE_EDDN
24.632	45.48	DE_EDDI	DE_EDDR
31.996	62.906	DE_EDDI	DE_EDLW
26.19	46.297	DE_EDDI	DE_EDMA
42.081	74.557	DE_EDDK	AT_LOWW
53.314	118.913	DE_EDDK	CH_LSZH
51.156	92.023	DE_EDDK	DE_EDDC
162.326	262.699	DE_EDDK	DE_EDDF
158.229	245.916	DE_EDDK	DE_EDDH
421.756	702.214	DE_EDDK	DE_EDDM
41.438	102.922	DE_EDDK	DE_EDDP
488.886	736.455	DE_EDDK	DE_EDDT
43.768	52.481	DE_EDDK	ES_GCFV
45.841	57.375	DE_EDDK	ES_GCLP
41.51	50.878	DE_EDDK	ES_GCTS
256.627	317.872	DE_EDDK	ES_LEPA
87.857	167.096	DE_EDDK	FR_LFPG
47.904	86.169	DE_EDDK	NL_EHAM
47.262	57.199	DE_EDDK	TR_LTAI
87.744	124.788	DE_EDDK	TR_LTBA
124.773	199.377	DE_EDDK	UK_EGLL
112.303	199.418	DE_EDDL	AT_LOWW
75.815	156.273	DE_EDDL	BE_EBBR
157.468	366.245	DE_EDDL	CH_LSZH
65.567	104.752	DE_EDDL	DE_EDDC
304.652	434.181	DE_EDDL	DE_EDDF
193.572	300.824	DE_EDDL	DE_EDDH
647.23	946.579	DE_EDDL	DE_EDDM
73.763	125.854	DE_EDDL	DE_EDDN
65.774	114.94	DE_EDDL	DE_EDDP
144.702	232.023	DE_EDDL	DE_EDDS
406.058	681.83	DE_EDDL	DE_EDDT
99.685	168.172	DE_EDDL	DK_EKCH
42.435	48.31	DE_EDDL	DO_MDPC
36.336	42.054	DE_EDDL	DO_MDPP
54.992	66.741	DE_EDDL	EG_HEGN
90.519	104.805	DE_EDDL	EL_LGIR
56.824	72.116	DE_EDDL	EL_LGRD
106.414	147.86	DE_EDDL	EL_LGTS
130.946	152.52	DE_EDDL	ES_GCFV
174.862	207.483	DE_EDDL	ES_GCLP
91.445	113.691	DE_EDDL	ES_GCRR
117.291	141.106	DE_EDDL	ES_GCTS
101.576	127.275	DE_EDDL	ES_LEAL
40.967	54.311	DE_EDDL	ES_LEAM
59.701	92.421	DE_EDDL	ES_LEBL
115.8	138.946	DE_EDDL	ES_LEIB
54.13	94.307	DE_EDDL	ES_LEMD
113.942	144.669	DE_EDDL	ES_LEMG
719.584	881.889	DE_EDDL	ES_LEPA
60.168	107.672	DE_EDDL	FI_EFHF
193.4	371.032	DE_EDDL	FR_LFPG
56.768	86.855	DE_EDDL	IE_EIDW
40.827	51.289	DE_EDDL	IT_LICC
124.832	241.826	DE_EDDL	IT_LIMC
61.802	111.9	DE_EDDL	IT_LIRF
56.488	43.371	DE_EDDL	MK_LWSK
87.101	163.202	DE_EDDL	NL_EHAM
99.368	121.498	DE_EDDL	PT_LPFR
45.941	90.754	DE_EDDL	RU_UUEE
111.087	134.205	DE_EDDL	TN_DTMB
37.999	47.279	DE_EDDL	TN_DTTJ
71.765	96.998	DE_EDDL	TR_LTAC
211.466	256.253	DE_EDDL	TR_LTAI
193.895	262.84	DE_EDDL	TR_LTBA
52.396	70.562	DE_EDDL	TR_LTBJ
100.188	203.017	DE_EDDL	UK_EGBB
82.467	184.874	DE_EDDL	UK_EGCC
49.107	84.927	DE_EDDL	UK_EGKK
296.343	468.473	DE_EDDL	UK_EGLL
129.918	163.062	DE_EDDL	US_KEWR
56.211	73.519	DE_EDDL	US_KORD
176.94	336.768	DE_EDDM	AT_LOWW
151.091	309.32	DE_EDDM	BE_EBBR
46.299	95.385	DE_EDDM	CH_LSGG
152.372	354.651	DE_EDDM	CH_LSZH
101.231	173.741	DE_EDDM	DE_EDDC
712.221	918.925	DE_EDDM	DE_EDDF
78.201	119.969	DE_EDDM	DE_EDDG
578.097	839.465	DE_EDDM	DE_EDDH
415.977	697.094	DE_EDDM	DE_EDDK
642.51	947.734	DE_EDDM	DE_EDDL
34.355	60.015	DE_EDDM	DE_EDDN
71.029	132.901	DE_EDDM	DE_EDDP
61.402	105.619	DE_EDDM	DE_EDDS
633.731	876.649	DE_EDDM	DE_EDDT
113.466	164.305	DE_EDDM	DE_EDDW
86.203	140.747	DE_EDDM	DE_EDLW
198.988	304.028	DE_EDDM	DE_EDVV
115.725	184.822	DE_EDDM	DK_EKCH
38.072	44.011	DE_EDDM	DO_MDPC
48.035	53.457	DE_EDDM	DO_MDPP
75.593	91.089	DE_EDDM	EG_HEGN
131.646	177.226	DE_EDDM	EL_LGAT
81.433	93.996	DE_EDDM	EL_LGIR
43.836	52.197	DE_EDDM	EL_LGRD
107.432	160.657	DE_EDDM	EL_LGTS
42.856	50.769	DE_EDDM	ES_GCFV
81.509	97.584	DE_EDDM	ES_GCLP
77.456	92.763	DE_EDDM	ES_GCTS
114.045	165.024	DE_EDDM	ES_LEBL
41.236	48.25	DE_EDDM	ES_LEIB
127.35	220.383	DE_EDDM	ES_LEMD
45.429	54.004	DE_EDDM	ES_LEMG
201.468	243.37	DE_EDDM	ES_LEPA
58.612	104.122	DE_EDDM	FI_EFHF
38.33	55.893	DE_EDDM	FR_LFBO
46.702	93.765	DE_EDDM	FR_LFLL
39.985	56.873	DE_EDDM	FR_LFML
75.59	139.726	DE_EDDM	FR_LFMN
309.4	507.051	DE_EDDM	FR_LFPG
93.016	158.91	DE_EDDM	HU_LHBP
96.882	130.387	DE_EDDM	IL_LLBG
120.023	271.541	DE_EDDM	IT_LIMC
56.826	85.526	DE_EDDM	IT_LIPE
43.74	69.142	DE_EDDM	IT_LIPZ
123.608	185.51	DE_EDDM	IT_LIRF
41.898	57.265	DE_EDDM	IT_LIRN
67.638	91.735	DE_EDDM	IT_LIRQ
188.891	278.596	DE_EDDM	NL_EHAM
49.122	84.141	DE_EDDM	NO_ENOS
50.027	92.766	DE_EDDM	PL_EPWA
48.691	60.339	DE_EDDM	PT_LPFR
82.027	130.681	DE_EDDM	PT_LPPT
51.952	89.765	DE_EDDM	RU_UUEE
77.596	124.145	DE_EDDM	SE_ESSA
48.192	64.912	DE_EDDM	TH_VTBD
68.26	83.648	DE_EDDM	TN_DTMB
104.795	131.576	DE_EDDM	TR_LTAI
165.071	251.172	DE_EDDM	TR_LTBA
55.122	84.413	DE_EDDM	TR_LTBJ
85.188	130.321	DE_EDDM	UK_EGBB
62.789	110.852	DE_EDDM	UK_EGCC
78.597	140.393	DE_EDDM	UK_EGKK
399.605	631.178	DE_EDDM	UK_EGLL
204.217	318.206	DE_EDDM	UK_EGSS
75.434	91.308	DE_EDDM	US_KA91
60.784	78.61	DE_EDDM	US_KATL
63.216	77.04	DE_EDDM	US_KEWR
56.877	78.578	DE_EDDM	US_KJFK
47.377	62.008	DE_EDDM	US_KMIA
64.779	77.33	DE_EDDM	US_KORD
63.289	76.44	DE_EDDM	US_KPHL
81.178	89.478	DE_EDDM	US_KSFO
27.647	56.16	DE_EDDN	BE_EBBR
29.303	68.952	DE_EDDN	CH_LSZH
180.256	277.162	DE_EDDN	DE_EDDF
49.219	79.315	DE_EDDN	DE_EDDH
51.364	109.763	DE_EDDN	DE_EDDI
33.792	79.718	DE_EDDN	DE_EDDK
73.159	125.882	DE_EDDN	DE_EDDL
46.455	71.364	DE_EDDN	DE_EDDM
54.677	82.969	DE_EDDN	DE_EDDT
20.301	23.965	DE_EDDN	EG_HEGN
37.435	43.672	DE_EDDN	EL_LGIR
26.666	32.543	DE_EDDN	ES_GCFV
29.161	36.617	DE_EDDN	ES_GCLP
24.018	32.145	DE_EDDN	ES_GCRR
25.701	31.762	DE_EDDN	ES_GCTS
115.847	143.155	DE_EDDN	ES_LEPA
51.427	108.632	DE_EDDN	FR_LFPG
61.791	114.04	DE_EDDN	NL_EHAM
39.161	48.762	DE_EDDN	TN_DTMB
44.534	55.013	DE_EDDN	TR_LTAI
42.369	66.368	DE_EDDN	TR_LTBA
21.284	36.883	DE_EDDN	UK_EGLL
14.02	18.704	DE_EDDP	BG_LBBG
19.493	25.454	DE_EDDP	BG_LBWN
13.092	30.683	DE_EDDP	CH_LSZH
15.353	27.115	DE_EDDP	DE_EDDB
19.268	67.551	DE_EDDP	DE_EDDC
159.741	247.548	DE_EDDP	DE_EDDF
29.997	55.675	DE_EDDP	DE_EDDH
42.269	83.6	DE_EDDP	DE_EDDK
64.595	115.539	DE_EDDP	DE_EDDL
75.756	136.831	DE_EDDP	DE_EDDM
15.026	28.936	DE_EDDP	DE_EDDN
33.627	66.275	DE_EDDP	DE_EDDS
14.112	17.208	DE_EDDP	EG_HEGN
42.359	50.045	DE_EDDP	EL_LGIR
13.346	16.935	DE_EDDP	EL_LGKR
20.639	24.264	DE_EDDP	EL_LGRD
12.711	15.809	DE_EDDP	EL_LGTS
17.933	22.168	DE_EDDP	ES_GCFV
29.442	35.504	DE_EDDP	ES_GCLP
19.095	24.958	DE_EDDP	ES_GCRR
27.34	33.557	DE_EDDP	ES_GCTS
15.781	18.738	DE_EDDP	ES_LEIB
107.313	133.415	DE_EDDP	ES_LEPA
11.196	14.617	DE_EDDP	MT_LMML
9.888	17.466	DE_EDDP	NL_EHAM
14.75	17.571	DE_EDDP	PT_LPFR
46.422	58.427	DE_EDDP	TN_DTMB
14.872	19.313	DE_EDDP	TN_DTTJ
49.618	61.981	DE_EDDP	TR_LTAI
12.855	23.942	DE_EDDR	DE_EDDH
25.212	45.792	DE_EDDR	DE_EDDI
22.658	34.712	DE_EDDR	DE_EDDM
7.875	8.821	DE_EDDR	EL_LGIR
8.09	9.533	DE_EDDR	ES_GCFV
8.387	9.592	DE_EDDR	ES_GCLP
8.117	9.558	DE_EDDR	ES_GCTS
69.065	85.636	DE_EDDR	ES_LEPA
13.368	35.384	DE_EDDR	LU_ELLX
10.235	12.038	DE_EDDR	TN_DTMB
51.821	83.675	DE_EDDS	AT_LOWW
86.313	173.133	DE_EDDS	BE_EBBR
78.588	154.173	DE_EDDS	CH_LSZH
50.212	92.954	DE_EDDS	DE_EDDC
216.719	319.127	DE_EDDS	DE_EDDF
185.239	257.064	DE_EDDS	DE_EDDH
138.773	226.179	DE_EDDS	DE_EDDL
65.952	105.045	DE_EDDS	DE_EDDM
374.728	544.445	DE_EDDS	DE_EDDT
56.641	84.435	DE_EDDS	DE_EDDW
71.74	119.748	DE_EDDS	DE_EDVV
56.591	104.164	DE_EDDS	DK_EKCH
68.539	79.869	DE_EDDS	EL_LGIR
87.053	140.148	DE_EDDS	EL_LGTS
55.861	64.007	DE_EDDS	ES_GCFV
64.123	73.536	DE_EDDS	ES_GCLP
39.26	46.697	DE_EDDS	ES_GCRR
59.462	68.097	DE_EDDS	ES_GCTS
50.671	74.887	DE_EDDS	ES_LEBL
223.588	266.524	DE_EDDS	ES_LEPA
158.824	339.743	DE_EDDS	FR_LFPG
59.19	113.716	DE_EDDS	IT_LIMC
91.863	171.431	DE_EDDS	NL_EHAM
62.457	74.595	DE_EDDS	TN_DTMB
38.312	54.755	DE_EDDS	TR_LTAC
104.333	126.845	DE_EDDS	TR_LTAI
131.069	192.329	DE_EDDS	TR_LTBA
182.057	311.656	DE_EDDS	UK_EGLL
52.434	63.469	DE_EDDS	US_KATL
41.451	57.181	DE_EDDS	US_KJFK
77.033	117.619	DE_EDDT	AT_LOWW
145.521	244.573	DE_EDDT	CH_LSZH
792.617	1110.245	DE_EDDT	DE_EDDF
60.785	93.707	DE_EDDT	DE_EDDH
486.884	716.894	DE_EDDT	DE_EDDK
402.014	670.422	DE_EDDT	DE_EDDL
644.276	896.665	DE_EDDT	DE_EDDM
56.538	86.784	DE_EDDT	DE_EDDN
373.839	540.071	DE_EDDT	DE_EDDS
52.18	80.194	DE_EDDT	DK_EKCH
39.554	49.593	DE_EDDT	EL_LGIR
147.927	178.117	DE_EDDT	ES_LEPA
184.515	251.297	DE_EDDT	FR_LFPG
40.936	67.32	DE_EDDT	HU_LHBP
62.335	100.746	DE_EDDT	IT_LIMC
110.83	144.872	DE_EDDT	NL_EHAM
48.806	59.791	DE_EDDT	TR_LTAI
80.418	111.321	DE_EDDT	TR_LTBA
228.877	327.736	DE_EDDT	UK_EGLL
14.373	36.606	DE_EDDW	CH_LSZH
215.316	278.135	DE_EDDW	DE_EDDF
114.598	163.896	DE_EDDW	DE_EDDM
57.846	86.251	DE_EDDW	DE_EDDS
30.124	54.386	DE_EDDW	DE_EDDT
16.723	19.276	DE_EDDW	EL_LGIR
18.115	21.315	DE_EDDW	ES_GCFV
32.327	37.435	DE_EDDW	ES_GCLP
14.06	17.538	DE_EDDW	ES_GCRR
16.757	19.854	DE_EDDW	ES_GCTS
14.938	16.97	DE_EDDW	ES_LEMG
119.546	141.777	DE_EDDW	ES_LEPA
14.702	28.378	DE_EDDW	FR_LFPG
61.331	89.889	DE_EDDW	NL_EHAM
10.831	13.248	DE_EDDW	TN_DTMB
17.852	22.463	DE_EDDW	TR_LTAI
45.172	74.632	DE_EDDW	UK_EGKK
69.106	117.144	DE_EDVV	BE_EBBR
54.302	103.451	DE_EDVV	CH_LSZH
247.492	345.101	DE_EDVV	DE_EDDF
195.972	308.895	DE_EDVV	DE_EDDM
70.634	115.79	DE_EDVV	DE_EDDS
45.528	68.383	DE_EDVV	DK_EKCH
52.838	62.034	DE_EDVV	EL_LGIR
62.98	73.187	DE_EDVV	ES_GCFV
73.39	86.208	DE_EDVV	ES_GCLP
47.079	58.349	DE_EDVV	ES_GCRR
58.627	71.486	DE_EDVV	ES_GCTS
261.309	308.268	DE_EDVV	ES_LEPA
84.669	179.42	DE_EDVV	FR_LFPG
69.219	110.559	DE_EDVV	NL_EHAM
40.126	48.224	DE_EDVV	PT_LPFR
54.058	63.205	DE_EDVV	TN_DTMB
91.692	111.948	DE_EDVV	TR_LTAI
75.109	109.974	DE_EDVV	TR_LTBA
120.517	203.95	DE_EDVV	UK_EGLL
28.796	:	DK_EKBI	DE_EDDF
15.268	:	DK_EKBI	EL_LGIR
29.363	:	DK_EKBI	EL_LGRP
25.305	:	DK_EKBI	EL_LGSA
60.828	:	DK_EKBI	ES_GCLP
15.614	:	DK_EKBI	ES_GCRR
37.165	:	DK_EKBI	ES_GCTS
26.087	:	DK_EKBI	ES_LEMG
49.074	:	DK_EKBI	ES_LEPA
8.147	:	DK_EKBI	FR_LF90
64.53	:	DK_EKBI	NL_EHAM
28.705	:	DK_EKBI	NO_ENGM
16.69	:	DK_EKBI	PT_LPFR
19.262	:	DK_EKBI	SE_ESSA
11.182	:	DK_EKBI	UK_EGCC
67.031	:	DK_EKBI	UK_EGKK
99.659	:	DK_EKCH	AT_LOWW
70.021	:	DK_EKCH	CH_LSGG
158.852	:	DK_EKCH	CH_LSZH
228.19	:	DK_EKCH	DE_EDDF
71.441	:	DK_EKCH	DE_EDDH
96.323	:	DK_EKCH	DE_EDDL
112.729	:	DK_EKCH	DE_EDDM
56.956	:	DK_EKCH	DE_EDDS
53.165	:	DK_EKCH	DE_EDDT
45.737	:	DK_EKCH	DE_EDVV
44.251	:	DK_EKCH	EL_LGAT
44.078	:	DK_EKCH	EL_LGSA
62.583	:	DK_EKCH	ES_GCLP
55.165	:	DK_EKCH	ES_LEBL
101.964	:	DK_EKCH	ES_LEMD
83.651	:	DK_EKCH	ES_LEMG
55.116	:	DK_EKCH	ES_LEPA
142.632	:	DK_EKCH	FI_EFHK
63.987	:	DK_EKCH	FR_LFMN
92.092	:	DK_EKCH	IE_EIDW
88.901	:	DK_EKCH	IT_LIMC
35.794	:	DK_EKCH	IT_LIML
62.218	:	DK_EKCH	IT_LIRF
228.531	:	DK_EKCH	NL_EHAM
112.958	:	DK_EKCH	NO_ENBR
41.763	:	DK_EKCH	NO_ENCN
523.396	:	DK_EKCH	NO_ENGM
37.508	:	DK_EKCH	NO_ENVA
97.797	:	DK_EKCH	NO_ENZV
47.652	:	DK_EKCH	PT_LPPT
199.565	:	DK_EKCH	SE_ESGG
38.735	:	DK_EKCH	SE_ESGJ
596.432	:	DK_EKCH	SE_ESSA
62.581	:	DK_EKCH	SE_ESSP
38.889	:	DK_EKCH	UK_EGBB
81.91	:	DK_EKCH	UK_EGCC
63.79	:	DK_EKCH	UK_EGKK
440.033	:	DK_EKCH	UK_EGLL
149.851	:	DK_EKCH	UK_EGSS
259.943	:	DK_EKRK	FR_LF90
11.208	:	DK_EKRK	FR_LFLL
25.081	33.819	PT_LPAZ	PT_LPPD
49.163	58.579	PT_LPFR	BE_EBBR
21.376	24.652	PT_LPFR	CH_LSZH
90.236	106.846	PT_LPFR	DE_EDDF
50.682	60.631	PT_LPFR	DE_EDDH
102.265	122.299	PT_LPFR	DE_EDDL
49.906	60.145	PT_LPFR	DE_EDDM
34.542	40.092	PT_LPFR	DE_EDDS
42.497	50.288	PT_LPFR	DE_EDVV
1.792	2.026	PT_LPFR	ES_GCRR
25.224	26.622	PT_LPFR	FI_EFHK
78.53	86.602	PT_LPFR	IE_EIDW
183.83	208.57	PT_LPFR	NL_EHAM
137.401	248.152	PT_LPFR	PT_LPPT
23.648	24.949	PT_LPFR	SE_ESSA
74.668	81.165	PT_LPFR	UK_EGBB
227.885	244.805	PT_LPFR	UK_EGCC
28.517	30.812	PT_LPFR	UK_EGGD
33.683	37.484	PT_LPFR	UK_EGGW
302.576	338.131	PT_LPFR	UK_EGKK
79.676	99.056	PT_LPFR	UK_EGLL
31.475	33.689	PT_LPFR	UK_EGNT
45.412	50.982	PT_LPFR	UK_EGNX
54.068	58.41	PT_LPFR	UK_EGPF
73.073	87.209	PT_LPFR	UK_EGSS
7.684	12.372	PT_LPHR	PT_LPFL
24.146	36.363	PT_LPHR	PT_LPLA
19.8	27.779	PT_LPHR	PT_LPPD
30.381	40.339	PT_LPHR	PT_LPPT
17.114	20.81	PT_LPPD	CA_CYYZ
24.597	32.909	PT_LPPD	PT_LPAZ
18.79	26.44	PT_LPPD	PT_LPHR
57.901	79.105	PT_LPPD	PT_LPLA
11.331	14.917	PT_LPPD	PT_LPPR
137.35	186.481	PT_LPPD	PT_LPPT
19.778	24.941	PT_LPPD	US_KBOS
34.995	50.136	PT_LPPR	BE_EBBR
37.877	59.089	PT_LPPR	CH_LSGG
50.908	68.967	PT_LPPR	CH_LSZH
74.594	115.969	PT_LPPR	DE_EDDF
25.745	60.256	PT_LPPR	ES_LEBL
65.309	136.226	PT_LPPR	ES_LEMD
27.202	33.634	PT_LPPR	ES_LEPA
107.426	157.079	PT_LPPR	FR_LFPG
153.412	226.971	PT_LPPR	FR_LFPO
28.732	56.488	PT_LPPR	IT_LIMC
85.882	109.175	PT_LPPR	NL_EHAM
63.718	92.596	PT_LPPR	PT_LPFU
467.361	863.925	PT_LPPR	PT_LPPT
41.114	72.664	PT_LPPR	UK_EGKK
58.774	95.92	PT_LPPR	UK_EGLL
49.007	69.275	PT_LPPT	AO_FNLU
159.677	278.176	PT_LPPT	BE_EBBR
60.213	96.331	PT_LPPT	BR_SBGR
37.844	59.645	PT_LPPT	BR_SBRF
60.335	92.576	PT_LPPT	CH_LSGG
137.851	201.672	PT_LPPT	CH_LSZH
49.415	72.701	PT_LPPT	CV_GVSC
178.891	236.849	PT_LPPT	DE_EDDF
83.798	132.892	PT_LPPT	DE_EDDM
49.047	71.116	PT_LPPT	DK_EKCH
148.719	331.187	PT_LPPT	ES_LEBL
295.332	634.291	PT_LPPT	ES_LEMD
215.629	309.836	PT_LPPT	FR_LFPG
199.123	293.491	PT_LPPT	FR_LFPO
67.864	95.799	PT_LPPT	IT_LIMC
79.323	124.13	PT_LPPT	IT_LIRF
88.925	106.479	PT_LPPT	NL_EHAM
133.251	239.224	PT_LPPT	PT_LPFR
376.392	549.938	PT_LPPT	PT_LPFU
72.147	112.537	PT_LPPT	PT_LPLA
136.935	187.649	PT_LPPT	PT_LPPD
482.974	870.524	PT_LPPT	PT_LPPR
53.99	92.742	PT_LPPT	UK_EGKK
314.12	427.048	PT_LPPT	UK_EGLL
56.232	87.073	PT_LPPT	UK_EGSS
98.025	132.071	PT_LPPT	US_KEWR
93.864	125.239	PT_LPPT	US_KJFK
170.644	267.652	SE_ESDB	SE_ESSA
8.465	21.15	SE_ESDB	SE_ESSB
11.364	36.92	SE_ESDF	DK_EKCH
103.008	165.442	SE_ESDF	SE_ESSA
22.272	36.649	SE_ESGG	AT_LOWW
93.871	193.71	SE_ESGG	BE_EBBR
24.038	49.409	SE_ESGG	CH_LSZH
24.913	27.638	SE_ESGG	CY_LCLK
77.594	144.593	SE_ESGG	DE_EDDF
25.903	43.762	SE_ESGG	DE_EDDM
199.691	347.267	SE_ESGG	DK_EKCH
19.988	22.175	SE_ESGG	EL_LGIR
10.837	12.155	SE_ESGG	EL_LGKO
11.636	11.868	SE_ESGG	EL_LGKR
16.891	18.557	SE_ESGG	EL_LGRP
21.254	21.953	SE_ESGG	EL_LGSA
10.934	11.612	SE_ESGG	EL_LGSR
11.719	14.226	SE_ESGG	ES_GCFV
53.321	59.194	SE_ESGG	ES_GCLP
10.481	14.424	SE_ESGG	ES_GCRR
25.059	30.298	SE_ESGG	ES_GCTS
11.067	12.414	SE_ESGG	ES_LEAL
14.336	15.086	SE_ESGG	ES_LEMG
41.523	46.85	SE_ESGG	ES_LEPA
47.665	89.75	SE_ESGG	FI_EFHK
55.039	89.727	SE_ESGG	FR_LFPG
112.352	169.501	SE_ESGG	NL_EHAM
70.187	164.201	SE_ESGG	NO_ENGM
13.566	16.17	SE_ESGG	SE_ESPA
419.962	646.151	SE_ESGG	SE_ESSA
176.649	260.639	SE_ESGG	SE_ESSB
14.788	16.996	SE_ESGG	TR_LTAI
84.04	131.398	SE_ESGG	UK_EGKK
83.331	122.381	SE_ESGG	UK_EGLL
38.132	64.083	SE_ESGJ	DK_EKCH
9.321	9.718	SE_ESGJ	ES_LEPA
55.24	116.982	SE_ESGJ	SE_ESSA
5.248	9.858	SE_ESGJ	SE_ESSB
20.016	44.608	SE_ESMQ	DK_EKCH
94.018	150.682	SE_ESMQ	SE_ESSA
25.024	26.187	SE_ESMS	CY_LCLK
13.239	13.686	SE_ESMS	EL_LGIR
11.241	12.955	SE_ESMS	EL_LGRP
16.471	16.952	SE_ESMS	EL_LGSA
11.805	12.197	SE_ESMS	ES_GCFV
36.876	38.536	SE_ESMS	ES_GCLP
13.601	15.481	SE_ESMS	ES_GCRR
17.89	18.731	SE_ESMS	ES_GCTS
14.29	14.765	SE_ESMS	ES_LEMG
35.075	38.278	SE_ESMS	ES_LEPA
54.884	84.849	SE_ESMS	NL_EHAM
14.731	22.661	SE_ESMS	SE_ESGG
358.434	539.704	SE_ESMS	SE_ESSA
202.191	293.361	SE_ESMS	SE_ESSB
14.442	16.188	SE_ESMS	TR_LTAI
23.815	52.802	SE_ESMS	UK_EGLC
76.241	154.216	SE_ESMT	SE_ESSA
6.306	12.524	SE_ESMT	SE_ESSB
9.115	17.143	SE_ESNN	SE_ESGG
11.643	23.681	SE_ESNN	SE_ESPA
201.285	343.029	SE_ESNN	SE_ESSA
75.524	126.495	SE_ESNO	SE_ESSA
17.064	41.663	SE_ESNQ	SE_ESPA
58.696	82.073	SE_ESNQ	SE_ESSA
117.975	183.715	SE_ESNS	SE_ESSA
331.941	542.976	SE_ESNU	SE_ESSA
30.151	49.338	SE_ESOK	DK_EKCH
9.59	9.757	SE_ESOK	ES_LEPA
90.397	167.796	SE_ESOK	SE_ESSA
12.126	23.483	SE_ESPA	SE_ESNN
7.162	13.719	SE_ESPA	SE_ESNQ
395.128	602.116	SE_ESPA	SE_ESSA
31.287	55.027	SE_ESPA	SE_ESSB
186.298	261.863	SE_ESPC	SE_ESSA
82.2	129.016	SE_ESSA	AT_LOWW
151.243	297.255	SE_ESSA	BE_EBBR
129.951	230.008	SE_ESSA	CH_LSZH
57.253	61.746	SE_ESSA	CY_LCLK
185.038	280.808	SE_ESSA	DE_EDDF
85.86	130.652	SE_ESSA	DE_EDDM
546.643	857.711	SE_ESSA	DK_EKCH
51.398	103.932	SE_ESSA	EE_EETN
46.08	48.828	SE_ESSA	EL_LGIR
47.03	51.55	SE_ESSA	EL_LGSA
100.005	105.562	SE_ESSA	ES_GCLP
57.63	61.718	SE_ESSA	ES_GCTS
48.829	81.048	SE_ESSA	ES_LEMD
57.982	62.92	SE_ESSA	ES_LEMG
78.776	83.196	SE_ESSA	ES_LEPA
488.015	888.412	SE_ESSA	FI_EFHK
42.704	83.818	SE_ESSA	FI_EFTP
70.042	143.78	SE_ESSA	FI_EFTU
49.44	108.542	SE_ESSA	FI_EFVA
194.812	295.878	SE_ESSA	FR_LFPG
54.47	73.265	SE_ESSA	IS_BIKF
49.998	95.096	SE_ESSA	IT_LIMC
50.605	84.234	SE_ESSA	IT_LIML
220.598	352.452	SE_ESSA	NL_EHAM
476.76	890.79	SE_ESSA	NO_ENGM
42.046	107.939	SE_ESSA	RU_UUEE
171.562	267.55	SE_ESSA	SE_ESDB
103.803	166.946	SE_ESSA	SE_ESDF
425.634	647.089	SE_ESSA	SE_ESGG
54.593	115.133	SE_ESSA	SE_ESGJ
67.659	115.327	SE_ESSA	SE_ESMK
93.105	150.106	SE_ESSA	SE_ESMQ
356.119	527.131	SE_ESSA	SE_ESMS
77.277	156.501	SE_ESSA	SE_ESMT
85.097	156.902	SE_ESSA	SE_ESMX
201.97	343.046	SE_ESSA	SE_ESNN
75.229	126.339	SE_ESSA	SE_ESNO
71.335	113.326	SE_ESSA	SE_ESNQ
118.694	184.29	SE_ESSA	SE_ESNS
329.259	541.77	SE_ESSA	SE_ESNU
89.557	164.999	SE_ESSA	SE_ESOK
390.532	585.436	SE_ESSA	SE_ESPA
186.553	260.029	SE_ESSA	SE_ESPC
39.426	75.47	SE_ESSA	SE_ESSD
89.082	140.967	SE_ESSA	SE_ESSV
53.845	66.446	SE_ESSA	TH_VTBD
46.81	62.503	SE_ESSA	TH_VTSP
52.255	106.017	SE_ESSA	UK_EGCC
91.232	157.259	SE_ESSA	UK_EGKK
419.56	584.853	SE_ESSA	UK_EGLL
66.336	99.272	SE_ESSA	UK_EGSS
51.101	74.995	SE_ESSA	US_KEWR
46.739	67.633	SE_ESSA	US_KJFK
105.188	162.068	SE_ESSA	US_KORD
8.579	21.514	SE_ESSB	SE_ESDB
186.054	276.367	SE_ESSB	SE_ESGG
16.496	34.152	SE_ESSB	SE_ESGT
198.762	295.435	SE_ESSB	SE_ESMS
22.43	46.837	SE_ESSB	SE_ESPA
52.035	94.734	SE_ESSB	SE_ESSV
63.022	104.434	SE_ESSP	DK_EKCH
14.265	14.617	SE_ESSP	ES_LEPA
7.327	18.476	SE_ESSP	SE_ESSA
9.196	19.332	SE_ESSP	SE_ESSV
90.569	142.226	SE_ESSV	SE_ESSA
54.26	94.522	SE_ESSV	SE_ESSB
10.174	19.018	SE_ESSV	SE_ESSP
40.58	:	LU_ELLX	BE_EBBR
14.919	:	LU_ELLX	CH_LSGG
40.575	:	LU_ELLX	CH_LSZH
81.794	:	LU_ELLX	DE_EDDF
13.597	:	LU_ELLX	DE_EDDR
24.908	:	LU_ELLX	DK_EKCH
15.001	:	LU_ELLX	ES_GCLP
12.887	:	LU_ELLX	ES_GCTS
15.842	:	LU_ELLX	ES_LEMG
54.072	:	LU_ELLX	ES_LEPA
12.43	:	LU_ELLX	FR_LFMN
53.189	:	LU_ELLX	FR_LFPG
16.757	:	LU_ELLX	IT_LIME
13.795	:	LU_ELLX	IT_LIRF
41.702	:	LU_ELLX	NL_EHAM
25.116	:	LU_ELLX	PT_LPPR
14.333	:	LU_ELLX	PT_LPPT
18.526	:	LU_ELLX	TN_DTMB
30.404	:	LU_ELLX	UK_EGKK
13.714	:	LU_ELLX	UK_EGLC
51.582	:	LU_ELLX	UK_EGLL
12.441	:	LU_ELLX	UK_EGSS
15.641	:	LU_ELLX	US_KEWR
81.614	:	NO_ENAL	NO_ENBR
216.001	:	NO_ENAL	NO_ENGM
46.042	:	NO_ENAL	NO_ENVA
6.826	:	NO_ENAT	NO_ENGM
100.997	:	NO_ENAT	NO_ENTC
3.39	:	NO_ENAT	NO_ENVD
32.775	:	NO_ENBO	NO_ENDU
12.71	:	NO_ENBO	NO_ENEV
258.542	:	NO_ENBO	NO_ENGM
23.904	:	NO_ENBO	NO_ENLK
11.766	:	NO_ENBO	NO_ENNK
18.092	:	NO_ENBO	NO_ENRA
12.862	:	NO_ENBO	NO_ENSH
24.169	:	NO_ENBO	NO_ENSK
61.161	:	NO_ENBO	NO_ENTC
83.452	:	NO_ENBO	NO_ENVA
113.904	:	NO_ENBR	DK_EKCH
13.535	:	NO_ENBR	ES_GCLP
66.746	:	NO_ENBR	NL_EHAM
77.846	:	NO_ENBR	NO_ENAL
61.852	:	NO_ENBR	NO_ENCN
15.812	:	NO_ENBR	NO_ENFL
695.162	:	NO_ENBR	NO_ENGM
35.6	:	NO_ENBR	NO_ENHD
24.837	:	NO_ENBR	NO_ENKB
33.771	:	NO_ENBR	NO_ENML
35.873	:	NO_ENBR	NO_ENTO
120.079	:	NO_ENBR	NO_ENVA
297.709	:	NO_ENBR	NO_ENZV
19.02	:	NO_ENBR	SE_ESSA
23.521	:	NO_ENBR	UK_EGSS
43.631	:	NO_ENCN	DK_EKCH
15.587	:	NO_ENCN	NL_EHAM
60.543	:	NO_ENCN	NO_ENBR
262.986	:	NO_ENCN	NO_ENGM
53.524	:	NO_ENCN	NO_ENZV
46.633	:	NO_ENDU	NO_ENBO
18.831	:	NO_ENDU	NO_ENEV
20.242	:	NO_ENDU	NO_ENGM
17.55	:	NO_ENEV	NO_ENBO
5.286	:	NO_ENEV	NO_ENDU
164.414	:	NO_ENEV	NO_ENGM
17.947	:	NO_ENEV	NO_ENTC
17.828	:	NO_ENEV	NO_ENVA
83.18	:	NO_ENGM	BE_EBBR
60.627	:	NO_ENGM	CH_LSZH
125.981	:	NO_ENGM	DE_EDDF
50.261	:	NO_ENGM	DE_EDDM
514.177	:	NO_ENGM	DK_EKCH
60.872	:	NO_ENGM	ES_GCLP
39.654	:	NO_ENGM	ES_GCTS
40.84	:	NO_ENGM	ES_LEPA
137.256	:	NO_ENGM	FR_LFPG
165.924	:	NO_ENGM	NL_EHAM
205.076	:	NO_ENGM	NO_ENAL
270.077	:	NO_ENGM	NO_ENBO
651.519	:	NO_ENGM	NO_ENBR
250.116	:	NO_ENGM	NO_ENCN
152.602	:	NO_ENGM	NO_ENEV
147.95	:	NO_ENGM	NO_ENHD
82.24	:	NO_ENGM	NO_ENKB
95.752	:	NO_ENGM	NO_ENML
375.602	:	NO_ENGM	NO_ENTC
624.383	:	NO_ENGM	NO_ENVA
538.486	:	NO_ENGM	NO_ENZV
61.945	:	NO_ENGM	SE_ESGG
473.242	:	NO_ENGM	SE_ESSA
177.1	:	NO_ENGM	UK_EGLL
63.382	:	NO_ENGM	UK_EGSS
52.554	:	NO_ENGM	US_KEWR
14.513	:	NO_ENHD	DK_EKCH
40.173	:	NO_ENHD	NO_ENBR
154.95	:	NO_ENHD	NO_ENGM
24.35	:	NO_ENKB	NO_ENBR
68.726	:	NO_ENKB	NO_ENGM
19.582	:	NO_ENKB	NO_ENML
13.459	:	NO_ENKB	NO_ENVA
0.549	:	NO_ENKR	NO_ENAT
8.336	:	NO_ENKR	NO_ENNA
68.815	:	NO_ENKR	NO_ENTC
8.694	:	NO_ENKR	NO_ENVD
31.456	:	NO_ENML	NO_ENBR
82.914	:	NO_ENML	NO_ENGM
33.509	:	NO_ENML	NO_ENKB
65.86	:	NO_ENTC	NO_ENAT
96.732	:	NO_ENTC	NO_ENBO
35.994	:	NO_ENTC	NO_ENEV
294.763	:	NO_ENTC	NO_ENGM
20.593	:	NO_ENTC	NO_ENHF
23.01	:	NO_ENTC	NO_ENKR
37.536	:	NO_ENTC	NO_ENNA
17.224	:	NO_ENTC	NO_ENSB
23.145	:	NO_ENTC	NO_ENVA
21.948	:	NO_ENTO	DK_EKCH
40.036	:	NO_ENTO	NO_ENBR
24.064	:	NO_ENTO	NO_ENVA
31.018	:	NO_ENTO	NO_ENZV
41.059	:	NO_ENVA	DK_EKCH
16.11	:	NO_ENVA	ES_GCLP
72.423	:	NO_ENVA	NO_ENAL
14.326	:	NO_ENVA	NO_ENBN
147.711	:	NO_ENVA	NO_ENBO
174.283	:	NO_ENVA	NO_ENBR
23.295	:	NO_ENVA	NO_ENEV
665.499	:	NO_ENVA	NO_ENGM
25.849	:	NO_ENVA	NO_ENKB
29.084	:	NO_ENVA	NO_ENTC
23.956	:	NO_ENVA	NO_ENTO
94.914	:	NO_ENZV	DK_EKCH
13.441	:	NO_ENZV	ES_GCLP
11.206	:	NO_ENZV	ES_LEPA
78.973	:	NO_ENZV	NL_EHAM
369.425	:	NO_ENZV	NO_ENBR
48.086	:	NO_ENZV	NO_ENCN
557.828	:	NO_ENZV	NO_ENGM
30.554	:	NO_ENZV	NO_ENTO
55.764	:	NO_ENZV	UK_EGLL
23.825	:	NO_ENZV	UK_EGNT
61.44	:	NO_ENZV	UK_EGPD
