passengers	seats	code_dep	code_arr
43.952	72.405	AT_LOWG	AT_LOWW
23.41	41.37	AT_LOWG	CH_LSZH
59.988	117.689	AT_LOWG	DE_EDDF
8.211	12.019	AT_LOWG	EL_LGTS
9.318	15.776	AT_LOWG	ES_GCLP
7.649	14.427	AT_LOWG	ES_GCTS
7.604	12.989	AT_LOWG	ES_LEPA
11.821	16.544	AT_LOWG	TR_LTAI
11.611	50.286	AT_LOWI	AT_LOWS
54.221	98.288	AT_LOWI	AT_LOWW
22.121	46.662	AT_LOWI	CH_LSZH
28.421	52.418	AT_LOWI	DE_EDDF
13.43	17.011	AT_LOWI	TR_LTAI
10.211	12.354	AT_LOWI	UK_EGCC
21.783	24.778	AT_LOWI	UK_EGKK
45.379	87.166	AT_LOWK	AT_LOWW
13.141	26.748	AT_LOWK	CH_LSZH
15.704	35.24	AT_LOWK	DE_EDDF
18.779	49.426	AT_LOWL	AT_LOWW
23.539	57.012	AT_LOWL	CH_LSZH
63.306	131.566	AT_LOWL	DE_EDDF
12.089	38.365	AT_LOWL	DE_EDDL
10.995	14.751	AT_LOWL	EL_LGIR
15.149	22.754	AT_LOWL	ES_GCLP
10.855	20.009	AT_LOWL	ES_GCTS
9.496	15.646	AT_LOWL	ES_LEPA
11.842	16.514	AT_LOWL	TN_DTMB
8.651	10.708	AT_LOWL	TR_LTAG
24.911	32.008	AT_LOWL	TR_LTAI
22.668	62.435	AT_LOWS	AT_LOWW
36.371	87.323	AT_LOWS	CH_LSZH
57.82	106.496	AT_LOWS	DE_EDDF
16.175	32.53	AT_LOWS	DE_EDDL
14.734	21.965	AT_LOWS	ES_GCLP
14.14	21.248	AT_LOWS	ES_GCTS
15.399	22.431	AT_LOWS	ES_LEPA
10.709	18.276	AT_LOWS	FR_LFPO
19.365	52.124	AT_LOWS	NL_EHAM
31.553	45.079	AT_LOWS	TR_LTAI
12.386	14.34	AT_LOWS	UK_EGBB
22.817	28.555	AT_LOWS	UK_EGCC
61.306	80.496	AT_LOWS	UK_EGKK
40.901	73.006	AT_LOWW	AT_LOWG
55.323	102.643	AT_LOWW	AT_LOWI
45.294	87.54	AT_LOWW	AT_LOWK
132.721	314.912	AT_LOWW	BE_EBBS
52.259	106.369	AT_LOWW	CH_LSGG
202.277	368.843	AT_LOWW	CH_LSZH
54.408	99.604	AT_LOWW	CZ_LKPR
268.958	508.007	AT_LOWW	DE_EDDF
40.431	76.302	AT_LOWW	DE_EDDH
84.255	221.988	AT_LOWW	DE_EDDL
122.042	274.927	AT_LOWW	DE_EDDM
44.751	96.995	AT_LOWW	DE_EDDS
59.919	142.764	AT_LOWW	DE_EDDT
96.087	185.913	AT_LOWW	DK_EKCH
72.355	142.941	AT_LOWW	EL_LGAT
41.671	68.047	AT_LOWW	EL_LGTS
48.351	82.04	AT_LOWW	ES_LEBL
46.405	79.284	AT_LOWW	ES_LEMD
42.623	54.762	AT_LOWW	ES_LEPA
185.692	383.908	AT_LOWW	FR_LFPG
38.756	115.927	AT_LOWW	HU_LHBP
51.138	79.613	AT_LOWW	IL_LLBG
71.114	160.291	AT_LOWW	IT_LIML
72.999	151.157	AT_LOWW	IT_LIRF
159.379	273.105	AT_LOWW	NL_EHAM
60.908	102.33	AT_LOWW	PL_EPWA
71.089	126.228	AT_LOWW	RU_UUEE
68.416	146.928	AT_LOWW	SE_ESSA
52.897	90.878	AT_LOWW	TH_VTBD
80.642	97.642	AT_LOWW	TR_LTAI
100.181	150.247	AT_LOWW	TR_LTBA
285.223	382.726	AT_LOWW	UK_EGGG
100.726	143.353	AT_LOWW	UK_EGKK
75.869	101.007	AT_LOWW	US_KJFK
20.545	:	UK_EGAA	CA_CYYZ
20.358	:	UK_EGAA	ES_GCLP
17.89	:	UK_EGAA	ES_GCRR
32.071	:	UK_EGAA	ES_GCTS
17.051	:	UK_EGAA	ES_LEMG
12.34	:	UK_EGAA	ES_LEMH
49.4	:	UK_EGAA	ES_LEPA
13.796	:	UK_EGAA	ES_LERS
32.585	:	UK_EGAA	IE_EINN
15.817	:	UK_EGAA	NL_EHAM
15.467	:	UK_EGAA	PT_LPFR
13.445	:	UK_EGAA	US_KSFB
61.939	:	UK_EGBB	BE_EBBR
29.133	:	UK_EGBB	CY_LCLK
22.328	:	UK_EGBB	CY_LCPH
90.444	:	UK_EGBB	DE_EDDF
94.781	:	UK_EGBB	DE_EDDL
45.293	:	UK_EGBB	DE_EDDM
22.062	:	UK_EGBB	DE_EDDS
25.283	:	UK_EGBB	DK_EKCH
28.139	:	UK_EGBB	EL_LGKR
48.521	:	UK_EGBB	ES_GCLP
43.585	:	UK_EGBB	ES_GCRR
97.724	:	UK_EGBB	ES_GCTS
58.375	:	UK_EGBB	ES_LEAL
25.708	:	UK_EGBB	ES_LEBL
41.667	:	UK_EGBB	ES_LEIB
77.26	:	UK_EGBB	ES_LEMG
42.306	:	UK_EGBB	ES_LEMH
133.073	:	UK_EGBB	ES_LEPA
190.91	:	UK_EGBB	FR_LFPG
268.736	:	UK_EGBB	IE_EIDW
29.786	:	UK_EGBB	IT_LIML
33.229	:	UK_EGBB	MT_LMML
134.265	:	UK_EGBB	NL_EHAM
53.631	:	UK_EGBB	PT_LPFR
24.581	:	UK_EGBB	TR_LTBJ
36.548	:	UK_EGBB	TR_LTBS
37.531	:	UK_EGBB	US_KJFK
47.03	:	UK_EGBB	US_KORD
124.171	:	UK_EGCC	BE_EBBR
69.318	:	UK_EGCC	CA_CYYZ
82.583	:	UK_EGCC	CH_LSZH
71.09	:	UK_EGCC	CY_LCLK
78.668	:	UK_EGCC	CY_LCPH
127.867	:	UK_EGCC	DE_EDDF
86.254	:	UK_EGCC	DE_EDDL
43.87	:	UK_EGCC	DE_EDDM
82.035	:	UK_EGCC	DK_EKCH
48.341	:	UK_EGCC	DO_MDPP
54.121	:	UK_EGCC	EL_LGIR
44.343	:	UK_EGCC	EL_LGKO
69.658	:	UK_EGCC	EL_LGKR
52.008	:	UK_EGCC	EL_LGRP
39.084	:	UK_EGCC	EL_LGZA
56.675	:	UK_EGCC	ES_GCFV
134.095	:	UK_EGCC	ES_GCLP
141.185	:	UK_EGCC	ES_GCRR
344.644	:	UK_EGCC	ES_GCTS
250.127	:	UK_EGCC	ES_LEAL
38.313	:	UK_EGCC	ES_LEBL
52.36	:	UK_EGCC	ES_LEGE
141.612	:	UK_EGCC	ES_LEIB
258.059	:	UK_EGCC	ES_LEMG
98.087	:	UK_EGCC	ES_LEMH
361.061	:	UK_EGCC	ES_LEPA
48.867	:	UK_EGCC	ES_LERS
230.305	:	UK_EGCC	FR_LFPG
302.219	:	UK_EGCC	IE_EIDW
37.823	:	UK_EGCC	IT_LIML
105.223	:	UK_EGCC	MT_LMML
236.62	:	UK_EGCC	NL_EHAM
74.873	:	UK_EGCC	PK_OPRN
171.344	:	UK_EGCC	PT_LPFR
56.663	:	UK_EGCC	TN_DTMB
79.13	:	UK_EGCC	TR_LTBJ
125.873	:	UK_EGCC	TR_LTBS
69.512	:	UK_EGCC	US_KATL
62.345	:	UK_EGCC	US_KEWR
57.408	:	UK_EGCC	US_KJFK
177.74	:	UK_EGCC	US_KMCO
62.714	:	UK_EGCC	US_KORD
73.543	:	UK_EGCC	US_KSFB
20.591	:	UK_EGFF	ES_GCLP
42.242	:	UK_EGFF	ES_GCTS
24.006	:	UK_EGFF	ES_LEAL
24.134	:	UK_EGFF	ES_LEIB
25.148	:	UK_EGFF	ES_LEMG
14.059	:	UK_EGFF	ES_LEMH
65.94	:	UK_EGFF	ES_LEPA
12.443	:	UK_EGFF	FR_LFPG
38.055	:	UK_EGFF	IE_EIDW
40.08	:	UK_EGFF	NL_EHAM
14.601	:	UK_EGFF	PT_LPFR
11.608	:	UK_EGFF	TR_LTBJ
15.404	:	UK_EGFF	TR_LTBS
20.815	:	UK_EGGD	BE_EBBR
12.962	:	UK_EGGD	CY_LCLK
13.246	:	UK_EGGD	CY_LCPH
10.845	:	UK_EGGD	EL_LGIR
13.528	:	UK_EGGD	EL_LGKR
24.282	:	UK_EGGD	ES_GCLP
29.6	:	UK_EGGD	ES_GCRR
41.577	:	UK_EGGD	ES_GCTS
24.26	:	UK_EGGD	ES_LEAL
23.181	:	UK_EGGD	ES_LEIB
26.059	:	UK_EGGD	ES_LEMG
17.973	:	UK_EGGD	ES_LEMH
54.15	:	UK_EGGD	ES_LEPA
23.732	:	UK_EGGD	FR_LFPG
49.301	:	UK_EGGD	IE_EIDW
8.897	:	UK_EGGD	MT_LMML
27.815	:	UK_EGGD	NL_EHAM
23.948	:	UK_EGGD	PT_LPFR
22.403	:	UK_EGGD	TR_LTBS
12.673	:	UK_EGGP	ES_LEAL
7.925	:	UK_EGGP	ES_LEPA
78.36	:	UK_EGGP	IE_EIDW
10.81	:	UK_EGGP	PT_LPFR
9.257	:	UK_EGGP	TR_LTBS
25.203	:	UK_EGGW	CH_LSZH
56.599	:	UK_EGGW	CY_LCLK
59.059	:	UK_EGGW	CY_LCPH
14.279	:	UK_EGGW	DE_EDLN
11.192	:	UK_EGGW	EL_LGKR
14.235	:	UK_EGGW	ES_GCFV
21.856	:	UK_EGGW	ES_GCLP
32.152	:	UK_EGGW	ES_GCRR
59.986	:	UK_EGGW	ES_GCTS
53.023	:	UK_EGGW	ES_LEAL
39.492	:	UK_EGGW	ES_LEBL
29.619	:	UK_EGGW	ES_LEIB
58.119	:	UK_EGGW	ES_LEMG
37.98	:	UK_EGGW	ES_LEMH
71.303	:	UK_EGGW	ES_LEPA
26.12	:	UK_EGGW	FR_LFMN
99.787	:	UK_EGGW	IE_EIDW
16.456	:	UK_EGGW	IT_LIRN
56.378	:	UK_EGGW	NL_EHAM
31.146	:	UK_EGGW	PT_LPFR
13.782	:	UK_EGGW	TR_LTBS
9.447	:	UK_EGHH	ES_LEAL
14.282	:	UK_EGHH	ES_LEPA
26.114	:	UK_EGHH	IE_EIDW
9.156	:	UK_EGHI	BE_EBBR
20.255	:	UK_EGHI	FR_LFPG
24.967	:	UK_EGHI	NL_EHAM
10.785	:	UK_EGJJ	FR_LFPG
11.179	:	UK_EGJJ	FR_LFRD
9.84	:	UK_EGJJ	IE_EIDW
78.219	:	UK_EGKK	AE_OMAA
36.885	:	UK_EGKK	AE_OMDB
107.105	:	UK_EGKK	AG_TAPA
62.979	:	UK_EGKK	AT_LOWS
100.002	:	UK_EGKK	AT_LOWW
114.463	:	UK_EGKK	BB_TBPB
60.845	:	UK_EGKK	BE_EBBR
64.58	:	UK_EGKK	BH_OBBI
50.562	:	UK_EGKK	CA_CYYZ
123.864	:	UK_EGKK	CH_LSGG
48.957	:	UK_EGKK	CH_LSZH
57.799	:	UK_EGKK	CY_LCLK
65.053	:	UK_EGKK	CY_LCPH
115.314	:	UK_EGKK	DE_EDDF
52.255	:	UK_EGKK	DE_EDDM
38.868	:	UK_EGKK	DE_EDDT
64.651	:	UK_EGKK	DK_EKBI
108.437	:	UK_EGKK	DK_EKCH
40.381	:	UK_EGKK	DO_MDPP
63.71	:	UK_EGKK	EG_HELX
197.215	:	UK_EGKK	EL_LGAT
77.634	:	UK_EGKK	EL_LGIR
78.766	:	UK_EGKK	EL_LGKR
72.451	:	UK_EGKK	EL_LGRP
27.429	:	UK_EGKK	EL_LGTS
44.518	:	UK_EGKK	EL_LGZA
69.748	:	UK_EGKK	ES_GCFV
133.612	:	UK_EGKK	ES_GCLP
155.058	:	UK_EGKK	ES_GCRR
312.289	:	UK_EGKK	ES_GCTS
211.732	:	UK_EGKK	ES_LEAL
42.177	:	UK_EGKK	ES_LEBL
40.848	:	UK_EGKK	ES_LEGE
140.663	:	UK_EGKK	ES_LEIB
166.442	:	UK_EGKK	ES_LEMD
414.939	:	UK_EGKK	ES_LEMG
113.413	:	UK_EGKK	ES_LEMH
306.819	:	UK_EGKK	ES_LEPA
66.502	:	UK_EGKK	FR_LFBD
103.034	:	UK_EGKK	FR_LFBO
97.515	:	UK_EGKK	FR_LFLL
77.002	:	UK_EGKK	FR_LFML
182.632	:	UK_EGKK	FR_LFPG
40.981	:	UK_EGKK	GI_LXGB
211.749	:	UK_EGKK	IE_EIDW
54.339	:	UK_EGKK	IE_EINN
139.556	:	UK_EGKK	IL_LLBG
39.136	:	UK_EGKK	IT_LIMC
45.215	:	UK_EGKK	IT_LIMJ
41.775	:	UK_EGKK	IT_LIML
41.576	:	UK_EGKK	IT_LIPE
89.529	:	UK_EGKK	IT_LIPN
110.157	:	UK_EGKK	IT_LIPZ
38.376	:	UK_EGKK	IT_LIRA
39.604	:	UK_EGKK	IT_LIRF
116.588	:	UK_EGKK	IT_LIRN
73.696	:	UK_EGKK	IT_LIRP
43.889	:	UK_EGKK	IT_LIRQ
83.059	:	UK_EGKK	JM_MKJS
94.365	:	UK_EGKK	KE_HKNA
133.842	:	UK_EGKK	MT_LMML
74.814	:	UK_EGKK	NG_DNMM
184.087	:	UK_EGKK	NL_EHAM
40.987	:	UK_EGKK	NL_EHRD
88.183	:	UK_EGKK	NO_ENFB
300.157	:	UK_EGKK	PT_LPFR
58.208	:	UK_EGKK	PT_LPFU
37.605	:	UK_EGKK	SC_FSIA
87.655	:	UK_EGKK	SE_ESSA
61.179	:	UK_EGKK	TN_DTMB
45.868	:	UK_EGKK	TR_LTAI
66.562	:	UK_EGKK	TR_LTBJ
149.654	:	UK_EGKK	TR_LTBS
219.769	:	UK_EGKK	US_KATL
119.095	:	UK_EGKK	US_KBOS
59.923	:	UK_EGKK	US_KBWI
66.583	:	UK_EGKK	US_KCLT
72.015	:	UK_EGKK	US_KCVG
190.397	:	UK_EGKK	US_KDFW
116.104	:	UK_EGKK	US_KDTW
109.383	:	UK_EGKK	US_KEWR
171.91	:	UK_EGKK	US_KIAH
67.439	:	UK_EGKK	US_KJFK
349.291	:	UK_EGKK	US_KMCO
200.827	:	UK_EGKK	US_KMIA
84.796	:	UK_EGKK	US_KMSP
64.334	:	UK_EGKK	US_KPIT
45.218	:	UK_EGKK	US_KRDU
83.919	:	UK_EGKK	US_KSFB
94.406	:	UK_EGKK	US_KSTL
64.757	:	UK_EGKK	ZW_FVHA
29.222	:	UK_EGLC	BE_EBAW
20.8	:	UK_EGLC	BE_EBBR
20.068	:	UK_EGLC	CH_LSGG
12.617	:	UK_EGLC	CH_LSZB
26.885	:	UK_EGLC	CH_LSZH
23.333	:	UK_EGLC	DE_EDDF
18.495	:	UK_EGLC	DE_EDLN
21.866	:	UK_EGLC	FR_LFPG
17.779	:	UK_EGLC	FR_LFPO
74.801	:	UK_EGLC	IE_EIDW
24.061	:	UK_EGLC	NL_EHAM
37.449	:	UK_EGLC	NL_EHRD
51.121	:	UK_EGLL	AE_OMAA
278.482	:	UK_EGLL	AE_OMDB
47.777	:	UK_EGLL	AR_SAEZ
286.208	:	UK_EGLL	AT_LOWW
488.891	:	UK_EGLL	BE_EBBR
141.775	:	UK_EGLL	BH_OBBI
51.275	:	UK_EGLL	BR_SBGL
63.353	:	UK_EGLL	BR_SBGR
178.196	:	UK_EGLL	CA_CYMX
201.641	:	UK_EGLL	CA_CYVR
116.599	:	UK_EGLL	CA_CYYC
427.413	:	UK_EGLL	CA_CYYZ
369.754	:	UK_EGLL	CH_LSGG
503.74	:	UK_EGLL	CH_LSZH
93.064	:	UK_EGLL	CH_LSZM
52.365	:	UK_EGLL	CN_ZBAA
168.766	:	UK_EGLL	CY_LCLK
183.42	:	UK_EGLL	CZ_LKPR
712.986	:	UK_EGLL	DE_EDDF
243.458	:	UK_EGLL	DE_EDDH
137.137	:	UK_EGLL	DE_EDDK
331.666	:	UK_EGLL	DE_EDDL
381.277	:	UK_EGLL	DE_EDDM
42.199	:	UK_EGLL	DE_EDDN
171.015	:	UK_EGLL	DE_EDDS
243.585	:	UK_EGLL	DE_EDDT
135.978	:	UK_EGLL	DE_EDVV
372.648	:	UK_EGLL	DK_EKCH
145.296	:	UK_EGLL	EG_HECA
285.684	:	UK_EGLL	EL_LGAT
36.269	:	UK_EGLL	ES_LEAL
80.718	:	UK_EGLL	ES_LEBB
261.698	:	UK_EGLL	ES_LEBL
360.486	:	UK_EGLL	ES_LEMD
52.379	:	UK_EGLL	ES_LEMG
44.746	:	UK_EGLL	ES_LEPA
39.516	:	UK_EGLL	ES_LEST
177.154	:	UK_EGLL	FI_EFHK
109.603	:	UK_EGLL	FR_LFLL
233.7	:	UK_EGLL	FR_LFMN
942.279	:	UK_EGLL	FR_LFPG
248.891	:	UK_EGLL	FR_LFPO
47.097	:	UK_EGLL	GI_LXGB
507.389	:	UK_EGLL	HK_VHHH
152.796	:	UK_EGLL	HU_LHBP
159.875	:	UK_EGLL	IE_EICK
859.447	:	UK_EGLL	IE_EIDW
159.014	:	UK_EGLL	IE_EINN
233.492	:	UK_EGLL	IL_LLBG
164.336	:	UK_EGLL	IN_VABB
369.767	:	UK_EGLL	IN_VIDP
49.25	:	UK_EGLL	IS_BIKF
71.399	:	UK_EGLL	IT_LIMF
455.289	:	UK_EGLL	IT_LIML
42.312	:	UK_EGLL	IT_LIPE
58.125	:	UK_EGLL	IT_LIPZ
533.351	:	UK_EGLL	IT_LIRF
54.635	:	UK_EGLL	IT_LIRP
40.45	:	UK_EGLL	JO_OJAI
474.067	:	UK_EGLL	JP_RJAA
162.459	:	UK_EGLL	JP_RJBB
53.106	:	UK_EGLL	KE_HKNA
93.343	:	UK_EGLL	KR_RKSS
106.01	:	UK_EGLL	KW_OKBK
63.37	:	UK_EGLL	LB_OLBA
68.127	:	UK_EGLL	LU_ELLX
80.339	:	UK_EGLL	MT_LMML
43.526	:	UK_EGLL	MX_MMMX
268.679	:	UK_EGLL	MY_WMKK
943.751	:	UK_EGLL	NL_EHAM
57.33	:	UK_EGLL	NL_EHRD
274.765	:	UK_EGLL	NO_ENFB
54.379	:	UK_EGLL	NO_ENZV
132.397	:	UK_EGLL	PL_EPWA
37.686	:	UK_EGLL	PT_LPFR
72.857	:	UK_EGLL	PT_LPPR
290.537	:	UK_EGLL	PT_LPPT
146.503	:	UK_EGLL	RU_UUEE
89.495	:	UK_EGLL	SA_OEJN
53.459	:	UK_EGLL	SA_OERK
119.95	:	UK_EGLL	SE_ESGG
364.544	:	UK_EGLL	SE_ESSA
486.577	:	UK_EGLL	SG_WSSS
371.599	:	UK_EGLL	TH_VTBD
199.845	:	UK_EGLL	TR_LTBA
300.565	:	UK_EGLL	US_KBOS
307.396	:	UK_EGLL	US_KEWR
392.32	:	UK_EGLL	US_KIAD
1264.111	:	UK_EGLL	US_KJFK
618.016	:	UK_EGLL	US_KLAX
206.648	:	UK_EGLL	US_KMIA
409.073	:	UK_EGLL	US_KORD
188.041	:	UK_EGLL	US_KPHL
107.318	:	UK_EGLL	US_KSEA
445.498	:	UK_EGLL	US_KSFO
33.869	:	UK_EGLL	VE_SVMI
96.856	:	UK_EGLL	ZA_FACT
325.08	:	UK_EGLL	ZA_FAJS
11.848	:	UK_EGNJ	ES_GCTS
10.109	:	UK_EGNJ	ES_LEAL
17.496	:	UK_EGNJ	ES_LEPA
38.671	:	UK_EGNJ	NL_EHAM
8.434	:	UK_EGNJ	TR_LTBS
16.714	:	UK_EGNM	BE_EBBR
14.359	:	UK_EGNM	ES_GCLP
21.213	:	UK_EGNM	ES_GCTS
25.497	:	UK_EGNM	ES_LEAL
16.486	:	UK_EGNM	ES_LEMG
38.424	:	UK_EGNM	ES_LEPA
15.547	:	UK_EGNM	FR_LFPG
62.96	:	UK_EGNM	IE_EIDW
35.218	:	UK_EGNM	NL_EHAM
27.691	:	UK_EGNT	BE_EBBR
17.999	:	UK_EGNT	CY_LCLK
12.393	:	UK_EGNT	DK_EKCH
14.055	:	UK_EGNT	EL_LGKR
11.73	:	UK_EGNT	EL_LGRP
25.88	:	UK_EGNT	ES_GCLP
25.68	:	UK_EGNT	ES_GCRR
56.836	:	UK_EGNT	ES_GCTS
42.575	:	UK_EGNT	ES_LEAL
10.046	:	UK_EGNT	ES_LEGE
28.785	:	UK_EGNT	ES_LEIB
45.661	:	UK_EGNT	ES_LEMG
22.51	:	UK_EGNT	ES_LEMH
82.39	:	UK_EGNT	ES_LEPA
11.733	:	UK_EGNT	FR_LFPG
31.218	:	UK_EGNT	IE_EIDW
13.05	:	UK_EGNT	MT_LMML
74.849	:	UK_EGNT	NL_EHAM
21.277	:	UK_EGNT	NO_ENFB
19.673	:	UK_EGNT	NO_ENZV
25.529	:	UK_EGNT	PT_LPFR
21.102	:	UK_EGNT	TR_LTBJ
30.341	:	UK_EGNT	TR_LTBS
14.413	:	UK_EGNT	US_KSFB
9.173	:	UK_EGNV	ES_GCTS
15.133	:	UK_EGNV	ES_LEAL
17.509	:	UK_EGNV	ES_LEPA
28.758	:	UK_EGNV	NL_EHAM
10.014	:	UK_EGNX	BE_EBBR
13.832	:	UK_EGNX	CY_LCLK
18.05	:	UK_EGNX	CY_LCPH
18.412	:	UK_EGNX	EL_LGIR
14.864	:	UK_EGNX	EL_LGZA
11.869	:	UK_EGNX	ES_GCFV
27.35	:	UK_EGNX	ES_GCLP
31.412	:	UK_EGNX	ES_GCRR
54.123	:	UK_EGNX	ES_GCTS
49.699	:	UK_EGNX	ES_LEAL
32.549	:	UK_EGNX	ES_LEIB
41.803	:	UK_EGNX	ES_LEMG
22.697	:	UK_EGNX	ES_LEMH
93.182	:	UK_EGNX	ES_LEPA
54.496	:	UK_EGNX	FR_LFPG
21.724	:	UK_EGNX	IE_EIDW
22.234	:	UK_EGNX	MT_LMML
45.206	:	UK_EGNX	NL_EHAM
31.389	:	UK_EGNX	PT_LPFR
12.934	:	UK_EGNX	TR_LTBJ
19.151	:	UK_EGNX	TR_LTBS
10.174	:	UK_EGPD	ES_GCTS
12.8	:	UK_EGPD	ES_LEPA
61.684	:	UK_EGPD	NL_EHAM
55.653	:	UK_EGPD	NO_ENZV
25.217	:	UK_EGPF	BE_EBBR
12.343	:	UK_EGPF	CA_CYYC
78.98	:	UK_EGPF	CA_CYYZ
14.102	:	UK_EGPF	CY_LCLK
13.971	:	UK_EGPF	CY_LCPH
14.823	:	UK_EGPF	DK_EKCH
10.76	:	UK_EGPF	EL_LGKR
13.039	:	UK_EGPF	ES_GCFV
50.898	:	UK_EGPF	ES_GCLP
42.081	:	UK_EGPF	ES_GCRR
83.172	:	UK_EGPF	ES_GCTS
58.66	:	UK_EGPF	ES_LEAL
22.578	:	UK_EGPF	ES_LEGE
26.072	:	UK_EGPF	ES_LEIB
52.698	:	UK_EGPF	ES_LEMG
23.786	:	UK_EGPF	ES_LEMH
114.821	:	UK_EGPF	ES_LEPA
22.41	:	UK_EGPF	ES_LERS
70.274	:	UK_EGPF	IE_EIDW
20.392	:	UK_EGPF	IS_BIKF
23.402	:	UK_EGPF	MT_LMML
79.003	:	UK_EGPF	NL_EHAM
43.235	:	UK_EGPF	PT_LPFR
14.112	:	UK_EGPF	TR_LTBJ
25.048	:	UK_EGPF	TR_LTBS
35.311	:	UK_EGPF	US_KJFK
24.701	:	UK_EGPF	US_KMCO
20.166	:	UK_EGPF	US_KORD
37.596	:	UK_EGPF	US_KSFB
27.68	:	UK_EGPH	BE_EBBR
25.706	:	UK_EGPH	DK_EKCH
18.399	:	UK_EGPH	ES_GCTS
15.233	:	UK_EGPH	ES_LEAL
22.228	:	UK_EGPH	ES_LEPA
32.173	:	UK_EGPH	FR_LFPG
66.02	:	UK_EGPH	IE_EIDW
78.788	:	UK_EGPH	NL_EHAM
89.294	:	UK_EGPK	IE_EIDW
10.017	:	UK_EGPK	US_KMCO
8.175	:	UK_EGSH	ES_LEPA
41.948	:	UK_EGSH	NL_EHAM
30.142	:	UK_EGSS	BE_EBBR
59.817	:	UK_EGSS	CH_LSZH
53.242	:	UK_EGSS	DE_EDDF
22.246	:	UK_EGSS	DE_EDDH
48.326	:	UK_EGSS	DE_EDDL
37.427	:	UK_EGSS	DE_EDDM
77.876	:	UK_EGSS	DK_EKCH
30.774	:	UK_EGSS	ES_GCTS
22.426	:	UK_EGSS	ES_LEMD
30.735	:	UK_EGSS	ES_LEMG
25.531	:	UK_EGSS	ES_LEMH
61.681	:	UK_EGSS	ES_LEPA
19.931	:	UK_EGSS	FI_EFHK
20.275	:	UK_EGSS	FR_LFMN
61.531	:	UK_EGSS	FR_LFPG
103.783	:	UK_EGSS	IE_EICK
424.546	:	UK_EGSS	IE_EIDW
58.402	:	UK_EGSS	IE_EIKN
32.446	:	UK_EGSS	IL_LLBG
47.017	:	UK_EGSS	IT_LIML
25.941	:	UK_EGSS	IT_LIRQ
117.596	:	UK_EGSS	NL_EHAM
25.789	:	UK_EGSS	PT_LPFR
38.48	:	UK_EGSS	SE_ESSA
23.886	:	UK_EGSS	TR_LTAI
11.251	:	UK_EGTE	ES_GCTS
13.413	:	UK_EGTE	ES_LEPA
6.273	:	UK_EGTE	IE_EIDW
33.554	:	CH_LSGG	AT_LOWW
110.443	:	CH_LSGG	BE_EBBR
42.618	:	CH_LSGG	CH_LSZA
369.295	:	CH_LSGG	CH_LSZH
31.538	:	CH_LSGG	CH_LSZM
115.915	:	CH_LSGG	DE_EDDF
20.558	:	CH_LSGG	DE_EDDL
38.563	:	CH_LSGG	DE_EDDM
20.707	:	CH_LSGG	DE_EDDS
48.094	:	CH_LSGG	DK_EKCH
37.358	:	CH_LSGG	EL_LGAT
54.427	:	CH_LSGG	ES_LEBL
81.242	:	CH_LSGG	ES_LEMD
20.541	:	CH_LSGG	ES_LEPA
73.096	:	CH_LSGG	FR_LFMN
183.288	:	CH_LSGG	FR_LFPG
127.149	:	CH_LSGG	FR_LFPS
27.067	:	CH_LSGG	IL_LLBG
76.65	:	CH_LSGG	IT_LIRR
124.285	:	CH_LSGG	NL_EHAM
48.753	:	CH_LSGG	PT_LPPR
52.447	:	CH_LSGG	PT_LPPT
19.641	:	CH_LSGG	RU_UUWV
30.974	:	CH_LSGG	SE_ESSA
37.526	:	CH_LSGG	TN_DTTA
24.499	:	CH_LSGG	TR_LTBA
36.624	:	CH_LSGG	UK_EGCC
159.355	:	CH_LSGG	UK_EGGA
125.229	:	CH_LSGG	UK_EGKK
210.898	:	CH_LSGG	UK_EGLL
21.666	:	CH_LSGG	US_KIAD
67.06	:	CH_LSGG	US_KNYC
42.174	:	CH_LSZA	CH_LSGG
16.653	:	CH_LSZA	CH_LSZB
83.102	:	CH_LSZA	CH_LSZH
7.827	:	CH_LSZA	CH_LSZM
16.109	:	CH_LSZA	IT_LIPZ
13.982	:	CH_LSZA	IT_LIRQ
9.888	:	CH_LSZB	CH_LSZA
13.039	:	CH_LSZB	CH_LSZM
8.393	:	CH_LSZB	DE_EDDM
8.87	:	CH_LSZB	FR_LFPG
14.634	:	CH_LSZB	NL_EHAM
12.391	:	CH_LSZB	UK_EGLC
46.394	:	CH_LSZH	AE_OMDB
206.521	:	CH_LSZH	AT_LOWW
114.87	:	CH_LSZH	BE_EBBR
40.333	:	CH_LSZH	BR_SBSP
46.206	:	CH_LSZH	CA_CY90
60.343	:	CH_LSZH	CA_CYYZ
387.576	:	CH_LSZH	CH_LSGG
76.499	:	CH_LSZH	CH_LSZA
112.001	:	CH_LSZH	CH_LSZM
80.286	:	CH_LSZH	CY_LCLK
79.808	:	CH_LSZH	CZ_LKPR
61.757	:	CH_LSZH	DE_EDBA
216.736	:	CH_LSZH	DE_EDDF
67.716	:	CH_LSZH	DE_EDDH
39.41	:	CH_LSZH	DE_EDDK
103.54	:	CH_LSZH	DE_EDDL
100.557	:	CH_LSZH	DE_EDDM
48.889	:	CH_LSZH	DE_EDDS
39.057	:	CH_LSZH	DE_EDVV
101.241	:	CH_LSZH	DK_EKCH
38.463	:	CH_LSZH	EG_HEGN
93.245	:	CH_LSZH	EL_LGAT
59.411	:	CH_LSZH	EL_LGIR
78.124	:	CH_LSZH	ES_GCLP
82.201	:	CH_LSZH	ES_LEBL
106.333	:	CH_LSZH	ES_LEMD
56.234	:	CH_LSZH	ES_LEMG
104.457	:	CH_LSZH	ES_LEPA
47.613	:	CH_LSZH	FI_EFHK
57.086	:	CH_LSZH	FR_LFMN
103.774	:	CH_LSZH	FR_LFPG
153.274	:	CH_LSZH	FR_LFPS
74.079	:	CH_LSZH	HK_VHHH
47.609	:	CH_LSZH	HR_LDZA
96.361	:	CH_LSZH	HU_LHBP
107.235	:	CH_LSZH	IL_LLBG
49.17	:	CH_LSZH	IN_VAJJ
39.014	:	CH_LSZH	IT_LIMF
108.249	:	CH_LSZH	IT_LIMM
61.842	:	CH_LSZH	IT_LIRF
82.307	:	CH_LSZH	IT_LIRR
41.863	:	CH_LSZH	JP_RJTD
53.267	:	CH_LSZH	KR_RKSS
96.118	:	CH_LSZH	MK_LWSK
236.202	:	CH_LSZH	NL_EHAM
41.377	:	CH_LSZH	PL_EPWA
67.54	:	CH_LSZH	PT_LPPT
58.166	:	CH_LSZH	SE_ESCN
103.632	:	CH_LSZH	SG_WSSS
118.97	:	CH_LSZH	TH_VTBD
150.147	:	CH_LSZH	TR_LTBA
53.577	:	CH_LSZH	UK_EGCC
231.878	:	CH_LSZH	UK_EGGA
49.289	:	CH_LSZH	UK_EGKK
262.637	:	CH_LSZH	UK_EGLL
60.287	:	CH_LSZH	UK_EGSS
88.266	:	CH_LSZH	US_KATL
98.019	:	CH_LSZH	US_KBOS
46.459	:	CH_LSZH	US_KCVG
42.172	:	CH_LSZH	US_KEWR
60.829	:	CH_LSZH	US_KIAD
41.243	:	CH_LSZH	US_KJFK
47.85	:	CH_LSZH	US_KLAX
102.12	:	CH_LSZH	US_KNYC
103.154	:	CH_LSZH	US_KORD
54.192	:	CH_LSZH	ZA_FAJS
15.304	:	CH_LSZM	AT_LOWW
27.371	:	CH_LSZM	BE_EBBR
30.528	:	CH_LSZM	CH_LSGG
108.008	:	CH_LSZM	CH_LSZH
27.671	:	CH_LSZM	DE_EDDF
16.099	:	CH_LSZM	DE_EDDL
19.435	:	CH_LSZM	DE_EDDM
21.072	:	CH_LSZM	EL_LGIR
25.141	:	CH_LSZM	ES_GCLP
18.723	:	CH_LSZM	ES_GCRR
20.077	:	CH_LSZM	ES_GCTS
14.998	:	CH_LSZM	ES_LEBL
10.231	:	CH_LSZM	ES_LEMD
55.838	:	CH_LSZM	ES_LEPA
10.401	:	CH_LSZM	FR_LFLL
52.809	:	CH_LSZM	FR_LFPG
249.571	:	CH_LSZM	FR_LFPO
16.269	:	CH_LSZM	KE_HKMO
44.217	:	CH_LSZM	NL_EHAM
21.401	:	CH_LSZM	TR_LTBA
10.664	:	CH_LSZM	TR_LTBJ
12.149	:	CH_LSZM	UK_EGCC
90.849	:	CH_LSZM	UK_EGLL
58.803	:	CH_LSZH_RS	ME_LYBE
62.757	:	CH_LSZH_RS	ME_LYPR
17.642	23.444	DE_EDDB	BG_LBBG
12.566	27.069	DE_EDDB	BG_LBSF
16.448	22.93	DE_EDDB	BG_LBWN
1.49	2.033	DE_EDDB	CA_CYQX
18.795	42.221	DE_EDDB	CH_LSZH
22.307	31.809	DE_EDDB	CY_LCLK
13.88	31.919	DE_EDDB	DE_EDDF
8.107	18.605	DE_EDDB	DE_EDDH
35.144	62.714	DE_EDDB	DE_EDDK
14.029	24.132	DE_EDDB	DE_EDDL
18.802	34.537	DE_EDDB	DE_EDDM
15.621	36.711	DE_EDDB	DE_EDDP
10.682	13.955	DE_EDDB	DO_MD99
6.201	7.962	DE_EDDB	DO_MDPP
9.657	13.978	DE_EDDB	EG_HECA
14.653	21.727	DE_EDDB	EG_HEGN
22.043	29.009	DE_EDDB	EL_LGIR
12.498	17.01	DE_EDDB	EL_LGRD
20.869	26.228	DE_EDDB	ES_GCFV
36.352	46.106	DE_EDDB	ES_GCLP
17.549	24.76	DE_EDDB	ES_GCRR
29.529	37.298	DE_EDDB	ES_GCXO
12.107	14.733	DE_EDDB	ES_LEIB
89.227	109.223	DE_EDDB	ES_LEPA
15.752	20.202	DE_EDDB	IL_LLBG
22.055	28.893	DE_EDDB	PT_LPFR
12.315	26.143	DE_EDDB	RU_ULLI
48.684	107.337	DE_EDDB	RU_UU90
29.749	39.61	DE_EDDB	TN_DTMB
10.972	18.594	DE_EDDB	TR_LTAC
63.116	81.824	DE_EDDB	TR_LTAI
21.098	34.487	DE_EDDB	TR_LTBA
10.29	24.301	DE_EDDC	CH_LSZH
157.325	267.042	DE_EDDC	DE_EDDF
39.281	93.291	DE_EDDC	DE_EDDH
58.626	103.951	DE_EDDC	DE_EDDK
63.962	110.839	DE_EDDC	DE_EDDL
83.75	172.108	DE_EDDC	DE_EDDM
17.58	57.532	DE_EDDC	DE_EDDP
74.905	141.605	DE_EDDC	DE_EDDS
14.578	19.207	DE_EDDC	EL_LGIR
21.459	29.111	DE_EDDC	ES_GCLP
15.95	20.095	DE_EDDC	ES_GCXO
45.176	57.143	DE_EDDC	ES_LEPA
20.671	29.134	DE_EDDC	TN_DTMB
31.772	41.119	DE_EDDC	TR_LTAI
8.961	12.944	DE_EDDE	ES_GCLP
25.196	30.436	DE_EDDE	ES_LEPA
10.176	14.735	DE_EDDE	TN_DTMB
15.347	20.876	DE_EDDE	TR_LTAI
15.834	27.726	DE_EDDF	AE_OMAA
102.339	158.006	DE_EDDF	AE_OMDB
47.511	57.913	DE_EDDF	AR_SAEZ
61.98	118.091	DE_EDDF	AT_LOWG
63.468	135.168	DE_EDDF	AT_LOWL
59.934	105.019	DE_EDDF	AT_LOWS
269.458	505.446	DE_EDDF	AT_LOWW
216.945	434.016	DE_EDDF	BE_EBBR
81.585	115.687	DE_EDDF	BR_SB90
46.047	82.105	DE_EDDF	BR_SBGL
208.027	263.828	DE_EDDF	CA_CYTZ
106.651	141.862	DE_EDDF	CA_CYVR
96.587	133.749	DE_EDDF	CA_CYYC
125.126	221.136	DE_EDDF	CH_LSGG
217.806	377.445	DE_EDDF	CH_LSZH
106.583	153.293	DE_EDDF	CN_ZBAA
54.548	85.224	DE_EDDF	CY_LCLK
105.254	167.713	DE_EDDF	CZ_LKPR
162.62	265.537	DE_EDDF	DE_EDDC
67.666	124.465	DE_EDDF	DE_EDDG
620.739	883.902	DE_EDDF	DE_EDDH
173.128	271.033	DE_EDDF	DE_EDDK
295.986	435.253	DE_EDDF	DE_EDDL
592.546	851.781	DE_EDDF	DE_EDDM
176.737	269.411	DE_EDDF	DE_EDDN
153.556	263.218	DE_EDDF	DE_EDDP
195.887	308.169	DE_EDDF	DE_EDDS
688.127	1048.165	DE_EDDF	DE_EDDT
205.245	291.651	DE_EDDF	DE_EDDW
40.117	84.59	DE_EDDF	DE_EDNY
234.776	357.759	DE_EDDF	DE_EDVV
200.236	323.601	DE_EDDF	DK_EK90
112.588	160.794	DE_EDDF	EG_HECA
36.29	50.222	DE_EDDF	EG_HEGN
182.845	290.967	DE_EDDF	EL_LGAT
71.624	85.708	DE_EDDF	EL_LGIR
89.889	135.657	DE_EDDF	EL_LGTS
83.598	96.332	DE_EDDF	ES_GCFV
122.791	148.014	DE_EDDF	ES_GCLP
80.854	95.809	DE_EDDF	ES_GCRR
91.912	111.414	DE_EDDF	ES_GCXO
44.942	62.896	DE_EDDF	ES_LEAL
45.771	69.719	DE_EDDF	ES_LEBB
161.722	234.615	DE_EDDF	ES_LEBL
48.445	57.189	DE_EDDF	ES_LEIB
182.456	276.917	DE_EDDF	ES_LEMD
90.308	118.304	DE_EDDF	ES_LEMG
329.935	393.856	DE_EDDF	ES_LEPA
39.7	54.799	DE_EDDF	ES_LEVC
112.99	175.645	DE_EDDF	FI_EFHF
456.612	859.055	DE_EDDF	FR_LF90
57.834	94.185	DE_EDDF	FR_LFLL
70.391	112.923	DE_EDDF	FR_LFMN
221.007	272.485	DE_EDDF	HK_VHHH
59.298	86.749	DE_EDDF	HR_LDZA
121.541	201.447	DE_EDDF	HU_LHBP
91.73	127.436	DE_EDDF	IE_EIDW
154.506	216.809	DE_EDDF	IL_LLBG
128.398	199.667	DE_EDDF	IN_VABB
154.246	210.391	DE_EDDF	IN_VIDP
63.222	102.777	DE_EDDF	IR_OIII
231.367	431.614	DE_EDDF	IT_LI90
265.838	480.696	DE_EDDF	IT_LI91
125.133	185.098	DE_EDDF	IT_LI92
74.328	138.268	DE_EDDF	IT_LIMF
76.515	115.276	DE_EDDF	IT_LIPE
41.089	57.176	DE_EDDF	IT_LIRN
241.178	344.262	DE_EDDF	JP_RJ90
71.412	104.474	DE_EDDF	JP_RJOO
39.022	60.986	DE_EDDF	KE_HKNA
110.446	161.731	DE_EDDF	KR_RKSS
46.703	67.538	DE_EDDF	KW_OKBK
64.132	139.724	DE_EDDF	LU_ELLX
66.504	105.331	DE_EDDF	MT_LMML
63.011	76.035	DE_EDDF	MX_MMMX
55.821	70.803	DE_EDDF	MY_WMKK
258.712	443.888	DE_EDDF	NL_EHAM
86.169	156.118	DE_EDDF	NO_ENFB
145.264	242.655	DE_EDDF	PL_EPWA
80.148	101.259	DE_EDDF	PT_LPFR
57.603	100.752	DE_EDDF	PT_LPPR
127.968	219.558	DE_EDDF	PT_LPPT
43.564	84.57	DE_EDDF	RO_LRBB
50.471	105.992	DE_EDDF	RU_ULLI
191.324	379.344	DE_EDDF	RU_UU90
146.181	236.308	DE_EDDF	SE_ESCN
43.593	83.526	DE_EDDF	SE_ESGG
284.859	363.536	DE_EDDF	SG_WSSS
41.949	99.545	DE_EDDF	SI_LJLJ
455.841	589.064	DE_EDDF	TH_VTBD
67.352	82.768	DE_EDDF	TN_DTMB
53.894	87.928	DE_EDDF	TN_DTTA
95.397	141.975	DE_EDDF	TR_LTAC
188.483	242.754	DE_EDDF	TR_LTAI
318.09	478.122	DE_EDDF	TR_LTBA
69.689	99.798	DE_EDDF	TR_LTBJ
42.542	56.073	DE_EDDF	TR_LTBS
61.899	104.22	DE_EDDF	UA_UKKK
905.67	1421.074	DE_EDDF	UK_EG90
82.287	137.344	DE_EDDF	UK_EGBB
125.829	213.095	DE_EDDF	UK_EGCC
270.213	335.498	DE_EDDF	US_KA90
242.094	312.043	DE_EDDF	US_KA91
224.313	273.14	DE_EDDF	US_KATL
143.09	183.798	DE_EDDF	US_KBOS
90.706	108.456	DE_EDDF	US_KCVG
153.898	182.547	DE_EDDF	US_KD90
137.812	161.235	DE_EDDF	US_KDFW
590.86	746.718	DE_EDDF	US_KJFK
241.742	308.155	DE_EDDF	US_KLAX
66.125	83.802	DE_EDDF	US_KMCO
63.268	77.186	DE_EDDF	US_KPHL
41.906	49.144	DE_EDDF	US_KPIT
113.672	130.523	DE_EDDF	US_KSFO
165.796	207.317	DE_EDDF	US_KZMA
41.398	57.652	DE_EDDF	VE_SVMI
170.781	225.56	DE_EDDF	ZA_FAJS
69.92	128.436	DE_EDDG	DE_EDDF
31.661	70.642	DE_EDDG	DE_EDDI
37.111	68.187	DE_EDDG	DE_EDDM
13.713	45.671	DE_EDDG	DE_EDLW
13.054	17.763	DE_EDDG	EL_LGIR
14.114	19.214	DE_EDDG	ES_GCFV
28.387	37.063	DE_EDDG	ES_GCLP
19.868	27.289	DE_EDDG	ES_GCRR
8.38	11.64	DE_EDDG	ES_GCXO
100.419	120.475	DE_EDDG	ES_LEPA
18.704	26.495	DE_EDDG	TR_LTAI
13.288	29.74	DE_EDDG	UK_EG90
41.639	75.469	DE_EDDH	AT_LOWW
56.154	113.0	DE_EDDH	BE_EBBR
67.189	151.739	DE_EDDH	CH_LSZH
38.701	94.909	DE_EDDH	DE_EDDC
607.47	879.851	DE_EDDH	DE_EDDF
137.493	200.509	DE_EDDH	DE_EDDK
196.656	344.234	DE_EDDH	DE_EDDL
365.835	569.725	DE_EDDH	DE_EDDM
41.012	76.971	DE_EDDH	DE_EDDN
153.523	226.161	DE_EDDH	DE_EDDS
102.521	179.216	DE_EDDH	DE_EDDT
41.679	73.543	DE_EDDH	DE_EDVV
84.346	164.734	DE_EDDH	DK_EK90
52.749	63.03	DE_EDDH	ES_GCFV
101.733	121.842	DE_EDDH	ES_GCLP
46.001	55.779	DE_EDDH	ES_GCRR
59.393	71.35	DE_EDDH	ES_GCXO
206.579	232.501	DE_EDDH	ES_LEPA
46.397	122.401	DE_EDDH	FI_EFHF
141.547	264.505	DE_EDDH	FR_LF90
42.174	76.846	DE_EDDH	IT_LI91
122.648	184.642	DE_EDDH	NL_EHAM
43.153	52.848	DE_EDDH	PT_LPFR
90.813	111.244	DE_EDDH	TR_LTAI
73.25	103.137	DE_EDDH	TR_LTBA
283.702	448.678	DE_EDDH	UK_EG90
42.272	85.02	DE_EDDI	BE_EBBR
31.536	69.423	DE_EDDI	DE_EDDG
49.841	92.105	DE_EDDI	DE_EDDN
23.684	54.151	DE_EDDI	DE_EDDR
37.844	71.713	DE_EDDI	DE_EDLW
16.852	41.259	DE_EDDI	DE_EDMA
53.373	77.672	DE_EDDI	DK_EK90
13.578	24.624	DE_EDDI	FR_LFST
40.95	70.437	DE_EDDK	CH_LSZH
55.992	104.537	DE_EDDK	DE_EDDC
171.653	273.012	DE_EDDK	DE_EDDF
133.924	207.476	DE_EDDK	DE_EDDH
284.223	451.276	DE_EDDK	DE_EDDM
51.427	93.742	DE_EDDK	DE_EDDP
393.832	711.615	DE_EDDK	DE_EDDT
43.167	53.324	DE_EDDK	ES_GCLP
165.762	193.323	DE_EDDK	ES_LEPA
78.41	134.962	DE_EDDK	FR_LF90
39.236	51.706	DE_EDDK	TR_LTAC
66.072	88.521	DE_EDDK	TR_LTAI
110.183	151.755	DE_EDDK	TR_LTBA
169.575	282.376	DE_EDDK	UK_EG90
85.055	223.676	DE_EDDL	AT_LOWW
103.544	204.268	DE_EDDL	CH_LSZH
70.543	122.517	DE_EDDL	DE_EDDC
280.11	433.063	DE_EDDL	DE_EDDF
203.924	361.723	DE_EDDL	DE_EDDH
632.942	1090.869	DE_EDDL	DE_EDDM
64.15	114.013	DE_EDDL	DE_EDDN
86.233	166.905	DE_EDDL	DE_EDDP
119.143	198.33	DE_EDDL	DE_EDDS
366.385	720.783	DE_EDDL	DE_EDDT
93.481	159.082	DE_EDDL	DK_EK90
37.685	41.905	DE_EDDL	DO_MDPP
67.321	83.025	DE_EDDL	EL_LGIR
52.012	65.55	DE_EDDL	EL_LGRD
70.764	97.214	DE_EDDL	EL_LGTS
113.808	133.32	DE_EDDL	ES_GCFV
179.347	215.916	DE_EDDL	ES_GCLP
92.934	110.235	DE_EDDL	ES_GCRR
114.059	137.356	DE_EDDL	ES_GCXO
55.813	65.172	DE_EDDL	ES_LEAL
76.076	128.947	DE_EDDL	ES_LEBL
99.508	118.589	DE_EDDL	ES_LEIB
45.724	82.183	DE_EDDL	ES_LEMD
80.737	98.375	DE_EDDL	ES_LEMG
607.968	711.277	DE_EDDL	ES_LEPA
44.746	78.993	DE_EDDL	FI_EFHF
171.71	328.908	DE_EDDL	FR_LF90
51.574	78.187	DE_EDDL	IE_EIDW
47.557	88.887	DE_EDDL	IT_LI90
116.891	259.719	DE_EDDL	IT_LI91
64.589	112.435	DE_EDDL	NL_EHAM
97.566	126.613	DE_EDDL	PT_LPFR
40.373	83.534	DE_EDDL	RU_UU90
81.862	104.393	DE_EDDL	TN_DTMB
53.809	72.692	DE_EDDL	TR_LTAC
239.864	296.228	DE_EDDL	TR_LTAI
217.643	314.079	DE_EDDL	TR_LTBA
65.531	85.435	DE_EDDL	TR_LTBJ
58.492	73.486	DE_EDDL	TR_LTBS
388.94	633.3	DE_EDDL	UK_EG90
95.456	183.557	DE_EDDL	UK_EGBB
82.91	166.527	DE_EDDL	UK_EGCC
79.018	98.007	DE_EDDL	US_KJFK
126.135	279.832	DE_EDDM	AT_LOWW
89.466	206.299	DE_EDDM	BE_EBBR
40.492	100.008	DE_EDDM	CH_LSGG
97.424	196.414	DE_EDDM	CH_LSZH
88.166	170.53	DE_EDDM	DE_EDDC
579.808	842.746	DE_EDDM	DE_EDDF
39.464	67.855	DE_EDDM	DE_EDDG
365.428	577.869	DE_EDDM	DE_EDDH
288.03	450.282	DE_EDDM	DE_EDDK
623.505	1078.557	DE_EDDM	DE_EDDL
69.299	144.916	DE_EDDM	DE_EDDP
42.96	82.724	DE_EDDM	DE_EDDS
492.038	838.906	DE_EDDM	DE_EDDT
78.641	127.595	DE_EDDM	DE_EDDW
45.789	85.525	DE_EDDM	DE_EDLW
147.286	264.721	DE_EDDM	DE_EDVV
73.808	125.382	DE_EDDM	DK_EK90
39.629	51.844	DE_EDDM	EG_HEGN
79.312	121.686	DE_EDDM	EL_LGAT
71.623	84.091	DE_EDDM	EL_LGIR
92.447	144.242	DE_EDDM	EL_LGTS
46.302	54.981	DE_EDDM	ES_GCFV
73.955	87.822	DE_EDDM	ES_GCLP
66.521	77.56	DE_EDDM	ES_GCXO
82.95	128.995	DE_EDDM	ES_LEBL
74.406	142.848	DE_EDDM	ES_LEMD
142.469	171.086	DE_EDDM	ES_LEPA
271.542	511.002	DE_EDDM	FR_LF90
70.197	142.961	DE_EDDM	HU_LHBP
78.518	115.84	DE_EDDM	IL_LLBG
97.095	169.2	DE_EDDM	IT_LI90
89.658	188.48	DE_EDDM	IT_LI91
47.165	80.965	DE_EDDM	IT_LIRQ
146.694	212.896	DE_EDDM	NL_EHAM
44.07	56.163	DE_EDDM	PT_LPFR
51.323	77.149	DE_EDDM	PT_LPPT
44.366	80.034	DE_EDDM	RU_UU90
46.896	85.588	DE_EDDM	SE_ESCN
56.297	70.88	DE_EDDM	TN_DTMB
115.435	146.856	DE_EDDM	TR_LTAI
157.328	233.256	DE_EDDM	TR_LTBA
473.64	750.029	DE_EDDM	UK_EG90
45.573	73.365	DE_EDDM	UK_EGBB
44.719	96.883	DE_EDDM	UK_EGCC
61.68	81.898	DE_EDDM	US_KA90
67.908	79.791	DE_EDDM	US_KATL
61.625	79.57	DE_EDDM	US_KJFK
11.415	26.023	DE_EDDN	AT_LOWW
24.871	51.785	DE_EDDN	CH_LSZH
165.884	255.232	DE_EDDN	DE_EDDF
42.552	75.382	DE_EDDN	DE_EDDH
51.027	91.81	DE_EDDN	DE_EDDI
25.128	51.007	DE_EDDN	DE_EDDK
62.85	110.339	DE_EDDN	DE_EDDL
37.871	67.24	DE_EDDN	DE_EDDT
12.625	28.977	DE_EDDN	DE_EDLW
29.476	35.33	DE_EDDN	EL_LGIR
13.349	16.662	DE_EDDN	EL_LGRD
21.631	27.657	DE_EDDN	ES_GCFV
28.132	33.935	DE_EDDN	ES_GCLP
17.587	21.484	DE_EDDN	ES_GCRR
24.342	29.067	DE_EDDN	ES_GCXO
69.1	83.267	DE_EDDN	ES_LEPA
44.009	93.845	DE_EDDN	FR_LF90
36.677	61.713	DE_EDDN	NL_EHAM
12.764	18.863	DE_EDDN	PT_LPFR
23.749	29.879	DE_EDDN	TN_DTMB
59.633	77.411	DE_EDDN	TR_LTAI
47.842	70.785	DE_EDDN	TR_LTBA
12.515	16.684	DE_EDDN	TR_LTBJ
13.047	18.427	DE_EDDN	TR_LTBS
42.048	67.69	DE_EDDN	UK_EG90
14.889	20.323	DE_EDDP	BG_LBBG
13.044	18.06	DE_EDDP	BG_LBWN
12.837	30.527	DE_EDDP	DE_EDDB
15.063	54.604	DE_EDDP	DE_EDDC
149.914	270.413	DE_EDDP	DE_EDDF
28.535	64.981	DE_EDDP	DE_EDDH
54.369	96.19	DE_EDDP	DE_EDDK
85.65	177.435	DE_EDDP	DE_EDDL
70.581	147.139	DE_EDDP	DE_EDDM
42.483	88.975	DE_EDDP	DE_EDDS
26.84	83.542	DE_EDDP	DE_EDVV
9.691	12.996	DE_EDDP	EG_HEGN
24.409	31.901	DE_EDDP	EL_LGIR
11.67	15.496	DE_EDDP	EL_LGKR
14.477	19.112	DE_EDDP	EL_LGRD
11.314	15.623	DE_EDDP	ES_GCFV
31.349	41.186	DE_EDDP	ES_GCLP
13.701	18.569	DE_EDDP	ES_GCRR
24.748	31.785	DE_EDDP	ES_GCXO
13.166	17.477	DE_EDDP	ES_LEIB
96.624	119.437	DE_EDDP	ES_LEPA
22.078	28.017	DE_EDDP	PT_LPFR
37.98	51.421	DE_EDDP	TN_DTMB
76.002	97.419	DE_EDDP	TR_LTAI
11.191	14.765	DE_EDDP	TR_LTBA
12.84	17.324	DE_EDDP	TR_LTBS
11.672	35.934	DE_EDDR	DE_EDDH
23.659	57.703	DE_EDDR	DE_EDDI
15.938	33.677	DE_EDDR	DE_EDDM
54.944	65.557	DE_EDDR	ES_LEPA
14.218	38.768	DE_EDDR	LU_ELLX
43.579	97.351	DE_EDDS	AT_LOWW
53.75	105.698	DE_EDDS	BE_EBBR
45.96	123.656	DE_EDDS	CH_LSZH
67.312	135.456	DE_EDDS	DE_EDDC
192.254	306.796	DE_EDDS	DE_EDDF
146.384	224.693	DE_EDDS	DE_EDDH
119.519	202.631	DE_EDDS	DE_EDDL
47.796	92.079	DE_EDDS	DE_EDDM
44.733	92.327	DE_EDDS	DE_EDDP
314.238	556.376	DE_EDDS	DE_EDDT
40.577	55.429	DE_EDDS	DE_EDDW
48.514	92.349	DE_EDDS	DE_EDVV
57.547	105.646	DE_EDDS	DK_EK90
54.99	68.756	DE_EDDS	EL_LGIR
100.612	172.042	DE_EDDS	EL_LGTS
45.881	56.462	DE_EDDS	ES_GCFV
65.464	78.174	DE_EDDS	ES_GCLP
55.837	65.276	DE_EDDS	ES_GCXO
181.825	219.657	DE_EDDS	ES_LEPA
117.113	221.285	DE_EDDS	FR_LF90
44.774	95.275	DE_EDDS	IT_LI91
107.97	194.561	DE_EDDS	NL_EHAM
50.031	64.281	DE_EDDS	TN_DTMB
39.571	56.293	DE_EDDS	TR_LTAC
105.404	133.718	DE_EDDS	TR_LTAI
148.221	208.4	DE_EDDS	TR_LTBA
45.885	67.813	DE_EDDS	TR_LTBJ
175.503	237.866	DE_EDDS	UK_EG90
59.778	144.733	DE_EDDT	AT_LOWW
75.74	166.307	DE_EDDT	CH_LSZH
677.191	1051.634	DE_EDDT	DE_EDDF
99.07	173.752	DE_EDDT	DE_EDDH
403.081	731.436	DE_EDDT	DE_EDDK
366.659	717.54	DE_EDDT	DE_EDDL
495.247	840.603	DE_EDDT	DE_EDDM
37.881	71.43	DE_EDDT	DE_EDDN
316.338	563.266	DE_EDDT	DE_EDDS
40.2	72.883	DE_EDDT	DE_EDDW
86.321	101.712	DE_EDDT	ES_LEPA
152.509	262.776	DE_EDDT	FR_LF90
48.634	112.553	DE_EDDT	IT_LI91
101.561	159.642	DE_EDDT	NL_EHAM
40.745	83.834	DE_EDDT	RU_UU90
83.4	110.236	DE_EDDT	TR_LTAI
96.16	130.876	DE_EDDT	TR_LTBA
276.67	431.342	DE_EDDT	UK_EG90
55.531	78.916	DE_EDDT	US_KJFK
12.678	37.675	DE_EDDW	CH_LSZH
198.563	291.203	DE_EDDW	DE_EDDF
82.221	128.501	DE_EDDW	DE_EDDM
39.831	55.048	DE_EDDW	DE_EDDS
37.124	71.199	DE_EDDW	DE_EDDT
13.82	18.501	DE_EDDW	EL_LGIR
12.946	16.715	DE_EDDW	ES_GCFV
33.844	44.711	DE_EDDW	ES_GCLP
11.614	15.408	DE_EDDW	ES_GCRR
20.858	26.594	DE_EDDW	ES_GCXO
90.004	107.512	DE_EDDW	ES_LEPA
14.513	34.229	DE_EDDW	FR_LF90
52.047	76.145	DE_EDDW	NL_EHAM
16.975	23.132	DE_EDDW	TR_LTAI
55.308	85.146	DE_EDDW	UK_EG90
21.388	48.89	DE_EDVV	AT_LOWW
34.917	60.889	DE_EDVV	BE_EBBR
39.239	88.891	DE_EDVV	CH_LSZH
227.624	358.687	DE_EDVV	DE_EDDF
36.877	80.025	DE_EDVV	DE_EDDH
149.827	269.825	DE_EDVV	DE_EDDM
25.549	83.468	DE_EDVV	DE_EDDP
52.477	103.738	DE_EDVV	DE_EDDS
40.346	60.763	DE_EDVV	DK_EK90
27.86	34.742	DE_EDVV	EL_LGIR
47.756	56.84	DE_EDVV	ES_GCFV
81.224	97.624	DE_EDVV	ES_GCLP
47.651	57.715	DE_EDVV	ES_GCRR
55.093	65.396	DE_EDVV	ES_GCXO
26.998	63.72	DE_EDVV	ES_LEBL
21.328	28.21	DE_EDVV	ES_LEIB
212.397	247.227	DE_EDVV	ES_LEPA
69.766	149.668	DE_EDVV	FR_LF90
23.005	38.036	DE_EDVV	KZ_UA99
13.989	49.532	DE_EDVV	KZ_UAAA
48.804	86.222	DE_EDVV	NL_EHAM
34.331	44.746	DE_EDVV	PT_LPFR
35.03	43.04	DE_EDVV	TN_DTMB
23.227	33.701	DE_EDVV	TR_LTAC
103.553	132.467	DE_EDVV	TR_LTAI
94.146	134.938	DE_EDVV	TR_LTBA
27.725	39.638	DE_EDVV	TR_LTBJ
149.005	223.18	DE_EDVV	UK_EG90
41.873	70.935	DE_EDDF_RS	ME_LYBE
99.378	:	DK_EKCH	AT_LO99
149.352	:	DK_EKCH	BE_EB99
157.7	:	DK_EKCH	CH_LS99
45.593	:	DK_EKCH	CN_ZB99
42.384	:	DK_EKCH	CZ_LK99
621.031	:	DK_EKCH	DE_ED99
1397.596	:	DK_EKCH	DK_EK99
203.359	:	DK_EKCH	EL_LG99
82.54	:	DK_EKCH	ES_GC99
215.035	:	DK_EKCH	ES_LE99
180.731	:	DK_EKCH	FI_EF99
285.617	:	DK_EKCH	FR_LF99
39.313	:	DK_EKCH	GL_BG99
50.959	:	DK_EKCH	HU_LH99
52.3	:	DK_EKCH	IE_EI99
59.381	:	DK_EKCH	IL_LL99
102.03	:	DK_EKCH	IS_BI99
272.412	:	DK_EKCH	IT_LI99
60.764	:	DK_EKCH	JP_RJ99
39.908	:	DK_EKCH	LV_EV99
208.573	:	DK_EKCH	NL_EH99
752.383	:	DK_EKCH	NO_EN99
81.073	:	DK_EKCH	PL_EP99
67.665	:	DK_EKCH	PT_LP99
1075.203	:	DK_EKCH	SE_ES99
92.773	:	DK_EKCH	TH_VT99
129.244	:	DK_EKCH	TR_LT99
735.668	:	DK_EKCH	UK_EG99
238.969	:	DK_EKCH	US_K999
19.642	23.701	PT_LPAZ	DO_MDPP
1.652	1.931	PT_LPAZ	ES_LEMD
20.253	29.286	PT_LPAZ	PT_LPPD
30.801	36.647	PT_LPFR	BE_EBBR
19.95	27.236	PT_LPFR	CH_LSZH
23.188	29.824	PT_LPFR	DE_EDDB
83.607	109.381	PT_LPFR	DE_EDDF
45.264	57.248	PT_LPFR	DE_EDDH
102.531	128.338	PT_LPFR	DE_EDDL
46.043	59.569	PT_LPFR	DE_EDDM
33.953	43.497	PT_LPFR	DE_EDDS
34.722	46.979	PT_LPFR	DE_EDVV
21.647	28.055	PT_LPFR	DE_ETLS
1.731	1.809	PT_LPFR	ES_GCRR
26.232	36.035	PT_LPFR	FR_LFPO
44.554	52.227	PT_LPFR	IE_EIDW
136.588	159.47	PT_LPFR	NL_EHAM
86.146	177.47	PT_LPFR	PT_LPPT
60.379	66.382	PT_LPFR	UK_EGBB
173.959	189.107	PT_LPFR	UK_EGCC
24.726	27.693	PT_LPFR	UK_EGGD
38.0	52.621	PT_LPFR	UK_EGGG
31.929	35.67	PT_LPFR	UK_EGGW
303.694	348.288	PT_LPFR	UK_EGKK
25.511	29.356	PT_LPFR	UK_EGNT
32.234	35.368	PT_LPFR	UK_EGNX
44.596	49.682	PT_LPFR	UK_EGPF
25.19	27.714	PT_LPFR	UK_EGSS
7.745	11.64	PT_LPHR	PT_LPFL
27.957	41.679	PT_LPHR	PT_LPLA
10.188	14.731	PT_LPHR	PT_LPPD
18.529	25.387	PT_LPHR	PT_LPPT
11.34	14.579	PT_LPPD	CA_CYYZ
19.968	29.058	PT_LPPD	PT_LPAZ
10.211	13.749	PT_LPPD	PT_LPHR
60.878	82.464	PT_LPPD	PT_LPLA
103.412	154.138	PT_LPPD	PT_LPPT
12.26	15.678	PT_LPPD	US_KBOS
25.653	45.877	PT_LPPR	BE_EBBR
20.227	32.383	PT_LPPR	BR_SBGL
16.914	27.014	PT_LPPR	BR_SBGR
11.596	14.833	PT_LPPR	CA_CYYZ
48.334	71.997	PT_LPPR	CH_LSGG
24.752	52.383	PT_LPPR	CH_LSZH
58.936	101.691	PT_LPPR	DE_EDDF
44.234	112.573	PT_LPPR	ES_LEMD
14.359	17.762	PT_LPPR	ES_LEPA
13.841	21.327	PT_LPPR	FR_LFPG
226.598	344.196	PT_LPPR	FR_LFPO
39.83	57.734	PT_LPPR	IT_LIML
10.078	20.139	PT_LPPR	IT_LIPE
18.007	27.465	PT_LPPR	LU_ELLX
57.232	81.232	PT_LPPR	NL_EHAM
34.238	53.065	PT_LPPR	PT_LPFU
319.009	599.568	PT_LPPR	PT_LPPT
69.016	103.738	PT_LPPR	UK_EGGG
21.154	35.032	PT_LPPR	VE_SVMI
53.805	73.703	PT_LPPT	AO_FNLU
123.355	228.443	PT_LPPT	BE_EBBR
40.295	60.456	PT_LPPT	BR_SBGR
50.536	82.995	PT_LPPT	CH_LSGG
69.452	120.672	PT_LPPT	CH_LSZH
128.964	218.011	PT_LPPT	DE_EDDF
50.025	77.005	PT_LPPT	DE_EDDM
43.399	59.135	PT_LPPT	DK_EKCH
105.669	205.843	PT_LPPT	ES_LEBL
223.951	418.853	PT_LPPT	ES_LEMD
127.064	204.988	PT_LPPT	FR_LFPG
235.023	352.289	PT_LPPT	FR_LFPO
39.486	65.18	PT_LPPT	IT_LIML
82.939	128.411	PT_LPPT	IT_LIRF
60.555	78.49	PT_LPPT	NL_EHAM
75.118	141.593	PT_LPPT	PT_LPFR
305.71	463.86	PT_LPPT	PT_LPFU
49.726	82.47	PT_LPPT	PT_LPLA
103.244	154.905	PT_LPPT	PT_LPPD
335.652	602.899	PT_LPPT	PT_LPPR
290.243	389.823	PT_LPPT	UK_EGGG
50.932	60.793	PT_LPPT	US_KEWR
79.502	97.816	PT_LPPT	US_KJFK
153.809	:	SE_ESDB	SE_ESSA
2.562	:	SE_ESDF	SE_ESMX
79.75	:	SE_ESDF	SE_ESSA
51.876	:	SE_ESGG	BE_EBBR
18.162	:	SE_ESGG	CH_LSZH
25.159	:	SE_ESGG	CY_LCLK
39.346	:	SE_ESGG	DE_EDDF
195.552	:	SE_ESGG	DK_EKCH
15.284	:	SE_ESGG	EL_LGAT
26.129	:	SE_ESGG	EL_LGIR
17.102	:	SE_ESGG	EL_LGRP
21.941	:	SE_ESGG	EL_LGSA
48.045	:	SE_ESGG	ES_GCLP
23.282	:	SE_ESGG	ES_GCTS
10.303	:	SE_ESGG	ES_LEMG
26.319	:	SE_ESGG	ES_LEPA
32.811	:	SE_ESGG	FI_EFHK
35.665	:	SE_ESGG	FR_LFPG
91.19	:	SE_ESGG	NL_EHAM
64.743	:	SE_ESGG	NO_ENFB
347.486	:	SE_ESGG	SE_ESSA
157.896	:	SE_ESGG	SE_ESSB
14.949	:	SE_ESGG	TR_LTAI
36.363	:	SE_ESGG	UK_EGKK
120.142	:	SE_ESGG	UK_EGLL
17.999	:	SE_ESGG	UK_EGSS
33.673	:	SE_ESGJ	DK_EKCH
56.82	:	SE_ESGJ	SE_ESSA
16.572	:	SE_ESMQ	DK_EKCH
4.897	:	SE_ESMQ	SE_ESMX
72.295	:	SE_ESMQ	SE_ESSA
18.398	:	SE_ESMS	CY_LCLK
11.147	:	SE_ESMS	EL_LGRP
12.539	:	SE_ESMS	EL_LGSA
31.635	:	SE_ESMS	ES_GCLP
16.385	:	SE_ESMS	ES_GCTS
29.902	:	SE_ESMS	ES_LEPA
26.517	:	SE_ESMS	NL_EHAM
3.921	:	SE_ESMS	SE_ESGG
298.72	:	SE_ESMS	SE_ESSA
171.263	:	SE_ESMS	SE_ESSB
13.352	:	SE_ESMS	TR_LTAI
8.505	:	SE_ESNN	SE_ESPA
196.744	:	SE_ESNN	SE_ESSA
98.055	:	SE_ESNS	SE_ESSA
8.051	:	SE_ESNU	EL_LGSA
262.389	:	SE_ESNU	SE_ESSA
13.403	:	SE_ESNU	TR_LTAI
12.107	:	SE_ESPA	SE_ESNN
7.409	:	SE_ESPA	SE_ESNQ
7.56	:	SE_ESPA	SE_ESNU
337.503	:	SE_ESPA	SE_ESSA
14.342	:	SE_ESPA	TR_LTAI
164.575	:	SE_ESPC	SE_ESSA
61.25	:	SE_ESSA	AT_LOWW
96.856	:	SE_ESSA	BE_EBBR
81.888	:	SE_ESSA	CH_LSZH
61.567	:	SE_ESSA	CY_LCLK
148.174	:	SE_ESSA	DE_EDDF
42.027	:	SE_ESSA	DE_EDDM
524.947	:	SE_ESSA	DK_EKCH
53.375	:	SE_ESSA	EL_LGIR
37.902	:	SE_ESSA	EL_LGSA
88.166	:	SE_ESSA	ES_GCLP
49.548	:	SE_ESSA	ES_GCTS
63.759	:	SE_ESSA	ES_LEPA
311.508	:	SE_ESSA	FI_EFHK
62.209	:	SE_ESSA	FI_EFTU
38.779	:	SE_ESSA	FI_EFVA
176.502	:	SE_ESSA	FR_LFPG
57.473	:	SE_ESSA	IT_LIML
160.611	:	SE_ESSA	NL_EHAM
369.462	:	SE_ESSA	NO_ENFB
53.689	:	SE_ESSA	RU_UUEE
154.367	:	SE_ESSA	SE_ESDB
70.414	:	SE_ESSA	SE_ESDF
350.316	:	SE_ESSA	SE_ESGG
79.474	:	SE_ESSA	SE_ESGJ
56.68	:	SE_ESSA	SE_ESMK
81.224	:	SE_ESSA	SE_ESMQ
302.709	:	SE_ESSA	SE_ESMS
51.397	:	SE_ESSA	SE_ESMT
80.536	:	SE_ESSA	SE_ESMX
218.398	:	SE_ESSA	SE_ESNN
59.343	:	SE_ESSA	SE_ESNO
96.992	:	SE_ESSA	SE_ESNS
262.581	:	SE_ESSA	SE_ESNU
351.796	:	SE_ESSA	SE_ESPA
165.325	:	SE_ESSA	SE_ESPC
41.401	:	SE_ESSA	SE_ESSD
96.273	:	SE_ESSA	SE_ESSQ
72.079	:	SE_ESSA	SE_ESSV
39.658	:	SE_ESSA	TH_VTBD
38.494	:	SE_ESSA	TR_LTAI
78.326	:	SE_ESSA	UK_EGKK
366.15	:	SE_ESSA	UK_EGLL
39.809	:	SE_ESSA	UK_EGSS
63.776	:	SE_ESSA	US_KEWR
59.085	:	SE_ESSA	US_KORD
153.374	:	SE_ESSB	SE_ESGG
15.662	:	SE_ESSB	SE_ESGT
168.315	:	SE_ESSB	SE_ESMS
63.683	:	SE_ESSB	SE_ESSV
67.99	:	SE_ESSP	DK_EKCH
8.615	:	SE_ESSP	SE_ESSA
8.74	:	SE_ESSP	SE_ESSV
12.673	:	SE_ESSQ	DK_EKCH
94.879	:	SE_ESSQ	SE_ESSA
72.026	:	SE_ESSV	SE_ESSA
65.434	:	SE_ESSV	SE_ESSB
8.798	:	SE_ESSV	SE_ESSP
20.466	:	LU_ELLX	BE_EBBR
12.728	:	LU_ELLX	CH_LSGG
23.51	:	LU_ELLX	CH_LSZH
66.378	:	LU_ELLX	DE_EDDF
12.908	:	LU_ELLX	DE_EDDR
22.687	:	LU_ELLX	DK_EKCH
12.149	:	LU_ELLX	ES_GCLP
12.96	:	LU_ELLX	ES_GCTS
43.715	:	LU_ELLX	ES_LEPA
39.953	:	LU_ELLX	FR_LFPG
10.331	:	LU_ELLX	FR_LFST
49.908	:	LU_ELLX	IS_BIKF
27.151	:	LU_ELLX	NL_EHAM
22.066	:	LU_ELLX	PT_LPPR
11.482	:	LU_ELLX	PT_LPPT
15.016	:	LU_ELLX	TN_DTMB
67.202	:	LU_ELLX	UK_EGLL
