passengers	seats	code_dep	code_arr
58.24	127.465	FI_EFHK	BE_EBBR
42.452	113.472	FI_EFHK	CH_LSZH
82.146	165.422	FI_EFHK	DE_EDDF
41.023	87.918	FI_EFHK	DE_EDDH
127.902	254.297	FI_EFHK	DK_EKCH
51.986	50.323	FI_EFHK	EE_EETN
81.574	84.25	FI_EFHK	ES_GCLP
63.294	68.179	FI_EFHK	ES_GCTS
45.735	48.388	FI_EFHK	ES_LEMG
64.601	111.466	FI_EFHK	FR_LFPG
70.88	159.912	FI_EFHK	NL_EHAM
40.602	94.056	FI_EFHK	NO_ENFB
30.627	62.586	FI_EFHK	RU_ULLI
42.691	68.241	FI_EFHK	RU_UUEE
263.231	670.969	FI_EFHK	SE_ESSA
126.087	211.442	FI_EFHK	UK_EGLL
60.77	97.212	FI_EFHK	US_KJFK
53.608	104.688	FI_EFTU	SE_ESSA
10.324	25.994	AT_LOWG	AT_LOWS
43.576	74.43	AT_LOWG	AT_LOWW
31.542	55.077	AT_LOWG	CH_LSZH
70.831	153.156	AT_LOWG	DE_EDDF
9.429	12.25	AT_LOWG	EL_LGIR
8.947	12.679	AT_LOWG	ES_GCLP
8.693	12.241	AT_LOWG	ES_LEPA
8.776	13.851	AT_LOWG	TN_DTMB
17.598	20.544	AT_LOWG	TR_LTAI
13.56	39.784	AT_LOWI	AT_LOWS
57.568	101.061	AT_LOWI	AT_LOWW
26.059	54.215	AT_LOWI	CH_LSZH
28.684	51.675	AT_LOWI	DE_EDDF
18.78	24.961	AT_LOWI	TR_LTAI
12.141	14.191	AT_LOWI	UK_EGCC
20.469	23.61	AT_LOWI	UK_EGKK
46.244	83.642	AT_LOWK	AT_LOWW
15.207	28.563	AT_LOWK	CH_LSZH
18.721	43.427	AT_LOWK	DE_EDDF
17.424	38.622	AT_LOWL	AT_LOWW
29.853	83.241	AT_LOWL	CH_LSZH
70.048	146.563	AT_LOWL	DE_EDDF
12.211	36.104	AT_LOWL	DE_EDDL
14.845	18.043	AT_LOWL	EL_LGIR
7.499	10.212	AT_LOWL	EL_LGKO
9.529	11.929	AT_LOWL	EL_LGRP
11.0	14.252	AT_LOWL	ES_GCLP
9.268	13.141	AT_LOWL	ES_GCTS
12.225	15.791	AT_LOWL	ES_LEPA
13.423	18.733	AT_LOWL	TN_DTMB
7.594	10.396	AT_LOWL	TR_LTAG
30.028	41.071	AT_LOWL	TR_LTAI
26.76	54.424	AT_LOWS	AT_LOWW
12.178	32.083	AT_LOWS	BE_EBBS
41.783	104.045	AT_LOWS	CH_LSZH
50.131	78.493	AT_LOWS	DE_EDDF
16.537	37.396	AT_LOWS	DE_EDDL
10.377	14.516	AT_LOWS	EL_LGIR
13.771	18.884	AT_LOWS	ES_GCLP
13.226	18.59	AT_LOWS	ES_GCTS
15.036	21.215	AT_LOWS	ES_LEPA
11.403	20.089	AT_LOWS	FR_LFPO
22.06	56.884	AT_LOWS	NL_EHAM
10.779	14.121	AT_LOWS	TN_DTMB
33.139	50.797	AT_LOWS	TR_LTAI
13.308	15.22	AT_LOWS	UK_EGBB
19.999	22.885	AT_LOWS	UK_EGCC
58.495	73.731	AT_LOWS	UK_EGKK
40.718	75.322	AT_LOWW	AT_LOWG
58.036	101.743	AT_LOWW	AT_LOWI
44.505	83.249	AT_LOWW	AT_LOWK
128.405	226.31	AT_LOWW	BE_EBBS
206.79	347.617	AT_LOWW	CH_LSZH
52.524	101.28	AT_LOWW	CZ_LKPR
268.079	438.345	AT_LOWW	DE_EDDF
38.377	69.539	AT_LOWW	DE_EDDH
93.157	188.781	AT_LOWW	DE_EDDL
142.226	290.555	AT_LOWW	DE_EDDM
44.752	75.186	AT_LOWW	DE_EDDS
62.463	111.042	AT_LOWW	DE_EDDT
98.515	154.717	AT_LOWW	DK_EKCH
70.487	112.608	AT_LOWW	EL_LGAT
41.299	47.755	AT_LOWW	EL_LGIR
48.489	66.314	AT_LOWW	EL_LGTS
48.302	78.6	AT_LOWW	ES_LEBL
44.524	70.416	AT_LOWW	ES_LEMD
46.669	58.796	AT_LOWW	ES_LEPA
220.665	417.596	AT_LOWW	FR_LFPG
37.787	81.856	AT_LOWW	HU_LHBP
49.475	79.044	AT_LOWW	IL_LLBG
84.903	159.602	AT_LOWW	IT_LIML
79.408	134.47	AT_LOWW	IT_LIRF
46.83	40.598	AT_LOWW	MK_LWSK
182.305	279.233	AT_LOWW	NL_EHAM
63.721	106.184	AT_LOWW	PL_EPWA
72.362	123.094	AT_LOWW	RU_UUEE
72.376	116.087	AT_LOWW	SE_ESSA
40.204	56.523	AT_LOWW	SG_WSSS
56.209	90.282	AT_LOWW	TH_VTBD
38.875	46.342	AT_LOWW	TN_DTMB
99.959	125.532	AT_LOWW	TR_LTAI
108.796	160.449	AT_LOWW	TR_LTBA
288.16	383.919	AT_LOWW	UK_EGGG
90.652	134.838	AT_LOWW	UK_EGKK
48.558	72.439	AT_LOWW	US_KATL
86.416	111.054	AT_LOWW	US_KJFK
16.294	18.034	UK_EGAA	CA_CYYZ
21.904	22.363	UK_EGAA	ES_GCLP
22.87	23.537	UK_EGAA	ES_GCRR
28.763	29.149	UK_EGAA	ES_GCTS
18.642	19.419	UK_EGAA	ES_LEMG
50.635	51.823	UK_EGAA	ES_LEPA
14.004	14.24	UK_EGAA	ES_LERS
24.178	55.123	UK_EGAA	IE_EINN
32.094	56.556	UK_EGAA	NL_EHAM
12.798	12.972	UK_EGAA	PT_LPFR
11.709	12.577	UK_EGAA	US_KSFB
70.07	133.843	UK_EGBB	BE_EBBR
21.455	26.096	UK_EGBB	CY_LCLK
26.651	30.257	UK_EGBB	CY_LCPH
96.958	166.271	UK_EGBB	DE_EDDF
99.122	174.262	UK_EGBB	DE_EDDL
47.573	73.053	UK_EGBB	DE_EDDM
26.483	56.96	UK_EGBB	DE_EDDS
26.814	54.521	UK_EGBB	DK_EKCH
26.983	28.708	UK_EGBB	EL_LGKR
20.773	22.161	UK_EGBB	EL_LGZA
22.715	23.922	UK_EGBB	ES_GCFV
51.098	54.154	UK_EGBB	ES_GCLP
46.348	49.6	UK_EGBB	ES_GCRR
110.662	116.338	UK_EGBB	ES_GCTS
63.689	68.093	UK_EGBB	ES_LEAL
25.427	33.998	UK_EGBB	ES_LEBL
45.118	48.492	UK_EGBB	ES_LEIB
77.23	83.484	UK_EGBB	ES_LEMG
46.176	51.751	UK_EGBB	ES_LEMH
153.871	164.952	UK_EGBB	ES_LEPA
197.979	313.987	UK_EGBB	FR_LFPG
299.308	393.87	UK_EGBB	IE_EIDW
36.422	74.126	UK_EGBB	IT_LIML
38.931	41.891	UK_EGBB	MT_LMML
158.072	261.053	UK_EGBB	NL_EHAM
65.649	70.531	UK_EGBB	PT_LPFR
24.829	26.445	UK_EGBB	TN_DTMB
42.524	46.441	UK_EGBB	TR_LTBS
26.29	27.933	UK_EGBB	US_KBGR
24.127	28.83	UK_EGBB	US_KEWR
40.68	67.326	UK_EGBB	US_KJFK
48.242	59.844	UK_EGBB	US_KORD
148.116	248.83	UK_EGCC	BE_EBBR
71.863	81.218	UK_EGCC	CA_CYYZ
81.668	134.664	UK_EGCC	CH_LSZH
95.878	105.051	UK_EGCC	CY_LCLK
89.308	100.284	UK_EGCC	CY_LCPH
140.22	235.191	UK_EGCC	DE_EDDF
84.992	168.206	UK_EGCC	DE_EDDL
38.424	60.973	UK_EGCC	DE_EDDM
76.447	123.278	UK_EGCC	DK_EKCH
61.398	66.825	UK_EGCC	DO_MDPP
56.607	62.814	UK_EGCC	EL_LGIR
42.607	46.643	UK_EGCC	EL_LGKO
76.029	84.363	UK_EGCC	EL_LGKR
59.806	65.818	UK_EGCC	EL_LGRP
49.139	53.289	UK_EGCC	EL_LGZA
61.862	67.986	UK_EGCC	ES_GCFV
163.649	176.762	UK_EGCC	ES_GCLP
151.109	162.773	UK_EGCC	ES_GCRR
361.726	381.979	UK_EGCC	ES_GCTS
273.158	292.424	UK_EGCC	ES_LEAL
40.324	54.714	UK_EGCC	ES_LEBL
51.404	56.092	UK_EGCC	ES_LEGE
155.406	171.896	UK_EGCC	ES_LEIB
38.44	65.079	UK_EGCC	ES_LEMD
291.689	321.729	UK_EGCC	ES_LEMG
120.862	135.062	UK_EGCC	ES_LEMH
402.712	436.542	UK_EGCC	ES_LEPA
51.09	54.921	UK_EGCC	ES_LERS
245.06	385.875	UK_EGCC	FR_LFPG
307.652	409.606	UK_EGCC	IE_EIDW
37.837	62.323	UK_EGCC	IT_LIML
107.434	121.442	UK_EGCC	MT_LMML
282.3	450.382	UK_EGCC	NL_EHAM
80.877	104.331	UK_EGCC	PK_OPRN
204.954	227.967	UK_EGCC	PT_LPFR
40.148	84.622	UK_EGCC	SE_ESSA
68.06	72.763	UK_EGCC	TN_DTMB
68.691	76.055	UK_EGCC	TR_LTBJ
156.014	171.073	UK_EGCC	TR_LTBS
70.464	79.421	UK_EGCC	US_KATL
77.647	103.909	UK_EGCC	US_KEWR
93.315	135.77	UK_EGCC	US_KJFK
97.569	109.059	UK_EGCC	US_KMCO
63.735	72.916	UK_EGCC	US_KORD
155.533	166.191	UK_EGCC	US_KSFB
21.475	22.095	UK_EGFF	ES_GCLP
10.585	11.25	UK_EGFF	ES_GCRR
42.405	44.075	UK_EGFF	ES_GCTS
25.959	27.326	UK_EGFF	ES_LEAL
29.788	31.421	UK_EGFF	ES_LEIB
25.625	27.365	UK_EGFF	ES_LEMG
15.94	16.48	UK_EGFF	ES_LEMH
76.389	80.63	UK_EGFF	ES_LEPA
10.083	10.815	UK_EGFF	ES_LERS
14.29	23.5	UK_EGFF	FR_LFPG
40.169	59.897	UK_EGFF	IE_EIDW
47.944	64.019	UK_EGFF	NL_EHAM
14.75	15.843	UK_EGFF	PT_LPFR
12.631	13.626	UK_EGFF	TR_LTBJ
18.507	19.955	UK_EGFF	TR_LTBS
12.547	13.464	UK_EGFF	US_KSFB
30.627	56.247	UK_EGGD	BE_EBBR
13.898	14.875	UK_EGGD	CY_LCLK
13.474	14.684	UK_EGGD	CY_LCPH
11.044	11.82	UK_EGGD	EL_LGIR
13.649	14.693	UK_EGGD	EL_LGKR
12.211	12.96	UK_EGGD	EL_LGZA
28.768	30.23	UK_EGGD	ES_GCLP
28.874	30.216	UK_EGGD	ES_GCRR
42.779	44.635	UK_EGGD	ES_GCTS
21.969	24.244	UK_EGGD	ES_LEAL
23.62	25.15	UK_EGGD	ES_LEIB
24.224	25.791	UK_EGGD	ES_LEMG
18.606	19.796	UK_EGGD	ES_LEMH
60.218	63.865	UK_EGGD	ES_LEPA
28.783	42.961	UK_EGGD	FR_LFPG
85.789	124.778	UK_EGGD	IE_EIDW
10.8	12.753	UK_EGGD	MT_LMML
34.08	42.073	UK_EGGD	NL_EHAM
24.3	25.92	UK_EGGD	PT_LPFR
22.468	24.261	UK_EGGD	TR_LTBS
11.836	12.54	UK_EGGP	ES_LEAL
11.076	12.917	UK_EGGP	ES_LEPA
86.214	129.73	UK_EGGP	IE_EIDW
7.992	9.0	UK_EGGP	PT_LPFR
7.897	9.18	UK_EGGP	TR_LTBS
29.985	43.89	UK_EGGW	CH_LSZH
48.539	53.618	UK_EGGW	CY_LCLK
44.275	48.745	UK_EGGW	CY_LCPH
16.818	36.542	UK_EGGW	DE_EDDM
30.484	59.616	UK_EGGW	DE_EDLN
27.412	63.677	UK_EGGW	DK_EKCH
15.153	16.31	UK_EGGW	ES_GCFV
25.469	27.431	UK_EGGW	ES_GCLP
29.878	32.287	UK_EGGW	ES_GCRR
59.549	64.734	UK_EGGW	ES_GCTS
52.798	58.119	UK_EGGW	ES_LEAL
87.656	125.723	UK_EGGW	ES_LEBL
24.947	27.473	UK_EGGW	ES_LEIB
24.049	39.079	UK_EGGW	ES_LEMD
65.746	73.407	UK_EGGW	ES_LEMG
39.366	46.26	UK_EGGW	ES_LEMH
73.919	83.652	UK_EGGW	ES_LEPA
86.294	125.387	UK_EGGW	FR_LFMN
11.877	25.522	UK_EGGW	FR_LFPG
14.628	19.541	UK_EGGW	GI_LXGB
120.312	161.031	UK_EGGW	IE_EIDW
10.197	15.69	UK_EGGW	IE_EIKY
10.94	13.768	UK_EGGW	IT_LICJ
20.388	37.497	UK_EGGW	IT_LIRA
21.164	26.195	UK_EGGW	IT_LIRN
87.452	159.591	UK_EGGW	NL_EHAM
36.449	39.995	UK_EGGW	PT_LPFR
10.061	10.61	UK_EGGW	TN_DTMB
16.792	18.222	UK_EGGW	TR_LTBS
9.495	10.283	UK_EGHH	ES_GCTS
10.047	12.36	UK_EGHH	ES_LEAL
20.205	21.887	UK_EGHH	ES_LEPA
50.825	78.059	UK_EGHH	IE_EIDW
10.095	21.623	UK_EGHI	BE_EBBR
27.521	51.103	UK_EGHI	FR_LFPG
34.35	52.348	UK_EGHI	NL_EHAM
10.566	17.813	UK_EGJJ	FR_LFPG
8.376	15.047	UK_EGJJ	FR_LFRD
7.223	9.462	UK_EGJJ	IE_EIDW
4.908	6.962	UK_EGJJ	PT_LPFU
55.658	65.152	UK_EGKK	AE_OMAA
55.269	72.049	UK_EGKK	AE_OMDB
107.969	119.827	UK_EGKK	AG_TAPA
38.508	50.125	UK_EGKK	AR_SAEZ
58.865	73.807	UK_EGKK	AT_LOWS
90.286	132.416	UK_EGKK	AT_LOWW
121.798	133.616	UK_EGKK	BB_TBPB
93.172	233.92	UK_EGKK	BE_EBBR
73.981	83.092	UK_EGKK	BH_OBBI
37.529	48.521	UK_EGKK	BR_SBGR
67.877	73.438	UK_EGKK	CA_CYYZ
120.38	174.251	UK_EGKK	CH_LSGG
62.549	104.155	UK_EGKK	CH_LSZH
87.811	97.578	UK_EGKK	CY_LCLK
86.895	96.517	UK_EGKK	CY_LCPH
104.259	194.303	UK_EGKK	DE_EDDF
44.667	92.792	UK_EGKK	DE_EDDH
58.396	106.936	UK_EGKK	DE_EDDM
37.0	79.504	UK_EGKK	DE_EDDT
67.176	115.02	UK_EGKK	DK_EKBI
92.817	160.823	UK_EGKK	DK_EKCH
58.027	61.639	UK_EGKK	DO_MDPP
79.989	95.664	UK_EGKK	EG_HELX
174.648	220.237	UK_EGKK	EL_LGAT
77.895	85.618	UK_EGKK	EL_LGIR
43.737	48.261	UK_EGKK	EL_LGKO
94.736	104.027	UK_EGKK	EL_LGKR
82.4	90.412	UK_EGKK	EL_LGRP
28.183	33.431	UK_EGKK	EL_LGTS
55.087	58.731	UK_EGKK	EL_LGZA
83.01	85.834	UK_EGKK	ES_GCFV
148.163	155.53	UK_EGKK	ES_GCLP
175.255	186.853	UK_EGKK	ES_GCRR
328.417	358.085	UK_EGKK	ES_GCTS
229.198	250.776	UK_EGKK	ES_LEAL
74.662	117.213	UK_EGKK	ES_LEBL
43.266	48.974	UK_EGKK	ES_LEGE
145.078	160.685	UK_EGKK	ES_LEIB
174.973	253.387	UK_EGKK	ES_LEMD
434.939	478.695	UK_EGKK	ES_LEMG
134.327	145.754	UK_EGKK	ES_LEMH
313.222	343.552	UK_EGKK	ES_LEPA
64.651	111.456	UK_EGKK	FR_LFBD
100.518	155.718	UK_EGKK	FR_LFBO
74.917	108.095	UK_EGKK	FR_LFLL
85.489	123.79	UK_EGKK	FR_LFML
169.076	279.441	UK_EGKK	FR_LFPG
38.961	48.135	UK_EGKK	GI_LXGB
44.293	56.618	UK_EGKK	IE_EICK
255.154	328.221	UK_EGKK	IE_EIDW
63.123	97.447	UK_EGKK	IE_EINN
142.538	174.095	UK_EGKK	IL_LLBG
50.738	77.072	UK_EGKK	IT_LIMJ
45.683	85.125	UK_EGKK	IT_LIML
38.451	65.791	UK_EGKK	IT_LIPE
95.335	133.184	UK_EGKK	IT_LIPN
103.577	163.491	UK_EGKK	IT_LIPZ
42.0	55.226	UK_EGKK	IT_LIRA
69.259	125.419	UK_EGKK	IT_LIRF
117.24	145.828	UK_EGKK	IT_LIRN
124.888	173.816	UK_EGKK	IT_LIRP
48.801	76.164	UK_EGKK	IT_LIRQ
42.869	46.24	UK_EGKK	JM_MKJP
111.948	144.002	UK_EGKK	KE_HKNA
160.824	193.694	UK_EGKK	MT_LMML
38.075	48.922	UK_EGKK	MX_MMMX
203.299	323.347	UK_EGKK	NL_EHAM
95.718	149.252	UK_EGKK	NO_ENFB
298.016	330.029	UK_EGKK	PT_LPFR
55.286	62.08	UK_EGKK	PT_LPFU
45.287	66.936	UK_EGKK	PT_LPPR
49.289	79.907	UK_EGKK	PT_LPPT
125.547	186.525	UK_EGKK	SE_ESSA
79.492	84.336	UK_EGKK	TN_DTMB
63.572	69.061	UK_EGKK	TR_LTBJ
159.25	175.826	UK_EGKK	TR_LTBS
217.625	259.596	UK_EGKK	US_KATL
116.418	144.999	UK_EGKK	US_KBOS
56.941	89.094	UK_EGKK	US_KBWI
61.964	89.193	UK_EGKK	US_KCLT
74.305	94.597	UK_EGKK	US_KCVG
192.716	229.343	UK_EGKK	US_KDFW
114.208	142.15	UK_EGKK	US_KDTW
193.819	269.284	UK_EGKK	US_KEWR
215.893	310.521	UK_EGKK	US_KIAH
63.539	88.395	UK_EGKK	US_KJFK
273.496	267.293	UK_EGKK	US_KMCO
166.845	221.969	UK_EGKK	US_KMIA
86.984	102.501	UK_EGKK	US_KMSP
60.38	67.08	UK_EGKK	US_KPHX
49.989	73.459	UK_EGKK	US_KPIT
46.297	60.427	UK_EGKK	US_KRDU
167.21	178.786	UK_EGKK	US_KSFB
88.514	127.577	UK_EGKK	US_KSTL
40.876	33.721	UK_EGKK	US_KTPA
79.98	106.365	UK_EGKK	ZW_FVHA
33.318	67.5	UK_EGLC	BE_EBAW
29.595	58.99	UK_EGLC	BE_EBBR
34.677	68.313	UK_EGLC	CH_LSGG
12.677	19.998	UK_EGLC	CH_LSZB
35.803	64.634	UK_EGLC	CH_LSZH
33.156	56.002	UK_EGLC	DE_EDDF
31.18	60.186	UK_EGLC	DE_EDLN
48.014	129.052	UK_EGLC	FR_LFPG
102.551	159.465	UK_EGLC	IE_EIDW
66.903	123.536	UK_EGLC	NL_EHAM
53.052	121.231	UK_EGLC	NL_EHRD
21.133	51.05	UK_EGLC	SE_ESMS
63.732	112.138	UK_EGLL	AE_OMAA
311.515	437.732	UK_EGLL	AE_OMDB
286.478	422.12	UK_EGLL	AT_LOWW
529.632	1018.651	UK_EGLL	BE_EBBR
153.374	232.547	UK_EGLL	BH_OBBI
48.178	59.211	UK_EGLL	BR_SBGR
115.813	148.662	UK_EGLL	CA_CYMX
50.417	79.169	UK_EGLL	CA_CYUL
223.274	281.845	UK_EGLL	CA_CYVR
124.351	155.686	UK_EGLL	CA_CYYC
470.168	608.075	UK_EGLL	CA_CYYZ
390.15	598.789	UK_EGLL	CH_LSGG
538.424	819.6	UK_EGLL	CH_LSZH
106.386	207.982	UK_EGLL	CH_LSZM
63.299	115.014	UK_EGLL	CN_ZBAA
189.739	257.524	UK_EGLL	CY_LCLK
206.17	300.168	UK_EGLL	CZ_LKPR
748.935	1093.354	UK_EGLL	DE_EDDF
235.773	383.386	UK_EGLL	DE_EDDH
125.632	204.61	UK_EGLL	DE_EDDK
323.032	505.813	UK_EGLL	DE_EDDL
414.41	661.002	UK_EGLL	DE_EDDM
161.239	216.766	UK_EGLL	DE_EDDS
235.178	378.245	UK_EGLL	DE_EDDT
136.948	207.446	UK_EGLL	DE_EDVV
402.613	630.001	UK_EGLL	DK_EKCH
155.089	230.158	UK_EGLL	EG_HECA
308.607	411.952	UK_EGLL	EL_LGAT
36.136	53.408	UK_EGLL	ES_LEAL
96.142	159.564	UK_EGLL	ES_LEBB
278.992	393.512	UK_EGLL	ES_LEBL
387.098	593.022	UK_EGLL	ES_LEMD
52.873	74.309	UK_EGLL	ES_LEMG
44.694	57.945	UK_EGLL	ES_LEPA
182.74	261.815	UK_EGLL	FI_EFHK
48.738	94.766	UK_EGLL	FR_LFBO
122.051	213.696	UK_EGLL	FR_LFLL
245.46	333.978	UK_EGLL	FR_LFMN
889.904	1393.048	UK_EGLL	FR_LFPG
217.539	365.644	UK_EGLL	FR_LFPO
38.249	46.654	UK_EGLL	GI_LXGB
499.718	634.206	UK_EGLL	HK_VHHH
158.146	248.256	UK_EGLL	HU_LHBP
163.173	205.022	UK_EGLL	IE_EICK
884.438	1106.531	UK_EGLL	IE_EIDW
162.483	205.562	UK_EGLL	IE_EINN
208.38	242.602	UK_EGLL	IL_LLBG
196.878	257.752	UK_EGLL	IN_VABB
302.458	381.292	UK_EGLL	IN_VIDP
60.462	81.517	UK_EGLL	IS_BIKF
42.141	74.606	UK_EGLL	IT_LIMF
500.438	773.039	UK_EGLL	IT_LIML
59.599	101.282	UK_EGLL	IT_LIPE
76.785	104.038	UK_EGLL	IT_LIPZ
559.439	774.223	UK_EGLL	IT_LIRF
42.622	73.283	UK_EGLL	JO_OJAI
498.003	666.996	UK_EGLL	JP_RJAA
187.854	254.087	UK_EGLL	JP_RJBB
38.407	52.932	UK_EGLL	JP_RJNN
37.984	50.84	UK_EGLL	KE_HKNA
111.987	166.614	UK_EGLL	KR_RKSS
108.814	185.155	UK_EGLL	KW_OKBK
69.377	104.038	UK_EGLL	LB_OLBA
47.896	55.772	UK_EGLL	LK_VCBI
63.653	132.462	UK_EGLL	LU_ELLX
75.992	101.477	UK_EGLL	MT_LMML
282.876	347.735	UK_EGLL	MY_WMKK
986.227	1320.573	UK_EGLL	NL_EHAM
61.119	75.778	UK_EGLL	NL_EHRD
300.521	478.112	UK_EGLL	NO_ENFB
57.63	111.609	UK_EGLL	NO_ENZV
146.781	241.301	UK_EGLL	PL_EPWA
38.76	49.204	UK_EGLL	PT_LPFR
39.554	56.041	UK_EGLL	PT_LPPR
293.326	411.856	UK_EGLL	PT_LPPT
82.652	128.565	UK_EGLL	QA_OTBD
143.336	227.078	UK_EGLL	RU_UUEE
38.929	80.439	UK_EGLL	SA_OEDR
93.264	149.498	UK_EGLL	SA_OEJN
59.411	105.711	UK_EGLL	SA_OERK
131.303	228.221	UK_EGLL	SE_ESGG
396.124	604.645	UK_EGLL	SE_ESSA
541.063	641.428	UK_EGLL	SG_WSSS
397.075	480.432	UK_EGLL	TH_VTBD
218.617	301.416	UK_EGLL	TR_LTBA
352.223	440.787	UK_EGLL	US_KBOS
49.157	66.376	UK_EGLL	US_KDTW
299.882	395.386	UK_EGLL	US_KEWR
449.637	565.447	UK_EGLL	US_KIAD
1321.222	1706.058	UK_EGLL	US_KJFK
665.129	806.192	UK_EGLL	US_KLAX
265.115	306.115	UK_EGLL	US_KMIA
528.305	669.135	UK_EGLL	US_KORD
164.347	212.933	UK_EGLL	US_KPHL
107.761	137.669	UK_EGLL	US_KSEA
495.412	576.276	UK_EGLL	US_KSFO
107.864	134.871	UK_EGLL	ZA_FACT
400.18	533.347	UK_EGLL	ZA_FAJS
12.507	13.246	UK_EGNJ	ES_GCTS
18.177	19.255	UK_EGNJ	ES_LEAL
9.043	9.945	UK_EGNJ	ES_LEMG
21.089	22.829	UK_EGNJ	ES_LEPA
48.246	65.237	UK_EGNJ	NL_EHAM
8.683	9.438	UK_EGNJ	TR_LTBS
25.094	43.823	UK_EGNM	BE_EBBR
15.331	16.542	UK_EGNM	ES_GCLP
22.96	24.575	UK_EGNM	ES_GCTS
25.493	26.732	UK_EGNM	ES_LEAL
14.118	14.963	UK_EGNM	ES_LEIB
22.571	24.292	UK_EGNM	ES_LEMG
50.307	53.257	UK_EGNM	ES_LEPA
14.395	19.338	UK_EGNM	FR_LFPG
88.4	129.239	UK_EGNM	IE_EIDW
47.792	69.817	UK_EGNM	NL_EHAM
46.197	98.077	UK_EGNT	BE_EBBR
12.48	13.49	UK_EGNT	CY_LCLK
11.458	13.402	UK_EGNT	CY_LCPH
11.291	35.937	UK_EGNT	DK_EKCH
12.282	13.145	UK_EGNT	EL_LGIR
15.351	16.668	UK_EGNT	EL_LGKR
9.962	10.817	UK_EGNT	EL_LGRP
31.138	32.863	UK_EGNT	ES_GCLP
24.656	26.857	UK_EGNT	ES_GCRR
60.828	63.546	UK_EGNT	ES_GCTS
46.104	48.315	UK_EGNT	ES_LEAL
14.992	15.96	UK_EGNT	ES_LEGE
32.229	34.854	UK_EGNT	ES_LEIB
42.763	45.787	UK_EGNT	ES_LEMG
22.321	24.066	UK_EGNT	ES_LEMH
83.994	89.855	UK_EGNT	ES_LEPA
11.848	20.836	UK_EGNT	FR_LFPG
34.554	45.693	UK_EGNT	IE_EIDW
14.248	15.909	UK_EGNT	MT_LMML
91.672	132.596	UK_EGNT	NL_EHAM
24.831	38.361	UK_EGNT	NO_ENFB
22.195	38.324	UK_EGNT	NO_ENZV
28.48	30.542	UK_EGNT	PT_LPFR
16.697	17.901	UK_EGNT	TR_LTBJ
34.463	37.028	UK_EGNT	TR_LTBS
11.073	11.634	UK_EGNT	US_KSFB
14.933	15.384	UK_EGNV	ES_GCTS
19.439	19.96	UK_EGNV	ES_LEAL
24.773	26.365	UK_EGNV	ES_LEPA
37.789	51.106	UK_EGNV	NL_EHAM
7.385	7.785	UK_EGNV	TR_LTBJ
10.666	18.445	UK_EGNX	BE_EBBR
16.132	17.876	UK_EGNX	CY_LCLK
15.26	16.249	UK_EGNX	CY_LCPH
14.106	15.195	UK_EGNX	EL_LGIR
13.393	14.546	UK_EGNX	EL_LGZA
11.176	11.499	UK_EGNX	ES_GCFV
23.649	24.702	UK_EGNX	ES_GCLP
30.482	31.576	UK_EGNX	ES_GCRR
66.06	69.112	UK_EGNX	ES_GCTS
60.1	64.531	UK_EGNX	ES_LEAL
9.977	10.555	UK_EGNX	ES_LEGE
37.424	39.398	UK_EGNX	ES_LEIB
40.631	43.583	UK_EGNX	ES_LEMG
28.506	30.931	UK_EGNX	ES_LEMH
110.663	118.155	UK_EGNX	ES_LEPA
54.111	89.709	UK_EGNX	FR_LFPG
19.003	25.98	UK_EGNX	IE_EIDW
19.192	21.282	UK_EGNX	MT_LMML
51.46	88.17	UK_EGNX	NL_EHAM
29.827	32.138	UK_EGNX	PT_LPFR
10.228	11.698	UK_EGNX	TR_LTBJ
27.369	29.688	UK_EGNX	TR_LTBS
6.091	6.343	UK_EGPD	ES_GCTS
14.893	15.529	UK_EGPD	ES_LEPA
81.55	116.713	UK_EGPD	NL_EHAM
7.402	15.755	UK_EGPD	NO_ENBR
66.384	119.183	UK_EGPD	NO_ENZV
43.685	77.066	UK_EGPF	BE_EBBR
88.731	97.273	UK_EGPF	CA_CYYZ
21.122	23.048	UK_EGPF	CY_LCLK
60.306	63.326	UK_EGPF	ES_GCLP
50.04	51.929	UK_EGPF	ES_GCRR
100.387	104.809	UK_EGPF	ES_GCTS
62.874	66.328	UK_EGPF	ES_LEAL
20.658	21.994	UK_EGPF	ES_LEGE
30.629	32.28	UK_EGPF	ES_LEIB
60.255	62.395	UK_EGPF	ES_LEMG
26.568	27.51	UK_EGPF	ES_LEMH
132.272	138.606	UK_EGPF	ES_LEPA
25.518	26.814	UK_EGPF	ES_LERS
80.733	98.845	UK_EGPF	IE_EIDW
34.407	50.45	UK_EGPF	IS_BIKF
29.045	32.905	UK_EGPF	MT_LMML
94.719	115.635	UK_EGPF	NL_EHAM
46.781	48.851	UK_EGPF	PT_LPFR
37.155	40.016	UK_EGPF	TR_LTBS
28.043	38.935	UK_EGPF	US_KJFK
23.759	27.961	UK_EGPF	US_KORD
62.331	65.857	UK_EGPF	US_KSFB
43.272	68.007	UK_EGPH	BE_EBBR
12.089	19.738	UK_EGPH	CH_LSZH
23.673	31.339	UK_EGPH	DK_EKCH
18.848	19.916	UK_EGPH	ES_GCTS
15.165	15.945	UK_EGPH	ES_LEAL
25.033	26.201	UK_EGPH	ES_LEPA
30.183	43.49	UK_EGPH	FR_LFPG
75.544	93.711	UK_EGPH	IE_EIDW
109.009	141.896	UK_EGPH	NL_EHAM
8.506	9.252	UK_EGPK	ES_LEPA
101.857	136.908	UK_EGPK	IE_EIDW
8.271	10.975	UK_EGPK	US_KMCO
8.719	9.174	UK_EGSH	ES_LEPA
48.108	77.974	UK_EGSH	NL_EHAM
31.161	58.101	UK_EGSS	BE_EBBR
45.953	65.129	UK_EGSS	CH_LSZH
53.969	102.91	UK_EGSS	DE_EDDF
46.073	98.474	UK_EGSS	DE_EDDL
35.412	58.256	UK_EGSS	DE_EDDM
80.166	128.008	UK_EGSS	DK_EKCH
33.645	35.543	UK_EGSS	ES_GCTS
32.422	36.756	UK_EGSS	ES_LEMG
28.279	31.313	UK_EGSS	ES_LEMH
71.233	80.722	UK_EGSS	ES_LEPA
24.919	30.074	UK_EGSS	FI_EFHK
60.773	95.673	UK_EGSS	FR_LFPG
117.464	157.108	UK_EGSS	IE_EICK
498.419	663.258	UK_EGSS	IE_EIDW
61.9	80.187	UK_EGSS	IE_EIKN
50.166	62.088	UK_EGSS	IL_LLBG
82.166	170.164	UK_EGSS	IT_LIML
160.667	245.113	UK_EGSS	NL_EHAM
25.777	28.125	UK_EGSS	NO_ENGM
29.244	31.911	UK_EGSS	PT_LPFR
44.517	58.966	UK_EGSS	SE_ESKN
44.276	49.352	UK_EGSS	SE_ESSA
28.527	46.276	UK_EGSS	TR_LTAI
9.586	10.075	UK_EGTE	ES_GCTS
5.131	5.282	UK_EGTE	ES_LEMG
12.588	13.455	UK_EGTE	ES_LEPA
8.245	14.019	UK_EGTE	IE_EIDW
5.013	5.565	UK_EGTE	MT_LMML
5.213	5.312	UK_EGTE	PT_LPFR
31.589	:	CH_LSGG	AT_LOWW
113.648	:	CH_LSGG	BE_EBBR
37.438	:	CH_LSGG	CH_LSZA
408.654	:	CH_LSGG	CH_LSZH
34.602	:	CH_LSGG	CH_LSZM
118.109	:	CH_LSGG	DE_EDDF
43.628	:	CH_LSGG	DE_EDDM
49.558	:	CH_LSGG	DK_EKCH
43.508	:	CH_LSGG	EL_LGAT
55.724	:	CH_LSGG	ES_LEBL
79.907	:	CH_LSGG	ES_LEMD
20.468	:	CH_LSGG	ES_LEMG
20.71	:	CH_LSGG	ES_LEPA
72.866	:	CH_LSGG	FR_LFMN
316.568	:	CH_LSGG	FR_LFPG
28.382	:	CH_LSGG	IL_LLBG
94.573	:	CH_LSGG	IT_LIRF
35.596	:	CH_LSGG	MA_GMMN
134.167	:	CH_LSGG	NL_EHAM
31.877	:	CH_LSGG	PT_LPPR
54.679	:	CH_LSGG	PT_LPPT
37.53	:	CH_LSGG	RU_UUEE
25.239	:	CH_LSGG	SE_ESSA
31.614	:	CH_LSGG	TN_DTTA
30.073	:	CH_LSGG	TR_LTBA
37.276	:	CH_LSGG	UK_EGCC
119.207	:	CH_LSGG	UK_EGKK
33.654	:	CH_LSGG	UK_EGLC
391.105	:	CH_LSGG	UK_EGLL
71.745	:	CH_LSGG	US_KJFK
39.493	:	CH_LSZA	CH_LSGG
12.496	:	CH_LSZA	CH_LSZB
71.65	:	CH_LSZA	CH_LSZH
13.445	:	CH_LSZA	CH_LSZM
11.16	:	CH_LSZA	IT_LIPZ
9.151	:	CH_LSZA	IT_LIRQ
5.935	:	CH_LSZB	CH_LSZA
14.026	:	CH_LSZB	CH_LSZM
8.439	:	CH_LSZB	DE_EDDM
8.518	:	CH_LSZB	FR_LFPG
18.314	:	CH_LSZB	NL_EHAM
12.749	:	CH_LSZB	UK_EGLC
40.14	:	CH_LSZH	AT_LOWS
206.205	:	CH_LSZH	AT_LOWW
125.769	:	CH_LSZH	BE_EBBR
44.754	:	CH_LSZH	BR_SBGL
45.25	:	CH_LSZH	CA_CYMX
68.258	:	CH_LSZH	CA_CYYZ
393.492	:	CH_LSZH	CH_LSGG
72.397	:	CH_LSZH	CH_LSZA
100.538	:	CH_LSZH	CH_LSZM
98.182	:	CH_LSZH	CY_LCLK
99.305	:	CH_LSZH	CZ_LKPR
215.577	:	CH_LSZH	DE_EDDF
77.951	:	CH_LSZH	DE_EDDH
38.762	:	CH_LSZH	DE_EDDK
116.515	:	CH_LSZH	DE_EDDL
135.305	:	CH_LSZH	DE_EDDM
63.309	:	CH_LSZH	DE_EDDS
100.347	:	CH_LSZH	DE_EDDT
44.502	:	CH_LSZH	DE_EDDV
101.102	:	CH_LSZH	DK_EKCH
46.884	:	CH_LSZH	EG_HECA
43.469	:	CH_LSZH	EG_HEGN
52.775	:	CH_LSZH	EG_HESH
110.813	:	CH_LSZH	EL_LGAT
62.526	:	CH_LSZH	EL_LGIR
42.262	:	CH_LSZH	EL_LGKO
88.914	:	CH_LSZH	ES_GCLP
39.985	:	CH_LSZH	ES_GCTS
81.494	:	CH_LSZH	ES_LEBL
115.428	:	CH_LSZH	ES_LEMD
66.314	:	CH_LSZH	ES_LEMG
116.293	:	CH_LSZH	ES_LEPA
81.106	:	CH_LSZH	FI_EFHK
46.395	:	CH_LSZH	FR_LFLL
79.944	:	CH_LSZH	FR_LFMN
284.303	:	CH_LSZH	FR_LFPG
40.521	:	CH_LSZH	GH_DGAA
79.286	:	CH_LSZH	HK_VHHH
38.709	:	CH_LSZH	HR_LDZA
99.605	:	CH_LSZH	HU_LHBP
43.817	:	CH_LSZH	IE_EIDW
116.463	:	CH_LSZH	IL_LLBG
38.432	:	CH_LSZH	IT_LIMF
41.463	:	CH_LSZH	IT_LIMJ
145.799	:	CH_LSZH	IT_LIML
150.984	:	CH_LSZH	IT_LIRF
58.96	:	CH_LSZH	JP_RJAA
47.851	:	CH_LSZH	JP_RJBB
47.993	:	CH_LSZH	KR_RKSS
103.082	:	CH_LSZH	MK_LWSK
260.735	:	CH_LSZH	NL_EHAM
64.568	:	CH_LSZH	NO_ENFB
40.632	:	CH_LSZH	PL_EPWA
50.949	:	CH_LSZH	PT_LPPR
75.128	:	CH_LSZH	PT_LPPT
46.355	:	CH_LSZH	RO_LROP
54.948	:	CH_LSZH	RU_UUEE
84.288	:	CH_LSZH	SE_ESSA
145.336	:	CH_LSZH	SG_WSSS
40.27	:	CH_LSZH	TH_VTBD
176.271	:	CH_LSZH	TR_LTBA
47.31	:	CH_LSZH	UK_EGCC
61.288	:	CH_LSZH	UK_EGKK
41.505	:	CH_LSZH	UK_EGLC
533.9	:	CH_LSZH	UK_EGLL
46.196	:	CH_LSZH	UK_EGSS
123.434	:	CH_LSZH	US_KATL
51.415	:	CH_LSZH	US_KCVG
54.44	:	CH_LSZH	US_KEWR
60.112	:	CH_LSZH	US_KIAD
115.379	:	CH_LSZH	US_KJFK
77.921	:	CH_LSZH	US_KLAX
56.601	:	CH_LSZH	US_KORD
96.596	:	CH_LSZH	US_KPHL
40.711	:	CH_LSZH	US_KSAN
55.929	:	CH_LSZH	US_KSFO
40.656	:	CH_LSZH	ZA_FACT
19.757	:	CH_LSZM	AT_LOWW
29.568	:	CH_LSZM	BE_EBBR
28.102	:	CH_LSZM	CH_LSGG
9.085	:	CH_LSZM	CH_LSZA
113.464	:	CH_LSZM	CH_LSZH
43.917	:	CH_LSZM	DE_EDDF
11.14	:	CH_LSZM	DE_EDDH
15.301	:	CH_LSZM	DE_EDDI
19.356	:	CH_LSZM	DE_EDDL
21.896	:	CH_LSZM	DE_EDDM
21.057	:	CH_LSZM	EL_LGIR
24.261	:	CH_LSZM	ES_GCLP
18.563	:	CH_LSZM	ES_GCRR
20.078	:	CH_LSZM	ES_GCTS
18.921	:	CH_LSZM	ES_LEBL
10.794	:	CH_LSZM	ES_LEIB
11.82	:	CH_LSZM	ES_LEMD
60.476	:	CH_LSZM	ES_LEPA
103.586	:	CH_LSZM	FR_LFPG
217.974	:	CH_LSZM	FR_LFPO
14.813	:	CH_LSZM	KE_HKMO
50.92	:	CH_LSZM	NL_EHAM
8.95	:	CH_LSZM	TN_DTMB
13.344	:	CH_LSZM	TR_LTAI
22.82	:	CH_LSZM	TR_LTBA
10.438	:	CH_LSZM	TR_LTBJ
8.752	:	CH_LSZM	UK_EGBB
13.236	:	CH_LSZM	UK_EGCC
103.964	:	CH_LSZM	UK_EGLL
13.36	:	CH_LSZM	UK_EGSS
60.245	:	CH_LSZH_RS	ME_LYBE
68.18	:	CH_LSZH_RS	ME_LYPR
17.425	21.985	DE_EDDB	BG_LBBG
17.239	30.602	DE_EDDB	BG_LBSF
17.516	22.285	DE_EDDB	BG_LBWN
16.199	43.863	DE_EDDB	CH_LSZH
13.181	18.692	DE_EDDB	CY_LCLK
18.667	39.204	DE_EDDB	DE_EDDF
23.345	49.902	DE_EDDB	DE_EDDK
25.721	45.951	DE_EDDB	DE_EDDM
9.498	26.019	DE_EDDB	DE_EDDP
9.058	17.465	DE_EDDB	DE_EDVV
4.678	4.979	DE_EDDB	DO_MDPP
9.795	16.911	DE_EDDB	EG_HECA
16.062	22.668	DE_EDDB	EG_HEGN
29.882	36.706	DE_EDDB	EL_LGIR
14.332	17.417	DE_EDDB	EL_LGRD
8.608	10.878	DE_EDDB	EL_LGTS
20.491	26.085	DE_EDDB	ES_GCFV
37.264	48.489	DE_EDDB	ES_GCLP
21.627	29.25	DE_EDDB	ES_GCRR
33.97	42.561	DE_EDDB	ES_GCXO
12.676	15.352	DE_EDDB	ES_LEIB
95.055	116.565	DE_EDDB	ES_LEPA
11.906	18.15	DE_EDDB	IL_LLBG
19.032	23.596	DE_EDDB	MT_LMML
20.103	27.084	DE_EDDB	PT_LPFR
12.034	25.932	DE_EDDB	RU_ULLI
45.936	81.144	DE_EDDB	RU_UU90
38.742	49.571	DE_EDDB	TN_DTMB
12.491	15.85	DE_EDDB	TN_DTTJ
10.849	15.087	DE_EDDB	TR_LTAC
82.169	104.068	DE_EDDB	TR_LTAI
21.983	34.822	DE_EDDB	TR_LTBA
152.293	260.652	DE_EDDC	DE_EDDF
36.381	91.987	DE_EDDC	DE_EDDH
50.761	94.322	DE_EDDC	DE_EDDK
68.751	117.465	DE_EDDC	DE_EDDL
80.711	160.184	DE_EDDC	DE_EDDM
10.158	23.316	DE_EDDC	DE_EDDN
20.875	61.738	DE_EDDC	DE_EDDP
61.584	102.114	DE_EDDC	DE_EDDS
18.823	23.306	DE_EDDC	EL_LGIR
12.296	16.026	DE_EDDC	EL_LGRD
17.413	23.61	DE_EDDC	ES_GCLP
19.571	24.555	DE_EDDC	ES_GCXO
42.623	55.271	DE_EDDC	ES_LEPA
9.735	15.957	DE_EDDC	NL_EHAM
11.122	14.271	DE_EDDC	PT_LPFR
19.506	25.318	DE_EDDC	TN_DTMB
40.679	49.358	DE_EDDC	TR_LTAI
9.821	30.69	DE_EDDE	DE_EDDM
8.93	13.751	DE_EDDE	EL_LGIR
8.499	10.667	DE_EDDE	ES_GCXO
25.622	31.353	DE_EDDE	ES_LEPA
10.55	14.24	DE_EDDE	TN_DTMB
21.378	28.372	DE_EDDE	TR_LTAI
102.669	143.439	DE_EDDF	AE_OMDB
58.914	66.803	DE_EDDF	AR_SAEZ
74.655	153.72	DE_EDDF	AT_LOWG
70.728	154.36	DE_EDDF	AT_LOWL
52.746	78.13	DE_EDDF	AT_LOWS
266.301	440.959	DE_EDDF	AT_LOWW
233.651	394.52	DE_EDDF	BE_EBBR
106.918	130.084	DE_EDDF	BR_SB90
57.674	82.957	DE_EDDF	BR_SBGL
208.925	261.702	DE_EDDF	CA_CYTZ
96.251	127.511	DE_EDDF	CA_CYVR
74.17	96.772	DE_EDDF	CA_CYYC
127.992	227.954	DE_EDDF	CH_LSGG
230.637	423.19	DE_EDDF	CH_LSZH
44.397	74.933	DE_EDDF	CH_LSZM
112.899	164.91	DE_EDDF	CN_ZBAA
44.84	57.001	DE_EDDF	CO_SKBO
54.402	83.966	DE_EDDF	CY_LCLK
110.18	189.945	DE_EDDF	CZ_LKPR
153.943	258.976	DE_EDDF	DE_EDDC
68.568	122.629	DE_EDDF	DE_EDDG
624.554	839.74	DE_EDDF	DE_EDDH
44.42	71.64	DE_EDDF	DE_EDDI
163.02	279.1	DE_EDDF	DE_EDDK
304.931	452.282	DE_EDDF	DE_EDDL
628.609	889.374	DE_EDDF	DE_EDDM
177.286	285.646	DE_EDDF	DE_EDDN
151.841	263.275	DE_EDDF	DE_EDDP
196.324	310.393	DE_EDDF	DE_EDDS
682.362	971.945	DE_EDDF	DE_EDDT
192.414	263.905	DE_EDDF	DE_EDDW
50.142	86.537	DE_EDDF	DE_EDNY
236.035	366.803	DE_EDDF	DE_EDVV
209.715	332.459	DE_EDDF	DK_EK90
125.233	171.866	DE_EDDF	EG_HECA
35.553	48.816	DE_EDDF	EG_HEGN
197.002	278.451	DE_EDDF	EL_LGAT
75.52	88.355	DE_EDDF	EL_LGIR
84.282	128.695	DE_EDDF	EL_LGTS
81.829	95.764	DE_EDDF	ES_GCFV
121.682	144.922	DE_EDDF	ES_GCLP
76.818	91.866	DE_EDDF	ES_GCRR
89.72	106.936	DE_EDDF	ES_GCXO
40.574	51.161	DE_EDDF	ES_LEAL
44.747	80.837	DE_EDDF	ES_LEBB
177.777	248.67	DE_EDDF	ES_LEBL
44.716	53.041	DE_EDDF	ES_LEIB
193.352	305.2	DE_EDDF	ES_LEMD
100.66	123.694	DE_EDDF	ES_LEMG
335.962	388.432	DE_EDDF	ES_LEPA
47.036	68.821	DE_EDDF	ES_LEVC
122.083	191.769	DE_EDDF	FI_EFHF
484.725	838.806	DE_EDDF	FR_LF90
70.573	123.56	DE_EDDF	FR_LFLL
96.081	152.75	DE_EDDF	FR_LFMN
204.736	275.336	DE_EDDF	HK_VHHH
60.952	115.2	DE_EDDF	HR_LDZA
133.829	226.197	DE_EDDF	HU_LHBP
105.45	142.707	DE_EDDF	IE_EIDW
154.716	209.063	DE_EDDF	IL_LLBG
131.072	196.685	DE_EDDF	IN_VABB
147.102	185.927	DE_EDDF	IN_VIDP
64.27	101.328	DE_EDDF	IR_OIII
247.943	455.744	DE_EDDF	IT_LI90
284.718	473.497	DE_EDDF	IT_LI91
132.414	192.911	DE_EDDF	IT_LI92
83.763	140.987	DE_EDDF	IT_LIMF
90.989	153.515	DE_EDDF	IT_LIPE
43.097	67.874	DE_EDDF	IT_LIRN
249.039	340.871	DE_EDDF	JP_RJ90
106.808	147.037	DE_EDDF	JP_RJOO
123.354	192.263	DE_EDDF	KR_RKSS
50.881	70.521	DE_EDDF	KW_OKBK
31.802	68.185	DE_EDDF	KZ_UAAA
71.942	135.144	DE_EDDF	LU_ELLX
38.479	60.585	DE_EDDF	MA_GMMC
68.111	101.04	DE_EDDF	MT_LMML
74.745	87.999	DE_EDDF	MX_MMMX
85.251	120.317	DE_EDDF	MY_WMKK
56.873	78.262	DE_EDDF	NA_FYWH
277.773	470.77	DE_EDDF	NL_EHAM
107.179	178.106	DE_EDDF	NO_ENFB
51.649	77.321	DE_EDDF	PH_RPMM
140.007	257.844	DE_EDDF	PL_EPWA
78.599	99.64	DE_EDDF	PT_LPFR
60.255	104.71	DE_EDDF	PT_LPPR
136.32	199.757	DE_EDDF	PT_LPPT
40.364	80.541	DE_EDDF	RO_LRBB
59.409	103.861	DE_EDDF	RU_ULLI
193.528	346.338	DE_EDDF	RU_UU90
151.731	218.369	DE_EDDF	SE_ESCN
54.801	101.24	DE_EDDF	SE_ESGG
296.93	379.825	DE_EDDF	SG_WSSS
43.127	94.511	DE_EDDF	SI_LJLJ
381.602	487.309	DE_EDDF	TH_VTBD
68.067	83.037	DE_EDDF	TN_DTMB
55.653	87.095	DE_EDDF	TN_DTTA
40.503	51.011	DE_EDDF	TN_DTTJ
105.306	149.977	DE_EDDF	TR_LTAC
216.437	266.459	DE_EDDF	TR_LTAI
314.541	463.698	DE_EDDF	TR_LTBA
76.545	107.305	DE_EDDF	TR_LTBJ
64.082	111.82	DE_EDDF	UA_UKKK
924.348	1449.927	DE_EDDF	UK_EG90
88.332	170.424	DE_EDDF	UK_EGBB
141.663	241.349	DE_EDDF	UK_EGCC
313.287	389.965	DE_EDDF	US_KA90
239.958	294.691	DE_EDDF	US_KA91
223.357	274.766	DE_EDDF	US_KATL
156.267	189.858	DE_EDDF	US_KBOS
128.626	164.997	DE_EDDF	US_KCVG
155.303	171.749	DE_EDDF	US_KD90
143.24	168.494	DE_EDDF	US_KDFW
516.958	629.777	DE_EDDF	US_KJFK
225.126	282.502	DE_EDDF	US_KLAX
64.523	77.207	DE_EDDF	US_KPHL
59.277	71.608	DE_EDDF	US_KPIT
126.138	140.164	DE_EDDF	US_KSFO
171.744	207.048	DE_EDDF	US_KZMA
179.884	226.157	DE_EDDF	ZA_FAJS
75.206	132.636	DE_EDDG	DE_EDDF
32.532	64.24	DE_EDDG	DE_EDDI
44.465	78.364	DE_EDDG	DE_EDDM
11.763	20.764	DE_EDDG	DE_EDDP
13.534	56.674	DE_EDDG	DE_EDLW
12.543	15.35	DE_EDDG	EL_LGIR
16.494	20.239	DE_EDDG	ES_GCFV
25.667	31.927	DE_EDDG	ES_GCLP
20.49	28.766	DE_EDDG	ES_GCRR
8.394	10.446	DE_EDDG	ES_GCXO
10.085	13.103	DE_EDDG	ES_LEIB
116.61	134.527	DE_EDDG	ES_LEPA
25.471	30.808	DE_EDDG	TR_LTAI
12.083	16.038	DE_EDDG	TR_LTBA
11.644	24.891	DE_EDDG	UK_EG90
41.61	67.389	DE_EDDH	AT_LOWW
71.959	119.073	DE_EDDH	BE_EBBR
76.855	176.107	DE_EDDH	CH_LSZH
609.869	842.357	DE_EDDH	DE_EDDF
136.337	196.262	DE_EDDH	DE_EDDK
209.228	331.257	DE_EDDH	DE_EDDL
481.829	864.871	DE_EDDH	DE_EDDM
41.508	71.808	DE_EDDH	DE_EDDN
168.603	231.059	DE_EDDH	DE_EDDS
88.649	175.164	DE_EDDH	DE_EDDT
41.055	85.56	DE_EDDH	DE_EDVV
88.168	163.035	DE_EDDH	DK_EK90
50.367	58.047	DE_EDDH	ES_GCFV
94.134	113.12	DE_EDDH	ES_GCLP
48.005	56.961	DE_EDDH	ES_GCRR
59.098	71.217	DE_EDDH	ES_GCXO
38.024	44.828	DE_EDDH	ES_LEMG
236.052	266.482	DE_EDDH	ES_LEPA
59.506	143.663	DE_EDDH	FI_EFHF
158.524	309.678	DE_EDDH	FR_LF90
45.718	84.134	DE_EDDH	IT_LI91
124.432	175.561	DE_EDDH	NL_EHAM
37.836	70.032	DE_EDDH	NO_ENFB
44.909	55.57	DE_EDDH	PT_LPFR
112.938	133.785	DE_EDDH	TR_LTAI
69.557	100.578	DE_EDDH	TR_LTBA
293.666	502.732	DE_EDDH	UK_EG90
61.209	105.64	DE_EDDI	BE_EBBR
14.023	33.935	DE_EDDI	CH_LSZM
45.431	71.38	DE_EDDI	DE_EDDF
32.78	63.485	DE_EDDI	DE_EDDG
54.149	103.91	DE_EDDI	DE_EDDN
24.042	44.983	DE_EDDI	DE_EDDR
33.102	64.881	DE_EDDI	DE_EDLW
22.018	49.409	DE_EDDI	DE_EDMA
12.124	24.974	DE_EDDI	DE_EDNY
52.01	68.396	DE_EDDI	DK_EK90
12.539	23.964	DE_EDDI	FR_LFST
38.575	73.268	DE_EDDK	CH_LSZH
50.91	94.646	DE_EDDK	DE_EDDC
162.361	286.198	DE_EDDK	DE_EDDF
131.277	202.709	DE_EDDK	DE_EDDH
343.317	693.574	DE_EDDK	DE_EDDM
52.272	98.971	DE_EDDK	DE_EDDP
418.092	717.707	DE_EDDK	DE_EDDT
42.333	49.597	DE_EDDK	ES_GCLP
185.208	212.265	DE_EDDK	ES_LEPA
87.436	175.926	DE_EDDK	FR_LF90
73.431	92.621	DE_EDDK	TR_LTAI
104.702	148.505	DE_EDDK	TR_LTBA
158.418	264.419	DE_EDDK	UK_EG90
92.175	200.426	DE_EDDL	AT_LOWW
59.093	141.459	DE_EDDL	BE_EBBR
116.73	259.692	DE_EDDL	CH_LSZH
69.992	117.025	DE_EDDL	DE_EDDC
309.615	465.814	DE_EDDL	DE_EDDF
218.098	361.082	DE_EDDL	DE_EDDH
656.422	1163.503	DE_EDDL	DE_EDDM
67.564	128.543	DE_EDDL	DE_EDDN
82.357	152.507	DE_EDDL	DE_EDDP
141.473	222.843	DE_EDDL	DE_EDDS
403.447	745.159	DE_EDDL	DE_EDDT
97.096	168.188	DE_EDDL	DK_EK90
48.582	56.92	DE_EDDL	DO_MD99
39.9	46.266	DE_EDDL	DO_MDPP
77.278	91.646	DE_EDDL	EL_LGIR
52.852	64.486	DE_EDDL	EL_LGRD
88.893	120.545	DE_EDDL	EL_LGTS
112.179	129.452	DE_EDDL	ES_GCFV
177.336	210.629	DE_EDDL	ES_GCLP
91.512	108.253	DE_EDDL	ES_GCRR
117.484	140.374	DE_EDDL	ES_GCXO
62.535	70.499	DE_EDDL	ES_LEAL
37.211	49.449	DE_EDDL	ES_LEAM
77.85	126.388	DE_EDDL	ES_LEBL
101.987	119.585	DE_EDDL	ES_LEIB
44.016	81.725	DE_EDDL	ES_LEMD
90.268	110.674	DE_EDDL	ES_LEMG
647.059	738.177	DE_EDDL	ES_LEPA
48.951	85.656	DE_EDDL	FI_EFHF
181.169	362.014	DE_EDDL	FR_LF90
52.752	81.229	DE_EDDL	IE_EIDW
54.884	93.954	DE_EDDL	IT_LI90
120.092	256.923	DE_EDDL	IT_LI91
86.471	138.373	DE_EDDL	NL_EHAM
93.807	118.624	DE_EDDL	PT_LPFR
43.973	83.27	DE_EDDL	RU_UU90
95.153	114.272	DE_EDDL	TN_DTMB
58.664	77.894	DE_EDDL	TR_LTAC
301.323	361.57	DE_EDDL	TR_LTAI
197.243	260.753	DE_EDDL	TR_LTBA
62.639	84.094	DE_EDDL	TR_LTBJ
57.305	69.084	DE_EDDL	TR_LTBS
376.317	625.75	DE_EDDL	UK_EG90
100.443	183.925	DE_EDDL	UK_EGBB
81.744	174.687	DE_EDDL	UK_EGCC
56.155	74.093	DE_EDDL	US_KA90
143.359	177.352	DE_EDDL	US_KJFK
147.332	299.273	DE_EDDM	AT_LOWW
116.023	245.788	DE_EDDM	BE_EBBR
41.309	89.276	DE_EDDM	CH_LSGG
130.642	315.716	DE_EDDM	CH_LSZH
86.546	154.79	DE_EDDM	DE_EDDC
621.639	890.664	DE_EDDM	DE_EDDF
46.276	78.723	DE_EDDM	DE_EDDG
478.881	868.55	DE_EDDM	DE_EDDH
348.37	688.374	DE_EDDM	DE_EDDK
660.269	1177.556	DE_EDDM	DE_EDDL
77.15	156.117	DE_EDDM	DE_EDDP
63.45	129.828	DE_EDDM	DE_EDDS
535.791	871.361	DE_EDDM	DE_EDDT
88.996	139.265	DE_EDDM	DE_EDDW
38.081	71.54	DE_EDDM	DE_EDLP
68.619	134.5	DE_EDDM	DE_EDLW
164.39	284.763	DE_EDDM	DE_EDVV
91.559	149.234	DE_EDDM	DK_EK90
35.765	49.562	DE_EDDM	EG_HEGN
111.837	157.178	DE_EDDM	EL_LGAT
80.31	93.812	DE_EDDM	EL_LGIR
101.963	140.855	DE_EDDM	EL_LGTS
40.507	48.952	DE_EDDM	ES_GCFV
74.716	89.649	DE_EDDM	ES_GCLP
65.685	77.807	DE_EDDM	ES_GCXO
98.189	153.545	DE_EDDM	ES_LEBL
37.186	43.789	DE_EDDM	ES_LEIB
78.241	138.11	DE_EDDM	ES_LEMD
181.805	220.829	DE_EDDM	ES_LEPA
287.261	504.328	DE_EDDM	FR_LF90
38.965	75.695	DE_EDDM	FR_LFLL
52.018	98.119	DE_EDDM	FR_LFMN
76.415	146.756	DE_EDDM	HU_LHBP
75.226	111.099	DE_EDDM	IL_LLBG
126.998	223.727	DE_EDDM	IT_LI90
100.529	189.404	DE_EDDM	IT_LI91
62.634	89.137	DE_EDDM	IT_LIRQ
164.114	235.271	DE_EDDM	NL_EHAM
40.842	83.821	DE_EDDM	PL_EPWA
41.343	52.561	DE_EDDM	PT_LPFR
62.015	86.016	DE_EDDM	PT_LPPT
47.117	81.501	DE_EDDM	RU_UU90
47.449	79.025	DE_EDDM	SE_ESCN
40.742	54.223	DE_EDDM	TH_VTBD
57.547	71.27	DE_EDDM	TN_DTMB
146.681	183.959	DE_EDDM	TR_LTAI
173.069	274.837	DE_EDDM	TR_LTBA
42.807	67.269	DE_EDDM	TR_LTBJ
518.854	835.109	DE_EDDM	UK_EG90
49.052	75.109	DE_EDDM	UK_EGBB
39.394	61.23	DE_EDDM	UK_EGCC
67.118	82.32	DE_EDDM	US_KA90
66.6	79.546	DE_EDDM	US_KATL
110.921	140.743	DE_EDDM	US_KJFK
57.84	72.03	DE_EDDM	US_KPHL
48.893	53.03	DE_EDDM	US_KSFO
11.568	26.193	DE_EDDN	AT_LOWW
23.748	56.046	DE_EDDN	CH_LSZH
11.765	25.259	DE_EDDN	DE_EDDC
174.686	282.672	DE_EDDN	DE_EDDF
36.251	70.998	DE_EDDN	DE_EDDH
55.17	103.864	DE_EDDN	DE_EDDI
30.073	71.825	DE_EDDN	DE_EDDK
71.912	130.694	DE_EDDN	DE_EDDL
9.054	17.695	DE_EDDN	DE_EDDM
46.874	81.522	DE_EDDN	DE_EDDT
12.202	25.777	DE_EDDN	DE_EDLW
33.508	39.797	DE_EDDN	EL_LGIR
13.314	16.556	DE_EDDN	EL_LGRD
11.331	14.606	DE_EDDN	EL_LGTS
15.878	20.199	DE_EDDN	ES_GCFV
32.696	40.915	DE_EDDN	ES_GCLP
23.473	29.499	DE_EDDN	ES_GCRR
26.698	33.566	DE_EDDN	ES_GCXO
79.757	95.104	DE_EDDN	ES_LEPA
46.206	101.635	DE_EDDN	FR_LF90
12.12	15.107	DE_EDDN	MA_GMAA
46.326	73.159	DE_EDDN	NL_EHAM
13.222	19.146	DE_EDDN	PT_LPFR
26.771	33.469	DE_EDDN	TN_DTMB
10.998	14.197	DE_EDDN	TN_DTTJ
73.142	91.32	DE_EDDN	TR_LTAI
47.787	66.64	DE_EDDN	TR_LTBA
16.88	23.676	DE_EDDN	TR_LTBS
26.461	37.422	DE_EDDN	UK_EG90
16.215	21.371	DE_EDDP	BG_LBBG
12.963	17.876	DE_EDDP	BG_LBWN
12.748	27.714	DE_EDDP	DE_EDDB
17.65	50.963	DE_EDDP	DE_EDDC
150.164	265.62	DE_EDDP	DE_EDDF
8.863	15.098	DE_EDDP	DE_EDDG
28.136	58.836	DE_EDDP	DE_EDDH
54.001	100.227	DE_EDDP	DE_EDDK
78.554	158.148	DE_EDDP	DE_EDDL
80.582	158.937	DE_EDDP	DE_EDDM
42.144	91.914	DE_EDDP	DE_EDDS
26.416	72.776	DE_EDDP	DE_EDVV
9.601	13.454	DE_EDDP	EG_HEGN
30.394	36.551	DE_EDDP	EL_LGIR
11.678	14.517	DE_EDDP	EL_LGRD
10.672	13.958	DE_EDDP	EL_LGTS
12.892	16.821	DE_EDDP	ES_GCFV
30.964	40.704	DE_EDDP	ES_GCLP
13.048	17.256	DE_EDDP	ES_GCRR
24.403	29.507	DE_EDDP	ES_GCXO
10.708	13.424	DE_EDDP	ES_LEIB
86.169	110.139	DE_EDDP	ES_LEPA
16.394	19.914	DE_EDDP	MT_LMML
19.211	24.587	DE_EDDP	PT_LPFR
37.24	46.12	DE_EDDP	TN_DTMB
105.134	132.469	DE_EDDP	TR_LTAI
16.59	22.136	DE_EDDP	TR_LTBS
12.42	36.866	DE_EDDR	DE_EDDH
23.873	50.934	DE_EDDR	DE_EDDI
18.139	33.396	DE_EDDR	DE_EDDM
8.127	10.696	DE_EDDR	ES_GCLP
58.292	68.853	DE_EDDR	ES_LEPA
15.21	40.126	DE_EDDR	LU_ELLX
11.789	15.045	DE_EDDR	TR_LTAI
41.196	76.042	DE_EDDS	AT_LOWW
69.724	125.737	DE_EDDS	BE_EBBR
62.543	165.225	DE_EDDS	CH_LSZH
57.962	104.164	DE_EDDS	DE_EDDC
196.369	309.966	DE_EDDS	DE_EDDF
161.162	226.479	DE_EDDS	DE_EDDH
133.978	218.18	DE_EDDS	DE_EDDL
73.526	141.794	DE_EDDS	DE_EDDM
43.386	102.831	DE_EDDS	DE_EDDP
332.835	558.213	DE_EDDS	DE_EDDT
41.947	57.221	DE_EDDS	DE_EDDW
52.655	93.872	DE_EDDS	DE_EDVV
56.583	102.218	DE_EDDS	DK_EK90
58.963	67.906	DE_EDDS	EL_LGIR
100.439	162.79	DE_EDDS	EL_LGTS
46.472	55.68	DE_EDDS	ES_GCFV
62.203	72.217	DE_EDDS	ES_GCLP
52.335	59.086	DE_EDDS	ES_GCXO
41.755	62.337	DE_EDDS	ES_LEBL
184.604	214.056	DE_EDDS	ES_LEPA
132.93	261.181	DE_EDDS	FR_LF90
57.722	121.858	DE_EDDS	IT_LI91
98.942	156.88	DE_EDDS	NL_EHAM
56.494	71.627	DE_EDDS	TN_DTMB
144.058	177.128	DE_EDDS	TR_LTAI
136.054	182.728	DE_EDDS	TR_LTBA
40.884	56.286	DE_EDDS	TR_LTBJ
161.735	214.093	DE_EDDS	UK_EG90
38.773	50.897	DE_EDDS	US_KATL
62.189	115.203	DE_EDDT	AT_LOWW
97.636	189.561	DE_EDDT	CH_LSZH
656.468	966.095	DE_EDDT	DE_EDDF
91.65	175.077	DE_EDDT	DE_EDDH
414.711	700.666	DE_EDDT	DE_EDDK
395.918	716.534	DE_EDDT	DE_EDDL
539.867	882.365	DE_EDDT	DE_EDDM
47.307	83.969	DE_EDDT	DE_EDDN
332.996	563.895	DE_EDDT	DE_EDDS
100.328	114.534	DE_EDDT	ES_LEPA
164.048	267.869	DE_EDDT	FR_LF90
46.973	93.467	DE_EDDT	IT_LI91
121.545	169.889	DE_EDDT	NL_EHAM
86.519	108.417	DE_EDDT	TR_LTAI
87.664	115.978	DE_EDDT	TR_LTBA
260.36	435.036	DE_EDDT	UK_EG90
59.643	76.397	DE_EDDT	US_KJFK
189.486	264.636	DE_EDDW	DE_EDDF
90.116	142.352	DE_EDDW	DE_EDDM
42.221	59.116	DE_EDDW	DE_EDDS
36.341	69.37	DE_EDDW	DE_EDDT
12.342	15.263	DE_EDDW	EL_LGIR
13.861	17.29	DE_EDDW	ES_GCFV
31.352	38.557	DE_EDDW	ES_GCLP
11.868	15.214	DE_EDDW	ES_GCRR
19.573	24.518	DE_EDDW	ES_GCXO
97.33	115.158	DE_EDDW	ES_LEPA
13.218	27.76	DE_EDDW	FR_LF90
56.597	79.765	DE_EDDW	NL_EHAM
17.204	20.746	DE_EDDW	TR_LTAI
51.353	89.294	DE_EDDW	UK_EG90
52.075	88.445	DE_EDVV	BE_EBBR
44.209	87.774	DE_EDVV	CH_LSZH
233.36	366.625	DE_EDVV	DE_EDDF
36.018	78.156	DE_EDVV	DE_EDDH
162.335	287.33	DE_EDVV	DE_EDDM
18.613	62.261	DE_EDVV	DE_EDDP
53.736	95.995	DE_EDVV	DE_EDDS
43.796	61.865	DE_EDVV	DK_EK90
34.52	39.556	DE_EDVV	EL_LGIR
18.998	22.964	DE_EDVV	EL_LGRD
51.904	60.262	DE_EDVV	ES_GCFV
78.436	94.267	DE_EDVV	ES_GCLP
48.518	57.736	DE_EDVV	ES_GCRR
53.248	65.268	DE_EDVV	ES_GCXO
28.138	59.828	DE_EDVV	ES_LEBL
24.04	29.871	DE_EDVV	ES_LEIB
25.415	30.473	DE_EDVV	ES_LEMG
232.808	268.463	DE_EDVV	ES_LEPA
78.068	162.971	DE_EDVV	FR_LF90
20.625	38.633	DE_EDVV	KZ_UA99
17.643	41.847	DE_EDVV	KZ_UAAA
59.458	89.92	DE_EDVV	NL_EHAM
35.885	43.824	DE_EDVV	PT_LPFR
6.365	41.217	DE_EDVV	RU_ULLI
2.918	6.35	DE_EDVV	RU_UU90
41.063	47.428	DE_EDVV	TN_DTMB
22.779	33.15	DE_EDVV	TR_LTAC
132.971	161.05	DE_EDVV	TR_LTAI
95.81	136.927	DE_EDVV	TR_LTBA
29.806	40.517	DE_EDVV	TR_LTBJ
27.113	35.928	DE_EDVV	TR_LTBS
149.266	225.486	DE_EDVV	UK_EG90
46.055	78.398	DE_EDDF_RS	ME_LYBE
100.304	:	DK_EKCH	AT_LO99
187.127	:	DK_EKCH	BE_EB99
165.932	:	DK_EKCH	CH_LS99
36.011	:	DK_EKCH	CN_ZB99
56.199	:	DK_EKCH	CZ_LK99
658.932	:	DK_EKCH	DE_ED99
1367.363	:	DK_EKCH	DK_EK99
37.859	:	DK_EKCH	EE_EE99
214.769	:	DK_EKCH	EL_LG99
111.406	:	DK_EKCH	ES_GC99
223.172	:	DK_EKCH	ES_LE99
205.022	:	DK_EKCH	FI_EF99
311.443	:	DK_EKCH	FR_LF99
40.548	:	DK_EKCH	GL_BG99
39.603	:	DK_EKCH	HK_VH99
49.669	:	DK_EKCH	HU_LH99
71.344	:	DK_EKCH	IE_EI99
55.299	:	DK_EKCH	IL_LL99
107.806	:	DK_EKCH	IS_BI99
274.67	:	DK_EKCH	IT_LI99
45.271	:	DK_EKCH	JP_RJ99
50.606	:	DK_EKCH	LV_EV99
214.907	:	DK_EKCH	NL_EH99
823.837	:	DK_EKCH	NO_EN99
97.632	:	DK_EKCH	PL_EP99
73.036	:	DK_EKCH	PT_LP99
31.765	:	DK_EKCH	RU_UU99
1182.2	:	DK_EKCH	SE_ES99
96.98	:	DK_EKCH	TH_VT99
112.261	:	DK_EKCH	TR_LT99
763.169	:	DK_EKCH	UK_EG99
261.94	:	DK_EKCH	US_K999
21.594	25.739	PT_LPAZ	DO_MDPP
2.811	3.032	PT_LPAZ	ES_LEMD
21.518	29.794	PT_LPAZ	PT_LPPD
34.811	42.508	PT_LPFR	BE_EBBR
25.834	31.428	PT_LPFR	CH_LSZH
22.377	29.199	PT_LPFR	DE_EDDB
80.539	100.809	PT_LPFR	DE_EDDF
47.19	56.319	PT_LPFR	DE_EDDH
97.164	118.285	PT_LPFR	DE_EDDL
43.972	55.609	PT_LPFR	DE_EDDM
34.996	42.259	PT_LPFR	DE_EDDS
38.622	47.677	PT_LPFR	DE_EDVV
30.958	32.445	PT_LPFR	FI_EFHK
48.971	56.296	PT_LPFR	IE_EIDW
143.28	163.129	PT_LPFR	NL_EHAM
97.733	167.03	PT_LPFR	PT_LPPT
69.102	74.158	PT_LPFR	UK_EGBB
208.714	226.555	PT_LPFR	UK_EGCC
24.885	26.409	PT_LPFR	UK_EGGD
39.079	49.018	PT_LPFR	UK_EGGG
36.384	40.059	PT_LPFR	UK_EGGW
300.486	338.592	PT_LPFR	UK_EGKK
28.46	30.335	PT_LPFR	UK_EGNT
31.713	34.923	PT_LPFR	UK_EGNX
46.218	50.412	PT_LPFR	UK_EGPF
30.02	32.217	PT_LPFR	UK_EGSS
7.924	15.364	PT_LPHR	PT_LPFL
32.167	49.916	PT_LPHR	PT_LPLA
9.651	13.394	PT_LPHR	PT_LPPD
18.156	24.227	PT_LPHR	PT_LPPT
8.489	10.597	PT_LPPD	CA_CYYZ
21.705	30.163	PT_LPPD	PT_LPAZ
60.685	85.017	PT_LPPD	PT_LPLA
109.847	153.072	PT_LPPD	PT_LPPT
21.003	26.929	PT_LPPD	US_KBOS
30.373	46.624	PT_LPPR	BE_EBBR
25.997	38.996	PT_LPPR	BR_SBGL
20.885	28.808	PT_LPPR	BR_SBGR
8.673	11.002	PT_LPPR	CA_CYYZ
27.781	39.651	PT_LPPR	CH_LSGG
57.066	92.543	PT_LPPR	CH_LSZH
60.668	103.332	PT_LPPR	DE_EDDF
19.097	35.732	PT_LPPR	ES_LEBL
50.397	110.751	PT_LPPR	ES_LEMD
15.683	19.012	PT_LPPR	ES_LEPA
78.666	113.944	PT_LPPR	FR_LFPG
142.781	192.932	PT_LPPR	FR_LFPO
21.417	31.738	PT_LPPR	IT_LIML
11.289	18.821	PT_LPPR	IT_LIPE
19.427	26.353	PT_LPPR	LU_ELLX
66.03	82.346	PT_LPPR	NL_EHAM
38.593	58.526	PT_LPPR	PT_LPFU
350.1	630.018	PT_LPPR	PT_LPPT
14.035	22.771	PT_LPPR	UK_EGCC
37.443	56.654	PT_LPPR	UK_EGGG
42.945	71.149	PT_LPPR	UK_EGKK
59.399	74.217	PT_LPPT	AO_FNLU
135.642	206.214	PT_LPPT	BE_EBBR
41.482	53.72	PT_LPPT	BR_SBGR
53.023	83.976	PT_LPPT	CH_LSGG
81.146	118.54	PT_LPPT	CH_LSZH
137.212	200.272	PT_LPPT	DE_EDDF
60.158	82.684	PT_LPPT	DE_EDDM
47.361	64.695	PT_LPPT	DK_EKCH
111.903	205.27	PT_LPPT	ES_LEBL
236.781	428.397	PT_LPPT	ES_LEMD
163.187	247.703	PT_LPPT	FR_LFPG
178.77	234.452	PT_LPPT	FR_LFPO
54.351	79.122	PT_LPPT	IT_LIML
82.949	119.544	PT_LPPT	IT_LIRF
72.865	90.39	PT_LPPT	NL_EHAM
91.618	160.086	PT_LPPT	PT_LPFR
311.98	440.271	PT_LPPT	PT_LPFU
52.155	80.03	PT_LPPT	PT_LPLA
110.775	156.751	PT_LPPT	PT_LPPD
363.787	633.352	PT_LPPT	PT_LPPR
296.07	399.389	PT_LPPT	UK_EGGG
47.857	81.16	PT_LPPT	UK_EGKK
79.044	108.368	PT_LPPT	US_KEWR
68.584	85.32	PT_LPPT	US_KJFK
124.662	:	BE_EBBR	AT_LOWW
116.339	:	BE_EBBR	CH_LSGG
129.576	:	BE_EBBR	CH_LSZH
44.836	:	BE_EBBR	CZ_LKPR
73.463	:	BE_EBBR	DE_EDDB
230.241	:	BE_EBBR	DE_EDDF
74.028	:	BE_EBBR	DE_EDDH
57.427	:	BE_EBBR	DE_EDDL
113.636	:	BE_EBBR	DE_EDDM
57.298	:	BE_EBBR	DE_EDDS
49.836	:	BE_EBBR	DE_EDDV
190.704	:	BE_EBBR	DK_EKCH
91.889	:	BE_EBBR	EL_LGAT
56.056	:	BE_EBBR	EL_LGIR
42.668	:	BE_EBBR	ES_GCLP
122.193	:	BE_EBBR	ES_GCTS
112.23	:	BE_EBBR	ES_LEAL
48.246	:	BE_EBBR	ES_LEAM
50.681	:	BE_EBBR	ES_LEBB
184.407	:	BE_EBBR	ES_LEBL
248.534	:	BE_EBBR	ES_LEMD
124.71	:	BE_EBBR	ES_LEMG
100.153	:	BE_EBBR	ES_LEPA
76.023	:	BE_EBBR	FI_EFHK
42.05	:	BE_EBBR	FR_LFBD
66.604	:	BE_EBBR	FR_LFLL
46.469	:	BE_EBBR	FR_LFML
137.37	:	BE_EBBR	FR_LFMN
223.514	:	BE_EBBR	FR_LFPG
42.17	:	BE_EBBR	FR_LFST
55.144	:	BE_EBBR	HU_LHBP
80.987	:	BE_EBBR	IE_EIDW
57.434	:	BE_EBBR	IL_LLBG
213.656	:	BE_EBBR	IT_LIMC
47.359	:	BE_EBBR	IT_LIPE
64.932	:	BE_EBBR	IT_LIPZ
251.545	:	BE_EBBR	IT_LIRF
65.849	:	BE_EBBR	IT_LIRQ
43.816	:	BE_EBBR	JP_RJAA
48.563	:	BE_EBBR	MA_GMMN
144.528	:	BE_EBBR	NL_EHAM
80.422	:	BE_EBBR	NO_ENFB
42.846	:	BE_EBBR	PL_EPWA
120.795	:	BE_EBBR	PT_LPPT
64.645	:	BE_EBBR	SE_ESGG
131.808	:	BE_EBBR	SE_ESSA
64.705	:	BE_EBBR	TN_DTMB
37.284	:	BE_EBBR	TR_LTAI
121.679	:	BE_EBBR	TR_LTBA
68.898	:	BE_EBBR	TR_LTBJ
76.905	:	BE_EBBR	UK_EGBB
25.402	:	BE_EBBR	UK_EGCC
686.466	:	BE_EBBR	UK_EGLL
47.816	:	BE_EBBR	UK_EGNT
51.182	:	BE_EBBR	UK_EGPF
45.386	:	BE_EBBR	UK_EGPH
69.026	:	BE_EBBR	US_KATL
47.637	:	BE_EBBR	US_KBOS
191.118	:	BE_EBBR	US_KJFK
92.898	:	BE_EBBR	US_KORD
52.677	:	BE_EBBR	ZA_FAJS
142.494	:	SE_ESDB	SE_ESSA
19.585	:	SE_ESDB	SE_ESSB
86.996	:	SE_ESDF	SE_ESSA
65.332	:	SE_ESGG	BE_EBBR
20.301	:	SE_ESGG	CH_LSZH
19.567	:	SE_ESGG	CY_LCLK
51.644	:	SE_ESGG	DE_EDDF
11.983	:	SE_ESGG	DE_EDDM
202.33	:	SE_ESGG	DK_EKCH
12.215	:	SE_ESGG	EL_LGAT
20.133	:	SE_ESGG	EL_LGIR
13.534	:	SE_ESGG	EL_LGKO
17.928	:	SE_ESGG	EL_LGRP
21.817	:	SE_ESGG	EL_LGSA
46.491	:	SE_ESGG	ES_GCLP
28.206	:	SE_ESGG	ES_GCTS
10.851	:	SE_ESGG	ES_LEMG
31.148	:	SE_ESGG	ES_LEPA
34.611	:	SE_ESGG	FI_EFHK
35.886	:	SE_ESGG	FR_LFPG
94.486	:	SE_ESGG	NL_EHAM
66.602	:	SE_ESGG	NO_ENFB
356.751	:	SE_ESGG	SE_ESSA
170.603	:	SE_ESGG	SE_ESSB
19.963	:	SE_ESGG	TR_LTAI
34.415	:	SE_ESGG	UK_EGKK
129.109	:	SE_ESGG	UK_EGLL
16.243	:	SE_ESGG	UK_EGSS
36.173	:	SE_ESGJ	DK_EKCH
63.742	:	SE_ESGJ	SE_ESSA
19.27	:	SE_ESMQ	DK_EKCH
81.177	:	SE_ESMQ	SE_ESSA
6.956	:	SE_ESMQ	TR_LTAI
19.77	:	SE_ESMS	CY_LCLK
10.76	:	SE_ESMS	EL_LGIR
12.386	:	SE_ESMS	EL_LGRP
16.024	:	SE_ESMS	EL_LGSA
34.443	:	SE_ESMS	ES_GCLP
16.03	:	SE_ESMS	ES_GCTS
28.469	:	SE_ESMS	ES_LEPA
37.228	:	SE_ESMS	NL_EHAM
290.127	:	SE_ESMS	SE_ESSA
190.909	:	SE_ESMS	SE_ESSB
16.18	:	SE_ESMS	TR_LTAI
21.74	:	SE_ESMS	UK_EGLC
6.624	:	SE_ESMT	SE_ESGJ
64.25	:	SE_ESMT	SE_ESSA
9.34	:	SE_ESNN	SE_ESPA
205.999	:	SE_ESNN	SE_ESSA
102.087	:	SE_ESNS	SE_ESSA
276.155	:	SE_ESNU	SE_ESSA
8.597	:	SE_ESPA	EL_LGIR
8.697	:	SE_ESPA	ES_GCLP
9.745	:	SE_ESPA	SE_ESNN
7.558	:	SE_ESPA	SE_ESNQ
359.303	:	SE_ESPA	SE_ESSA
182.747	:	SE_ESPC	SE_ESSA
61.341	:	SE_ESSA	AT_LOWW
129.844	:	SE_ESSA	BE_EBBR
98.023	:	SE_ESSA	CH_LSZH
45.224	:	SE_ESSA	CY_LCLK
153.293	:	SE_ESSA	DE_EDDF
49.357	:	SE_ESSA	DE_EDDM
547.136	:	SE_ESSA	DK_EKCH
39.169	:	SE_ESSA	EE_EETN
45.342	:	SE_ESSA	EL_LGIR
89.047	:	SE_ESSA	ES_GCLP
51.478	:	SE_ESSA	ES_GCTS
65.048	:	SE_ESSA	ES_LEPA
350.276	:	SE_ESSA	FI_EFHK
71.081	:	SE_ESSA	FI_EFTU
44.493	:	SE_ESSA	FI_EFVA
181.88	:	SE_ESSA	FR_LFPG
68.953	:	SE_ESSA	IT_LIML
184.728	:	SE_ESSA	NL_EHAM
436.057	:	SE_ESSA	NO_ENFB
54.137	:	SE_ESSA	RU_UUEE
142.603	:	SE_ESSA	SE_ESDB
86.033	:	SE_ESSA	SE_ESDF
362.694	:	SE_ESSA	SE_ESGG
73.066	:	SE_ESSA	SE_ESGJ
58.965	:	SE_ESSA	SE_ESMK
82.92	:	SE_ESSA	SE_ESMQ
294.091	:	SE_ESSA	SE_ESMS
65.78	:	SE_ESSA	SE_ESMT
74.049	:	SE_ESSA	SE_ESMX
211.858	:	SE_ESSA	SE_ESNN
62.292	:	SE_ESSA	SE_ESNO
41.985	:	SE_ESSA	SE_ESNQ
101.801	:	SE_ESSA	SE_ESNS
295.207	:	SE_ESSA	SE_ESNU
357.425	:	SE_ESSA	SE_ESPA
179.346	:	SE_ESSA	SE_ESPC
86.075	:	SE_ESSA	SE_ESSQ
80.053	:	SE_ESSA	SE_ESSV
40.097	:	SE_ESSA	TH_VTBD
41.796	:	SE_ESSA	TR_LTAI
111.531	:	SE_ESSA	UK_EGKK
395.547	:	SE_ESSA	UK_EGLL
45.168	:	SE_ESSA	UK_EGSS
66.646	:	SE_ESSA	US_KEWR
60.671	:	SE_ESSA	US_KORD
19.604	:	SE_ESSB	SE_ESDB
167.743	:	SE_ESSB	SE_ESGG
16.321	:	SE_ESSB	SE_ESGT
191.138	:	SE_ESSB	SE_ESMS
48.933	:	SE_ESSB	SE_ESSV
67.325	:	SE_ESSP	DK_EKCH
6.31	:	SE_ESSP	ES_LEPA
8.625	:	SE_ESSP	SE_ESSA
9.212	:	SE_ESSP	SE_ESSV
24.13	:	SE_ESSQ	DK_EKCH
85.236	:	SE_ESSQ	SE_ESSA
81.287	:	SE_ESSV	SE_ESSA
50.548	:	SE_ESSV	SE_ESSB
9.521	:	SE_ESSV	SE_ESSP
34.409	:	LU_ELLX	BE_EBBR
14.117	:	LU_ELLX	CH_LSGG
27.796	:	LU_ELLX	CH_LSZH
75.704	:	LU_ELLX	DE_EDDF
17.157	:	LU_ELLX	DE_EDDR
23.227	:	LU_ELLX	DK_EKCH
12.71	:	LU_ELLX	ES_GCLP
16.82	:	LU_ELLX	ES_GCTS
12.395	:	LU_ELLX	ES_LEMG
48.748	:	LU_ELLX	ES_LEPA
41.171	:	LU_ELLX	FR_LFPG
47.718	:	LU_ELLX	IS_BIKF
10.098	:	LU_ELLX	IT_LIME
10.613	:	LU_ELLX	IT_LIRF
30.18	:	LU_ELLX	NL_EHAM
24.753	:	LU_ELLX	PT_LPPR
12.135	:	LU_ELLX	PT_LPPT
17.586	:	LU_ELLX	TN_DTMB
16.462	:	LU_ELLX	UK_EGKK
61.726	:	LU_ELLX	UK_EGLL
12.65	:	LU_ELLX	UK_EGSS
